[0.146s] DEBUG:colcon:Command line arguments: ['/usr/bin/colcon', 'build']
[0.146s] DEBUG:colcon:Parsed command line arguments: Namespace(log_base=None, log_level=None, verb_name='build', build_base='build', install_base='install', merge_install=False, symlink_install=False, test_result_base=None, continue_on_error=False, executor='parallel', parallel_workers=4, event_handlers=None, ignore_user_meta=False, metas=['./colcon.meta'], base_paths=['.'], packages_ignore=None, packages_ignore_regex=None, paths=None, packages_up_to=None, packages_up_to_regex=None, packages_above=None, packages_above_and_dependencies=None, packages_above_depth=None, packages_select_by_dep=None, packages_skip_by_dep=None, packages_skip_up_to=None, packages_select_build_failed=False, packages_skip_build_finished=False, packages_select_test_failures=False, packages_skip_test_passed=False, packages_select=None, packages_skip=None, packages_select_regex=None, packages_skip_regex=None, packages_start=None, packages_end=None, allow_overriding=[], cmake_args=None, cmake_target=None, cmake_target_skip_unavailable=False, cmake_clean_cache=False, cmake_clean_first=False, cmake_force_configure=False, ament_cmake_args=None, catkin_cmake_args=None, catkin_skip_building_tests=False, mixin_files=None, mixin=None, verb_parser=<colcon_mixin.mixin.mixin_argument.MixinArgumentDecorator object at 0xffff8299c620>, verb_extension=<colcon_core.verb.build.BuildVerb object at 0xffff82b58470>, main=<bound method BuildVerb.main of <colcon_core.verb.build.BuildVerb object at 0xffff82b58470>>, mixin_verb=('build',))
[0.201s] Level 1:colcon.colcon_core.package_discovery:discover_packages(colcon_meta) check parameters
[0.201s] Level 1:colcon.colcon_core.package_discovery:discover_packages(recursive) check parameters
[0.201s] Level 1:colcon.colcon_core.package_discovery:discover_packages(ignore) check parameters
[0.202s] Level 1:colcon.colcon_core.package_discovery:discover_packages(path) check parameters
[0.202s] Level 1:colcon.colcon_core.package_discovery:discover_packages(colcon_meta) discover
[0.202s] Level 1:colcon.colcon_core.package_discovery:discover_packages(recursive) discover
[0.202s] INFO:colcon.colcon_core.package_discovery:Crawling recursively for packages in '/home/jaygee/PicoWCar'
[0.202s] Level 1:colcon.colcon_core.package_identification:_identify(.) by extensions ['ignore', 'ignore_ament_install']
[0.202s] Level 1:colcon.colcon_core.package_identification:_identify(.) by extension 'ignore'
[0.202s] Level 1:colcon.colcon_core.package_identification:_identify(.) by extension 'ignore_ament_install'
[0.202s] Level 1:colcon.colcon_core.package_identification:_identify(.) by extensions ['colcon_pkg']
[0.202s] Level 1:colcon.colcon_core.package_identification:_identify(.) by extension 'colcon_pkg'
[0.202s] Level 1:colcon.colcon_core.package_identification:_identify(.) by extensions ['colcon_meta']
[0.202s] Level 1:colcon.colcon_core.package_identification:_identify(.) by extension 'colcon_meta'
[0.202s] Level 1:colcon.colcon_core.package_identification:_identify(.) by extensions ['ros']
[0.202s] Level 1:colcon.colcon_core.package_identification:_identify(.) by extension 'ros'
[0.240s] Level 1:colcon.colcon_core.package_identification:_identify(.) by extensions ['cmake', 'python']
[0.240s] Level 1:colcon.colcon_core.package_identification:_identify(.) by extension 'cmake'
[0.240s] Level 1:colcon.colcon_core.package_identification:_identify(.) by extension 'python'
[0.240s] Level 1:colcon.colcon_core.package_identification:_identify(.) by extensions ['python_setup_py']
[0.240s] Level 1:colcon.colcon_core.package_identification:_identify(.) by extension 'python_setup_py'
[0.240s] Level 1:colcon.colcon_core.package_identification:_identify(build) by extensions ['ignore', 'ignore_ament_install']
[0.240s] Level 1:colcon.colcon_core.package_identification:_identify(build) by extension 'ignore'
[0.240s] Level 1:colcon.colcon_core.package_identification:_identify(build) ignored
[0.240s] Level 1:colcon.colcon_core.package_identification:_identify(docker) by extensions ['ignore', 'ignore_ament_install']
[0.241s] Level 1:colcon.colcon_core.package_identification:_identify(docker) by extension 'ignore'
[0.241s] Level 1:colcon.colcon_core.package_identification:_identify(docker) by extension 'ignore_ament_install'
[0.241s] Level 1:colcon.colcon_core.package_identification:_identify(docker) by extensions ['colcon_pkg']
[0.241s] Level 1:colcon.colcon_core.package_identification:_identify(docker) by extension 'colcon_pkg'
[0.241s] Level 1:colcon.colcon_core.package_identification:_identify(docker) by extensions ['colcon_meta']
[0.241s] Level 1:colcon.colcon_core.package_identification:_identify(docker) by extension 'colcon_meta'
[0.241s] Level 1:colcon.colcon_core.package_identification:_identify(docker) by extensions ['ros']
[0.241s] Level 1:colcon.colcon_core.package_identification:_identify(docker) by extension 'ros'
[0.241s] Level 1:colcon.colcon_core.package_identification:_identify(docker) by extensions ['cmake', 'python']
[0.241s] Level 1:colcon.colcon_core.package_identification:_identify(docker) by extension 'cmake'
[0.241s] Level 1:colcon.colcon_core.package_identification:_identify(docker) by extension 'python'
[0.241s] Level 1:colcon.colcon_core.package_identification:_identify(docker) by extensions ['python_setup_py']
[0.241s] Level 1:colcon.colcon_core.package_identification:_identify(docker) by extension 'python_setup_py'
[0.241s] Level 1:colcon.colcon_core.package_identification:_identify(docs) by extensions ['ignore', 'ignore_ament_install']
[0.241s] Level 1:colcon.colcon_core.package_identification:_identify(docs) by extension 'ignore'
[0.241s] Level 1:colcon.colcon_core.package_identification:_identify(docs) by extension 'ignore_ament_install'
[0.242s] Level 1:colcon.colcon_core.package_identification:_identify(docs) by extensions ['colcon_pkg']
[0.242s] Level 1:colcon.colcon_core.package_identification:_identify(docs) by extension 'colcon_pkg'
[0.242s] Level 1:colcon.colcon_core.package_identification:_identify(docs) by extensions ['colcon_meta']
[0.242s] Level 1:colcon.colcon_core.package_identification:_identify(docs) by extension 'colcon_meta'
[0.242s] Level 1:colcon.colcon_core.package_identification:_identify(docs) by extensions ['ros']
[0.242s] Level 1:colcon.colcon_core.package_identification:_identify(docs) by extension 'ros'
[0.242s] Level 1:colcon.colcon_core.package_identification:_identify(docs) by extensions ['cmake', 'python']
[0.242s] Level 1:colcon.colcon_core.package_identification:_identify(docs) by extension 'cmake'
[0.242s] Level 1:colcon.colcon_core.package_identification:_identify(docs) by extension 'python'
[0.242s] Level 1:colcon.colcon_core.package_identification:_identify(docs) by extensions ['python_setup_py']
[0.242s] Level 1:colcon.colcon_core.package_identification:_identify(docs) by extension 'python_setup_py'
[0.242s] Level 1:colcon.colcon_core.package_identification:_identify(docs/ArduinoMega) by extensions ['ignore', 'ignore_ament_install']
[0.242s] Level 1:colcon.colcon_core.package_identification:_identify(docs/ArduinoMega) by extension 'ignore'
[0.242s] Level 1:colcon.colcon_core.package_identification:_identify(docs/ArduinoMega) by extension 'ignore_ament_install'
[0.242s] Level 1:colcon.colcon_core.package_identification:_identify(docs/ArduinoMega) by extensions ['colcon_pkg']
[0.242s] Level 1:colcon.colcon_core.package_identification:_identify(docs/ArduinoMega) by extension 'colcon_pkg'
[0.242s] Level 1:colcon.colcon_core.package_identification:_identify(docs/ArduinoMega) by extensions ['colcon_meta']
[0.242s] Level 1:colcon.colcon_core.package_identification:_identify(docs/ArduinoMega) by extension 'colcon_meta'
[0.242s] Level 1:colcon.colcon_core.package_identification:_identify(docs/ArduinoMega) by extensions ['ros']
[0.242s] Level 1:colcon.colcon_core.package_identification:_identify(docs/ArduinoMega) by extension 'ros'
[0.243s] Level 1:colcon.colcon_core.package_identification:_identify(docs/ArduinoMega) by extensions ['cmake', 'python']
[0.243s] Level 1:colcon.colcon_core.package_identification:_identify(docs/ArduinoMega) by extension 'cmake'
[0.243s] Level 1:colcon.colcon_core.package_identification:_identify(docs/ArduinoMega) by extension 'python'
[0.243s] Level 1:colcon.colcon_core.package_identification:_identify(docs/ArduinoMega) by extensions ['python_setup_py']
[0.243s] Level 1:colcon.colcon_core.package_identification:_identify(docs/ArduinoMega) by extension 'python_setup_py'
[0.243s] Level 1:colcon.colcon_core.package_identification:_identify(docs/RPi Pico) by extensions ['ignore', 'ignore_ament_install']
[0.243s] Level 1:colcon.colcon_core.package_identification:_identify(docs/RPi Pico) by extension 'ignore'
[0.243s] Level 1:colcon.colcon_core.package_identification:_identify(docs/RPi Pico) by extension 'ignore_ament_install'
[0.243s] Level 1:colcon.colcon_core.package_identification:_identify(docs/RPi Pico) by extensions ['colcon_pkg']
[0.243s] Level 1:colcon.colcon_core.package_identification:_identify(docs/RPi Pico) by extension 'colcon_pkg'
[0.243s] Level 1:colcon.colcon_core.package_identification:_identify(docs/RPi Pico) by extensions ['colcon_meta']
[0.243s] Level 1:colcon.colcon_core.package_identification:_identify(docs/RPi Pico) by extension 'colcon_meta'
[0.243s] Level 1:colcon.colcon_core.package_identification:_identify(docs/RPi Pico) by extensions ['ros']
[0.243s] Level 1:colcon.colcon_core.package_identification:_identify(docs/RPi Pico) by extension 'ros'
[0.243s] Level 1:colcon.colcon_core.package_identification:_identify(docs/RPi Pico) by extensions ['cmake', 'python']
[0.243s] Level 1:colcon.colcon_core.package_identification:_identify(docs/RPi Pico) by extension 'cmake'
[0.243s] Level 1:colcon.colcon_core.package_identification:_identify(docs/RPi Pico) by extension 'python'
[0.243s] Level 1:colcon.colcon_core.package_identification:_identify(docs/RPi Pico) by extensions ['python_setup_py']
[0.243s] Level 1:colcon.colcon_core.package_identification:_identify(docs/RPi Pico) by extension 'python_setup_py'
[0.243s] Level 1:colcon.colcon_core.package_identification:_identify(docs/WifiUdp) by extensions ['ignore', 'ignore_ament_install']
[0.244s] Level 1:colcon.colcon_core.package_identification:_identify(docs/WifiUdp) by extension 'ignore'
[0.244s] Level 1:colcon.colcon_core.package_identification:_identify(docs/WifiUdp) by extension 'ignore_ament_install'
[0.244s] Level 1:colcon.colcon_core.package_identification:_identify(docs/WifiUdp) by extensions ['colcon_pkg']
[0.244s] Level 1:colcon.colcon_core.package_identification:_identify(docs/WifiUdp) by extension 'colcon_pkg'
[0.244s] Level 1:colcon.colcon_core.package_identification:_identify(docs/WifiUdp) by extensions ['colcon_meta']
[0.244s] Level 1:colcon.colcon_core.package_identification:_identify(docs/WifiUdp) by extension 'colcon_meta'
[0.244s] Level 1:colcon.colcon_core.package_identification:_identify(docs/WifiUdp) by extensions ['ros']
[0.244s] Level 1:colcon.colcon_core.package_identification:_identify(docs/WifiUdp) by extension 'ros'
[0.244s] Level 1:colcon.colcon_core.package_identification:_identify(docs/WifiUdp) by extensions ['cmake', 'python']
[0.244s] Level 1:colcon.colcon_core.package_identification:_identify(docs/WifiUdp) by extension 'cmake'
[0.244s] Level 1:colcon.colcon_core.package_identification:_identify(docs/WifiUdp) by extension 'python'
[0.244s] Level 1:colcon.colcon_core.package_identification:_identify(docs/WifiUdp) by extensions ['python_setup_py']
[0.244s] Level 1:colcon.colcon_core.package_identification:_identify(docs/WifiUdp) by extension 'python_setup_py'
[0.244s] Level 1:colcon.colcon_core.package_identification:_identify(docs/designs) by extensions ['ignore', 'ignore_ament_install']
[0.244s] Level 1:colcon.colcon_core.package_identification:_identify(docs/designs) by extension 'ignore'
[0.244s] Level 1:colcon.colcon_core.package_identification:_identify(docs/designs) by extension 'ignore_ament_install'
[0.244s] Level 1:colcon.colcon_core.package_identification:_identify(docs/designs) by extensions ['colcon_pkg']
[0.244s] Level 1:colcon.colcon_core.package_identification:_identify(docs/designs) by extension 'colcon_pkg'
[0.244s] Level 1:colcon.colcon_core.package_identification:_identify(docs/designs) by extensions ['colcon_meta']
[0.245s] Level 1:colcon.colcon_core.package_identification:_identify(docs/designs) by extension 'colcon_meta'
[0.245s] Level 1:colcon.colcon_core.package_identification:_identify(docs/designs) by extensions ['ros']
[0.245s] Level 1:colcon.colcon_core.package_identification:_identify(docs/designs) by extension 'ros'
[0.245s] Level 1:colcon.colcon_core.package_identification:_identify(docs/designs) by extensions ['cmake', 'python']
[0.245s] Level 1:colcon.colcon_core.package_identification:_identify(docs/designs) by extension 'cmake'
[0.245s] Level 1:colcon.colcon_core.package_identification:_identify(docs/designs) by extension 'python'
[0.245s] Level 1:colcon.colcon_core.package_identification:_identify(docs/designs) by extensions ['python_setup_py']
[0.245s] Level 1:colcon.colcon_core.package_identification:_identify(docs/designs) by extension 'python_setup_py'
[0.245s] Level 1:colcon.colcon_core.package_identification:_identify(docs/designs/picowCar) by extensions ['ignore', 'ignore_ament_install']
[0.245s] Level 1:colcon.colcon_core.package_identification:_identify(docs/designs/picowCar) by extension 'ignore'
[0.245s] Level 1:colcon.colcon_core.package_identification:_identify(docs/designs/picowCar) by extension 'ignore_ament_install'
[0.245s] Level 1:colcon.colcon_core.package_identification:_identify(docs/designs/picowCar) by extensions ['colcon_pkg']
[0.245s] Level 1:colcon.colcon_core.package_identification:_identify(docs/designs/picowCar) by extension 'colcon_pkg'
[0.245s] Level 1:colcon.colcon_core.package_identification:_identify(docs/designs/picowCar) by extensions ['colcon_meta']
[0.245s] Level 1:colcon.colcon_core.package_identification:_identify(docs/designs/picowCar) by extension 'colcon_meta'
[0.245s] Level 1:colcon.colcon_core.package_identification:_identify(docs/designs/picowCar) by extensions ['ros']
[0.245s] Level 1:colcon.colcon_core.package_identification:_identify(docs/designs/picowCar) by extension 'ros'
[0.245s] Level 1:colcon.colcon_core.package_identification:_identify(docs/designs/picowCar) by extensions ['cmake', 'python']
[0.245s] Level 1:colcon.colcon_core.package_identification:_identify(docs/designs/picowCar) by extension 'cmake'
[0.245s] Level 1:colcon.colcon_core.package_identification:_identify(docs/designs/picowCar) by extension 'python'
[0.246s] Level 1:colcon.colcon_core.package_identification:_identify(docs/designs/picowCar) by extensions ['python_setup_py']
[0.246s] Level 1:colcon.colcon_core.package_identification:_identify(docs/designs/picowCar) by extension 'python_setup_py'
[0.246s] Level 1:colcon.colcon_core.package_identification:_identify(docs/designs/picowCar/picowCar-backups) by extensions ['ignore', 'ignore_ament_install']
[0.246s] Level 1:colcon.colcon_core.package_identification:_identify(docs/designs/picowCar/picowCar-backups) by extension 'ignore'
[0.246s] Level 1:colcon.colcon_core.package_identification:_identify(docs/designs/picowCar/picowCar-backups) by extension 'ignore_ament_install'
[0.246s] Level 1:colcon.colcon_core.package_identification:_identify(docs/designs/picowCar/picowCar-backups) by extensions ['colcon_pkg']
[0.246s] Level 1:colcon.colcon_core.package_identification:_identify(docs/designs/picowCar/picowCar-backups) by extension 'colcon_pkg'
[0.246s] Level 1:colcon.colcon_core.package_identification:_identify(docs/designs/picowCar/picowCar-backups) by extensions ['colcon_meta']
[0.246s] Level 1:colcon.colcon_core.package_identification:_identify(docs/designs/picowCar/picowCar-backups) by extension 'colcon_meta'
[0.246s] Level 1:colcon.colcon_core.package_identification:_identify(docs/designs/picowCar/picowCar-backups) by extensions ['ros']
[0.246s] Level 1:colcon.colcon_core.package_identification:_identify(docs/designs/picowCar/picowCar-backups) by extension 'ros'
[0.246s] Level 1:colcon.colcon_core.package_identification:_identify(docs/designs/picowCar/picowCar-backups) by extensions ['cmake', 'python']
[0.246s] Level 1:colcon.colcon_core.package_identification:_identify(docs/designs/picowCar/picowCar-backups) by extension 'cmake'
[0.246s] Level 1:colcon.colcon_core.package_identification:_identify(docs/designs/picowCar/picowCar-backups) by extension 'python'
[0.246s] Level 1:colcon.colcon_core.package_identification:_identify(docs/designs/picowCar/picowCar-backups) by extensions ['python_setup_py']
[0.246s] Level 1:colcon.colcon_core.package_identification:_identify(docs/designs/picowCar/picowCar-backups) by extension 'python_setup_py'
[0.246s] Level 1:colcon.colcon_core.package_identification:_identify(docs/designs/wiring) by extensions ['ignore', 'ignore_ament_install']
[0.246s] Level 1:colcon.colcon_core.package_identification:_identify(docs/designs/wiring) by extension 'ignore'
[0.247s] Level 1:colcon.colcon_core.package_identification:_identify(docs/designs/wiring) by extension 'ignore_ament_install'
[0.247s] Level 1:colcon.colcon_core.package_identification:_identify(docs/designs/wiring) by extensions ['colcon_pkg']
[0.247s] Level 1:colcon.colcon_core.package_identification:_identify(docs/designs/wiring) by extension 'colcon_pkg'
[0.247s] Level 1:colcon.colcon_core.package_identification:_identify(docs/designs/wiring) by extensions ['colcon_meta']
[0.247s] Level 1:colcon.colcon_core.package_identification:_identify(docs/designs/wiring) by extension 'colcon_meta'
[0.247s] Level 1:colcon.colcon_core.package_identification:_identify(docs/designs/wiring) by extensions ['ros']
[0.247s] Level 1:colcon.colcon_core.package_identification:_identify(docs/designs/wiring) by extension 'ros'
[0.247s] Level 1:colcon.colcon_core.package_identification:_identify(docs/designs/wiring) by extensions ['cmake', 'python']
[0.247s] Level 1:colcon.colcon_core.package_identification:_identify(docs/designs/wiring) by extension 'cmake'
[0.247s] Level 1:colcon.colcon_core.package_identification:_identify(docs/designs/wiring) by extension 'python'
[0.247s] Level 1:colcon.colcon_core.package_identification:_identify(docs/designs/wiring) by extensions ['python_setup_py']
[0.247s] Level 1:colcon.colcon_core.package_identification:_identify(docs/designs/wiring) by extension 'python_setup_py'
[0.247s] Level 1:colcon.colcon_core.package_identification:_identify(docs/diagrams) by extensions ['ignore', 'ignore_ament_install']
[0.247s] Level 1:colcon.colcon_core.package_identification:_identify(docs/diagrams) by extension 'ignore'
[0.247s] Level 1:colcon.colcon_core.package_identification:_identify(docs/diagrams) by extension 'ignore_ament_install'
[0.247s] Level 1:colcon.colcon_core.package_identification:_identify(docs/diagrams) by extensions ['colcon_pkg']
[0.247s] Level 1:colcon.colcon_core.package_identification:_identify(docs/diagrams) by extension 'colcon_pkg'
[0.247s] Level 1:colcon.colcon_core.package_identification:_identify(docs/diagrams) by extensions ['colcon_meta']
[0.247s] Level 1:colcon.colcon_core.package_identification:_identify(docs/diagrams) by extension 'colcon_meta'
[0.247s] Level 1:colcon.colcon_core.package_identification:_identify(docs/diagrams) by extensions ['ros']
[0.247s] Level 1:colcon.colcon_core.package_identification:_identify(docs/diagrams) by extension 'ros'
[0.248s] Level 1:colcon.colcon_core.package_identification:_identify(docs/diagrams) by extensions ['cmake', 'python']
[0.248s] Level 1:colcon.colcon_core.package_identification:_identify(docs/diagrams) by extension 'cmake'
[0.248s] Level 1:colcon.colcon_core.package_identification:_identify(docs/diagrams) by extension 'python'
[0.248s] Level 1:colcon.colcon_core.package_identification:_identify(docs/diagrams) by extensions ['python_setup_py']
[0.248s] Level 1:colcon.colcon_core.package_identification:_identify(docs/diagrams) by extension 'python_setup_py'
[0.248s] Level 1:colcon.colcon_core.package_identification:_identify(docs/pi5_nodes) by extensions ['ignore', 'ignore_ament_install']
[0.248s] Level 1:colcon.colcon_core.package_identification:_identify(docs/pi5_nodes) by extension 'ignore'
[0.248s] Level 1:colcon.colcon_core.package_identification:_identify(docs/pi5_nodes) by extension 'ignore_ament_install'
[0.248s] Level 1:colcon.colcon_core.package_identification:_identify(docs/pi5_nodes) by extensions ['colcon_pkg']
[0.248s] Level 1:colcon.colcon_core.package_identification:_identify(docs/pi5_nodes) by extension 'colcon_pkg'
[0.248s] Level 1:colcon.colcon_core.package_identification:_identify(docs/pi5_nodes) by extensions ['colcon_meta']
[0.248s] Level 1:colcon.colcon_core.package_identification:_identify(docs/pi5_nodes) by extension 'colcon_meta'
[0.248s] Level 1:colcon.colcon_core.package_identification:_identify(docs/pi5_nodes) by extensions ['ros']
[0.248s] Level 1:colcon.colcon_core.package_identification:_identify(docs/pi5_nodes) by extension 'ros'
[0.248s] Level 1:colcon.colcon_core.package_identification:_identify(docs/pi5_nodes) by extensions ['cmake', 'python']
[0.248s] Level 1:colcon.colcon_core.package_identification:_identify(docs/pi5_nodes) by extension 'cmake'
[0.248s] Level 1:colcon.colcon_core.package_identification:_identify(docs/pi5_nodes) by extension 'python'
[0.248s] Level 1:colcon.colcon_core.package_identification:_identify(docs/pi5_nodes) by extensions ['python_setup_py']
[0.248s] Level 1:colcon.colcon_core.package_identification:_identify(docs/pi5_nodes) by extension 'python_setup_py'
[0.249s] Level 1:colcon.colcon_core.package_identification:_identify(docs/pi5_nodes/archive) by extensions ['ignore', 'ignore_ament_install']
[0.249s] Level 1:colcon.colcon_core.package_identification:_identify(docs/pi5_nodes/archive) by extension 'ignore'
[0.249s] Level 1:colcon.colcon_core.package_identification:_identify(docs/pi5_nodes/archive) by extension 'ignore_ament_install'
[0.249s] Level 1:colcon.colcon_core.package_identification:_identify(docs/pi5_nodes/archive) by extensions ['colcon_pkg']
[0.249s] Level 1:colcon.colcon_core.package_identification:_identify(docs/pi5_nodes/archive) by extension 'colcon_pkg'
[0.249s] Level 1:colcon.colcon_core.package_identification:_identify(docs/pi5_nodes/archive) by extensions ['colcon_meta']
[0.249s] Level 1:colcon.colcon_core.package_identification:_identify(docs/pi5_nodes/archive) by extension 'colcon_meta'
[0.249s] Level 1:colcon.colcon_core.package_identification:_identify(docs/pi5_nodes/archive) by extensions ['ros']
[0.249s] Level 1:colcon.colcon_core.package_identification:_identify(docs/pi5_nodes/archive) by extension 'ros'
[0.249s] Level 1:colcon.colcon_core.package_identification:_identify(docs/pi5_nodes/archive) by extensions ['cmake', 'python']
[0.249s] Level 1:colcon.colcon_core.package_identification:_identify(docs/pi5_nodes/archive) by extension 'cmake'
[0.249s] Level 1:colcon.colcon_core.package_identification:_identify(docs/pi5_nodes/archive) by extension 'python'
[0.249s] Level 1:colcon.colcon_core.package_identification:_identify(docs/pi5_nodes/archive) by extensions ['python_setup_py']
[0.249s] Level 1:colcon.colcon_core.package_identification:_identify(docs/pi5_nodes/archive) by extension 'python_setup_py'
[0.249s] Level 1:colcon.colcon_core.package_identification:_identify(docs/pi5_nodes/archive/data_fusion_node) by extensions ['ignore', 'ignore_ament_install']
[0.249s] Level 1:colcon.colcon_core.package_identification:_identify(docs/pi5_nodes/archive/data_fusion_node) by extension 'ignore'
[0.249s] Level 1:colcon.colcon_core.package_identification:_identify(docs/pi5_nodes/archive/data_fusion_node) by extension 'ignore_ament_install'
[0.250s] Level 1:colcon.colcon_core.package_identification:_identify(docs/pi5_nodes/archive/data_fusion_node) by extensions ['colcon_pkg']
[0.250s] Level 1:colcon.colcon_core.package_identification:_identify(docs/pi5_nodes/archive/data_fusion_node) by extension 'colcon_pkg'
[0.250s] Level 1:colcon.colcon_core.package_identification:_identify(docs/pi5_nodes/archive/data_fusion_node) by extensions ['colcon_meta']
[0.250s] Level 1:colcon.colcon_core.package_identification:_identify(docs/pi5_nodes/archive/data_fusion_node) by extension 'colcon_meta'
[0.250s] Level 1:colcon.colcon_core.package_identification:_identify(docs/pi5_nodes/archive/data_fusion_node) by extensions ['ros']
[0.250s] Level 1:colcon.colcon_core.package_identification:_identify(docs/pi5_nodes/archive/data_fusion_node) by extension 'ros'
[0.250s] Level 1:colcon.colcon_core.package_identification:_identify(docs/pi5_nodes/archive/data_fusion_node) by extensions ['cmake', 'python']
[0.250s] Level 1:colcon.colcon_core.package_identification:_identify(docs/pi5_nodes/archive/data_fusion_node) by extension 'cmake'
[0.250s] Level 1:colcon.colcon_core.package_identification:_identify(docs/pi5_nodes/archive/data_fusion_node) by extension 'python'
[0.250s] Level 1:colcon.colcon_core.package_identification:_identify(docs/pi5_nodes/archive/data_fusion_node) by extensions ['python_setup_py']
[0.250s] Level 1:colcon.colcon_core.package_identification:_identify(docs/pi5_nodes/archive/data_fusion_node) by extension 'python_setup_py'
[0.250s] Level 1:colcon.colcon_core.package_identification:_identify(docs/pi5_nodes/archive/navigation_node) by extensions ['ignore', 'ignore_ament_install']
[0.250s] Level 1:colcon.colcon_core.package_identification:_identify(docs/pi5_nodes/archive/navigation_node) by extension 'ignore'
[0.250s] Level 1:colcon.colcon_core.package_identification:_identify(docs/pi5_nodes/archive/navigation_node) by extension 'ignore_ament_install'
[0.250s] Level 1:colcon.colcon_core.package_identification:_identify(docs/pi5_nodes/archive/navigation_node) by extensions ['colcon_pkg']
[0.250s] Level 1:colcon.colcon_core.package_identification:_identify(docs/pi5_nodes/archive/navigation_node) by extension 'colcon_pkg'
[0.250s] Level 1:colcon.colcon_core.package_identification:_identify(docs/pi5_nodes/archive/navigation_node) by extensions ['colcon_meta']
[0.250s] Level 1:colcon.colcon_core.package_identification:_identify(docs/pi5_nodes/archive/navigation_node) by extension 'colcon_meta'
[0.250s] Level 1:colcon.colcon_core.package_identification:_identify(docs/pi5_nodes/archive/navigation_node) by extensions ['ros']
[0.250s] Level 1:colcon.colcon_core.package_identification:_identify(docs/pi5_nodes/archive/navigation_node) by extension 'ros'
[0.251s] Level 1:colcon.colcon_core.package_identification:_identify(docs/pi5_nodes/archive/navigation_node) by extensions ['cmake', 'python']
[0.251s] Level 1:colcon.colcon_core.package_identification:_identify(docs/pi5_nodes/archive/navigation_node) by extension 'cmake'
[0.251s] Level 1:colcon.colcon_core.package_identification:_identify(docs/pi5_nodes/archive/navigation_node) by extension 'python'
[0.251s] Level 1:colcon.colcon_core.package_identification:_identify(docs/pi5_nodes/archive/navigation_node) by extensions ['python_setup_py']
[0.251s] Level 1:colcon.colcon_core.package_identification:_identify(docs/pi5_nodes/archive/navigation_node) by extension 'python_setup_py'
[0.251s] Level 1:colcon.colcon_core.package_identification:_identify(docs/pi5_nodes/archive/pi_camera_node0) by extensions ['ignore', 'ignore_ament_install']
[0.251s] Level 1:colcon.colcon_core.package_identification:_identify(docs/pi5_nodes/archive/pi_camera_node0) by extension 'ignore'
[0.251s] Level 1:colcon.colcon_core.package_identification:_identify(docs/pi5_nodes/archive/pi_camera_node0) by extension 'ignore_ament_install'
[0.251s] Level 1:colcon.colcon_core.package_identification:_identify(docs/pi5_nodes/archive/pi_camera_node0) by extensions ['colcon_pkg']
[0.251s] Level 1:colcon.colcon_core.package_identification:_identify(docs/pi5_nodes/archive/pi_camera_node0) by extension 'colcon_pkg'
[0.251s] Level 1:colcon.colcon_core.package_identification:_identify(docs/pi5_nodes/archive/pi_camera_node0) by extensions ['colcon_meta']
[0.251s] Level 1:colcon.colcon_core.package_identification:_identify(docs/pi5_nodes/archive/pi_camera_node0) by extension 'colcon_meta'
[0.251s] Level 1:colcon.colcon_core.package_identification:_identify(docs/pi5_nodes/archive/pi_camera_node0) by extensions ['ros']
[0.251s] Level 1:colcon.colcon_core.package_identification:_identify(docs/pi5_nodes/archive/pi_camera_node0) by extension 'ros'
[0.251s] Level 1:colcon.colcon_core.package_identification:_identify(docs/pi5_nodes/archive/pi_camera_node0) by extensions ['cmake', 'python']
[0.251s] Level 1:colcon.colcon_core.package_identification:_identify(docs/pi5_nodes/archive/pi_camera_node0) by extension 'cmake'
[0.251s] Level 1:colcon.colcon_core.package_identification:_identify(docs/pi5_nodes/archive/pi_camera_node0) by extension 'python'
[0.251s] Level 1:colcon.colcon_core.package_identification:_identify(docs/pi5_nodes/archive/pi_camera_node0) by extensions ['python_setup_py']
[0.251s] Level 1:colcon.colcon_core.package_identification:_identify(docs/pi5_nodes/archive/pi_camera_node0) by extension 'python_setup_py'
[0.252s] Level 1:colcon.colcon_core.package_identification:_identify(docs/pi5_nodes/archive/pico_control_node0) by extensions ['ignore', 'ignore_ament_install']
[0.252s] Level 1:colcon.colcon_core.package_identification:_identify(docs/pi5_nodes/archive/pico_control_node0) by extension 'ignore'
[0.252s] Level 1:colcon.colcon_core.package_identification:_identify(docs/pi5_nodes/archive/pico_control_node0) by extension 'ignore_ament_install'
[0.252s] Level 1:colcon.colcon_core.package_identification:_identify(docs/pi5_nodes/archive/pico_control_node0) by extensions ['colcon_pkg']
[0.252s] Level 1:colcon.colcon_core.package_identification:_identify(docs/pi5_nodes/archive/pico_control_node0) by extension 'colcon_pkg'
[0.252s] Level 1:colcon.colcon_core.package_identification:_identify(docs/pi5_nodes/archive/pico_control_node0) by extensions ['colcon_meta']
[0.252s] Level 1:colcon.colcon_core.package_identification:_identify(docs/pi5_nodes/archive/pico_control_node0) by extension 'colcon_meta'
[0.252s] Level 1:colcon.colcon_core.package_identification:_identify(docs/pi5_nodes/archive/pico_control_node0) by extensions ['ros']
[0.252s] Level 1:colcon.colcon_core.package_identification:_identify(docs/pi5_nodes/archive/pico_control_node0) by extension 'ros'
[0.252s] Level 1:colcon.colcon_core.package_identification:_identify(docs/pi5_nodes/archive/pico_control_node0) by extensions ['cmake', 'python']
[0.252s] Level 1:colcon.colcon_core.package_identification:_identify(docs/pi5_nodes/archive/pico_control_node0) by extension 'cmake'
[0.252s] Level 1:colcon.colcon_core.package_identification:_identify(docs/pi5_nodes/archive/pico_control_node0) by extension 'python'
[0.252s] Level 1:colcon.colcon_core.package_identification:_identify(docs/pi5_nodes/archive/pico_control_node0) by extensions ['python_setup_py']
[0.252s] Level 1:colcon.colcon_core.package_identification:_identify(docs/pi5_nodes/archive/pico_control_node0) by extension 'python_setup_py'
[0.252s] Level 1:colcon.colcon_core.package_identification:_identify(docs/pi5_nodes/archive/pico_sensors_node0) by extensions ['ignore', 'ignore_ament_install']
[0.252s] Level 1:colcon.colcon_core.package_identification:_identify(docs/pi5_nodes/archive/pico_sensors_node0) by extension 'ignore'
[0.252s] Level 1:colcon.colcon_core.package_identification:_identify(docs/pi5_nodes/archive/pico_sensors_node0) by extension 'ignore_ament_install'
[0.252s] Level 1:colcon.colcon_core.package_identification:_identify(docs/pi5_nodes/archive/pico_sensors_node0) by extensions ['colcon_pkg']
[0.252s] Level 1:colcon.colcon_core.package_identification:_identify(docs/pi5_nodes/archive/pico_sensors_node0) by extension 'colcon_pkg'
[0.253s] Level 1:colcon.colcon_core.package_identification:_identify(docs/pi5_nodes/archive/pico_sensors_node0) by extensions ['colcon_meta']
[0.253s] Level 1:colcon.colcon_core.package_identification:_identify(docs/pi5_nodes/archive/pico_sensors_node0) by extension 'colcon_meta'
[0.253s] Level 1:colcon.colcon_core.package_identification:_identify(docs/pi5_nodes/archive/pico_sensors_node0) by extensions ['ros']
[0.253s] Level 1:colcon.colcon_core.package_identification:_identify(docs/pi5_nodes/archive/pico_sensors_node0) by extension 'ros'
[0.253s] Level 1:colcon.colcon_core.package_identification:_identify(docs/pi5_nodes/archive/pico_sensors_node0) by extensions ['cmake', 'python']
[0.253s] Level 1:colcon.colcon_core.package_identification:_identify(docs/pi5_nodes/archive/pico_sensors_node0) by extension 'cmake'
[0.253s] Level 1:colcon.colcon_core.package_identification:_identify(docs/pi5_nodes/archive/pico_sensors_node0) by extension 'python'
[0.253s] Level 1:colcon.colcon_core.package_identification:_identify(docs/pi5_nodes/archive/pico_sensors_node0) by extensions ['python_setup_py']
[0.253s] Level 1:colcon.colcon_core.package_identification:_identify(docs/pi5_nodes/archive/pico_sensors_node0) by extension 'python_setup_py'
[0.253s] Level 1:colcon.colcon_core.package_identification:_identify(docs/pi5_nodes/archive/web_server_node0) by extensions ['ignore', 'ignore_ament_install']
[0.253s] Level 1:colcon.colcon_core.package_identification:_identify(docs/pi5_nodes/archive/web_server_node0) by extension 'ignore'
[0.253s] Level 1:colcon.colcon_core.package_identification:_identify(docs/pi5_nodes/archive/web_server_node0) by extension 'ignore_ament_install'
[0.253s] Level 1:colcon.colcon_core.package_identification:_identify(docs/pi5_nodes/archive/web_server_node0) by extensions ['colcon_pkg']
[0.253s] Level 1:colcon.colcon_core.package_identification:_identify(docs/pi5_nodes/archive/web_server_node0) by extension 'colcon_pkg'
[0.253s] Level 1:colcon.colcon_core.package_identification:_identify(docs/pi5_nodes/archive/web_server_node0) by extensions ['colcon_meta']
[0.253s] Level 1:colcon.colcon_core.package_identification:_identify(docs/pi5_nodes/archive/web_server_node0) by extension 'colcon_meta'
[0.253s] Level 1:colcon.colcon_core.package_identification:_identify(docs/pi5_nodes/archive/web_server_node0) by extensions ['ros']
[0.253s] Level 1:colcon.colcon_core.package_identification:_identify(docs/pi5_nodes/archive/web_server_node0) by extension 'ros'
[0.253s] Level 1:colcon.colcon_core.package_identification:_identify(docs/pi5_nodes/archive/web_server_node0) by extensions ['cmake', 'python']
[0.253s] Level 1:colcon.colcon_core.package_identification:_identify(docs/pi5_nodes/archive/web_server_node0) by extension 'cmake'
[0.254s] Level 1:colcon.colcon_core.package_identification:_identify(docs/pi5_nodes/archive/web_server_node0) by extension 'python'
[0.254s] Level 1:colcon.colcon_core.package_identification:_identify(docs/pi5_nodes/archive/web_server_node0) by extensions ['python_setup_py']
[0.254s] Level 1:colcon.colcon_core.package_identification:_identify(docs/pi5_nodes/archive/web_server_node0) by extension 'python_setup_py'
[0.254s] Level 1:colcon.colcon_core.package_identification:_identify(docs/pi5_nodes/build) by extensions ['ignore', 'ignore_ament_install']
[0.254s] Level 1:colcon.colcon_core.package_identification:_identify(docs/pi5_nodes/build) by extension 'ignore'
[0.254s] Level 1:colcon.colcon_core.package_identification:_identify(docs/pi5_nodes/build) ignored
[0.254s] Level 1:colcon.colcon_core.package_identification:_identify(docs/pi5_nodes/install) by extensions ['ignore', 'ignore_ament_install']
[0.254s] Level 1:colcon.colcon_core.package_identification:_identify(docs/pi5_nodes/install) by extension 'ignore'
[0.254s] Level 1:colcon.colcon_core.package_identification:_identify(docs/pi5_nodes/install) ignored
[0.254s] Level 1:colcon.colcon_core.package_identification:_identify(docs/pi5_nodes/launch) by extensions ['ignore', 'ignore_ament_install']
[0.254s] Level 1:colcon.colcon_core.package_identification:_identify(docs/pi5_nodes/launch) by extension 'ignore'
[0.254s] Level 1:colcon.colcon_core.package_identification:_identify(docs/pi5_nodes/launch) by extension 'ignore_ament_install'
[0.254s] Level 1:colcon.colcon_core.package_identification:_identify(docs/pi5_nodes/launch) by extensions ['colcon_pkg']
[0.254s] Level 1:colcon.colcon_core.package_identification:_identify(docs/pi5_nodes/launch) by extension 'colcon_pkg'
[0.254s] Level 1:colcon.colcon_core.package_identification:_identify(docs/pi5_nodes/launch) by extensions ['colcon_meta']
[0.254s] Level 1:colcon.colcon_core.package_identification:_identify(docs/pi5_nodes/launch) by extension 'colcon_meta'
[0.255s] Level 1:colcon.colcon_core.package_identification:_identify(docs/pi5_nodes/launch) by extensions ['ros']
[0.255s] Level 1:colcon.colcon_core.package_identification:_identify(docs/pi5_nodes/launch) by extension 'ros'
[0.255s] Level 1:colcon.colcon_core.package_identification:_identify(docs/pi5_nodes/launch) by extensions ['cmake', 'python']
[0.255s] Level 1:colcon.colcon_core.package_identification:_identify(docs/pi5_nodes/launch) by extension 'cmake'
[0.255s] Level 1:colcon.colcon_core.package_identification:_identify(docs/pi5_nodes/launch) by extension 'python'
[0.255s] Level 1:colcon.colcon_core.package_identification:_identify(docs/pi5_nodes/launch) by extensions ['python_setup_py']
[0.255s] Level 1:colcon.colcon_core.package_identification:_identify(docs/pi5_nodes/launch) by extension 'python_setup_py'
[0.255s] Level 1:colcon.colcon_core.package_identification:_identify(docs/pi5_nodes/log) by extensions ['ignore', 'ignore_ament_install']
[0.255s] Level 1:colcon.colcon_core.package_identification:_identify(docs/pi5_nodes/log) by extension 'ignore'
[0.255s] Level 1:colcon.colcon_core.package_identification:_identify(docs/pi5_nodes/log) ignored
[0.255s] Level 1:colcon.colcon_core.package_identification:_identify(docs/pi5_nodes/pi_camera_node) by extensions ['ignore', 'ignore_ament_install']
[0.255s] Level 1:colcon.colcon_core.package_identification:_identify(docs/pi5_nodes/pi_camera_node) by extension 'ignore'
[0.255s] Level 1:colcon.colcon_core.package_identification:_identify(docs/pi5_nodes/pi_camera_node) by extension 'ignore_ament_install'
[0.255s] Level 1:colcon.colcon_core.package_identification:_identify(docs/pi5_nodes/pi_camera_node) by extensions ['colcon_pkg']
[0.255s] Level 1:colcon.colcon_core.package_identification:_identify(docs/pi5_nodes/pi_camera_node) by extension 'colcon_pkg'
[0.255s] Level 1:colcon.colcon_core.package_identification:_identify(docs/pi5_nodes/pi_camera_node) by extensions ['colcon_meta']
[0.255s] Level 1:colcon.colcon_core.package_identification:_identify(docs/pi5_nodes/pi_camera_node) by extension 'colcon_meta'
[0.256s] Level 1:colcon.colcon_core.package_identification:_identify(docs/pi5_nodes/pi_camera_node) by extensions ['ros']
[0.256s] Level 1:colcon.colcon_core.package_identification:_identify(docs/pi5_nodes/pi_camera_node) by extension 'ros'
[0.259s] DEBUG:colcon.colcon_core.package_identification:Package 'docs/pi5_nodes/pi_camera_node' with type 'ros.ament_python' and name 'pi_camera_node'
[0.259s] Level 1:colcon.colcon_core.package_identification:_identify(docs/pi5_nodes/pico_control_node) by extensions ['ignore', 'ignore_ament_install']
[0.259s] Level 1:colcon.colcon_core.package_identification:_identify(docs/pi5_nodes/pico_control_node) by extension 'ignore'
[0.259s] Level 1:colcon.colcon_core.package_identification:_identify(docs/pi5_nodes/pico_control_node) by extension 'ignore_ament_install'
[0.259s] Level 1:colcon.colcon_core.package_identification:_identify(docs/pi5_nodes/pico_control_node) by extensions ['colcon_pkg']
[0.259s] Level 1:colcon.colcon_core.package_identification:_identify(docs/pi5_nodes/pico_control_node) by extension 'colcon_pkg'
[0.259s] Level 1:colcon.colcon_core.package_identification:_identify(docs/pi5_nodes/pico_control_node) by extensions ['colcon_meta']
[0.259s] Level 1:colcon.colcon_core.package_identification:_identify(docs/pi5_nodes/pico_control_node) by extension 'colcon_meta'
[0.259s] Level 1:colcon.colcon_core.package_identification:_identify(docs/pi5_nodes/pico_control_node) by extensions ['ros']
[0.259s] Level 1:colcon.colcon_core.package_identification:_identify(docs/pi5_nodes/pico_control_node) by extension 'ros'
[0.260s] DEBUG:colcon.colcon_core.package_identification:Package 'docs/pi5_nodes/pico_control_node' with type 'ros.ament_python' and name 'pico_control_node'
[0.260s] Level 1:colcon.colcon_core.package_identification:_identify(docs/pi5_nodes/pico_sensors_node) by extensions ['ignore', 'ignore_ament_install']
[0.260s] Level 1:colcon.colcon_core.package_identification:_identify(docs/pi5_nodes/pico_sensors_node) by extension 'ignore'
[0.260s] Level 1:colcon.colcon_core.package_identification:_identify(docs/pi5_nodes/pico_sensors_node) by extension 'ignore_ament_install'
[0.260s] Level 1:colcon.colcon_core.package_identification:_identify(docs/pi5_nodes/pico_sensors_node) by extensions ['colcon_pkg']
[0.260s] Level 1:colcon.colcon_core.package_identification:_identify(docs/pi5_nodes/pico_sensors_node) by extension 'colcon_pkg'
[0.260s] Level 1:colcon.colcon_core.package_identification:_identify(docs/pi5_nodes/pico_sensors_node) by extensions ['colcon_meta']
[0.260s] Level 1:colcon.colcon_core.package_identification:_identify(docs/pi5_nodes/pico_sensors_node) by extension 'colcon_meta'
[0.260s] Level 1:colcon.colcon_core.package_identification:_identify(docs/pi5_nodes/pico_sensors_node) by extensions ['ros']
[0.260s] Level 1:colcon.colcon_core.package_identification:_identify(docs/pi5_nodes/pico_sensors_node) by extension 'ros'
[0.261s] DEBUG:colcon.colcon_core.package_identification:Package 'docs/pi5_nodes/pico_sensors_node' with type 'ros.ament_python' and name 'pico_sensors_node'
[0.261s] Level 1:colcon.colcon_core.package_identification:_identify(docs/pi5_nodes/smolvla_node) by extensions ['ignore', 'ignore_ament_install']
[0.261s] Level 1:colcon.colcon_core.package_identification:_identify(docs/pi5_nodes/smolvla_node) by extension 'ignore'
[0.261s] Level 1:colcon.colcon_core.package_identification:_identify(docs/pi5_nodes/smolvla_node) by extension 'ignore_ament_install'
[0.261s] Level 1:colcon.colcon_core.package_identification:_identify(docs/pi5_nodes/smolvla_node) by extensions ['colcon_pkg']
[0.261s] Level 1:colcon.colcon_core.package_identification:_identify(docs/pi5_nodes/smolvla_node) by extension 'colcon_pkg'
[0.261s] Level 1:colcon.colcon_core.package_identification:_identify(docs/pi5_nodes/smolvla_node) by extensions ['colcon_meta']
[0.261s] Level 1:colcon.colcon_core.package_identification:_identify(docs/pi5_nodes/smolvla_node) by extension 'colcon_meta'
[0.261s] Level 1:colcon.colcon_core.package_identification:_identify(docs/pi5_nodes/smolvla_node) by extensions ['ros']
[0.261s] Level 1:colcon.colcon_core.package_identification:_identify(docs/pi5_nodes/smolvla_node) by extension 'ros'
[0.262s] DEBUG:colcon.colcon_core.package_identification:Package 'docs/pi5_nodes/smolvla_node' with type 'ros.ament_python' and name 'smolvla_node'
[0.262s] Level 1:colcon.colcon_core.package_identification:_identify(docs/pi5_nodes/webserver_node) by extensions ['ignore', 'ignore_ament_install']
[0.262s] Level 1:colcon.colcon_core.package_identification:_identify(docs/pi5_nodes/webserver_node) by extension 'ignore'
[0.262s] Level 1:colcon.colcon_core.package_identification:_identify(docs/pi5_nodes/webserver_node) by extension 'ignore_ament_install'
[0.262s] Level 1:colcon.colcon_core.package_identification:_identify(docs/pi5_nodes/webserver_node) by extensions ['colcon_pkg']
[0.262s] Level 1:colcon.colcon_core.package_identification:_identify(docs/pi5_nodes/webserver_node) by extension 'colcon_pkg'
[0.262s] Level 1:colcon.colcon_core.package_identification:_identify(docs/pi5_nodes/webserver_node) by extensions ['colcon_meta']
[0.262s] Level 1:colcon.colcon_core.package_identification:_identify(docs/pi5_nodes/webserver_node) by extension 'colcon_meta'
[0.262s] Level 1:colcon.colcon_core.package_identification:_identify(docs/pi5_nodes/webserver_node) by extensions ['ros']
[0.263s] Level 1:colcon.colcon_core.package_identification:_identify(docs/pi5_nodes/webserver_node) by extension 'ros'
[0.263s] DEBUG:colcon.colcon_core.package_identification:Package 'docs/pi5_nodes/webserver_node' with type 'ros.ament_python' and name 'webserver_node'
[0.263s] Level 1:colcon.colcon_core.package_identification:_identify(install) by extensions ['ignore', 'ignore_ament_install']
[0.263s] Level 1:colcon.colcon_core.package_identification:_identify(install) by extension 'ignore'
[0.263s] Level 1:colcon.colcon_core.package_identification:_identify(install) ignored
[0.263s] Level 1:colcon.colcon_core.package_identification:_identify(libs) by extensions ['ignore', 'ignore_ament_install']
[0.263s] Level 1:colcon.colcon_core.package_identification:_identify(libs) by extension 'ignore'
[0.263s] Level 1:colcon.colcon_core.package_identification:_identify(libs) by extension 'ignore_ament_install'
[0.264s] Level 1:colcon.colcon_core.package_identification:_identify(libs) by extensions ['colcon_pkg']
[0.264s] Level 1:colcon.colcon_core.package_identification:_identify(libs) by extension 'colcon_pkg'
[0.264s] Level 1:colcon.colcon_core.package_identification:_identify(libs) by extensions ['colcon_meta']
[0.264s] Level 1:colcon.colcon_core.package_identification:_identify(libs) by extension 'colcon_meta'
[0.264s] Level 1:colcon.colcon_core.package_identification:_identify(libs) by extensions ['ros']
[0.264s] Level 1:colcon.colcon_core.package_identification:_identify(libs) by extension 'ros'
[0.264s] Level 1:colcon.colcon_core.package_identification:_identify(libs) by extensions ['cmake', 'python']
[0.264s] Level 1:colcon.colcon_core.package_identification:_identify(libs) by extension 'cmake'
[0.264s] Level 1:colcon.colcon_core.package_identification:_identify(libs) by extension 'python'
[0.264s] Level 1:colcon.colcon_core.package_identification:_identify(libs) by extensions ['python_setup_py']
[0.264s] Level 1:colcon.colcon_core.package_identification:_identify(libs) by extension 'python_setup_py'
[0.264s] Level 1:colcon.colcon_core.package_identification:_identify(libs/lerobot) by extensions ['ignore', 'ignore_ament_install']
[0.264s] Level 1:colcon.colcon_core.package_identification:_identify(libs/lerobot) by extension 'ignore'
[0.264s] Level 1:colcon.colcon_core.package_identification:_identify(libs/lerobot) by extension 'ignore_ament_install'
[0.264s] Level 1:colcon.colcon_core.package_identification:_identify(libs/lerobot) by extensions ['colcon_pkg']
[0.264s] Level 1:colcon.colcon_core.package_identification:_identify(libs/lerobot) by extension 'colcon_pkg'
[0.264s] Level 1:colcon.colcon_core.package_identification:_identify(libs/lerobot) by extensions ['colcon_meta']
[0.264s] Level 1:colcon.colcon_core.package_identification:_identify(libs/lerobot) by extension 'colcon_meta'
[0.264s] Level 1:colcon.colcon_core.package_identification:_identify(libs/lerobot) by extensions ['ros']
[0.264s] Level 1:colcon.colcon_core.package_identification:_identify(libs/lerobot) by extension 'ros'
[0.265s] Level 1:colcon.colcon_core.package_identification:_identify(libs/lerobot) by extensions ['cmake', 'python']
[0.265s] Level 1:colcon.colcon_core.package_identification:_identify(libs/lerobot) by extension 'cmake'
[0.265s] Level 1:colcon.colcon_core.package_identification:_identify(libs/lerobot) by extension 'python'
[0.265s] Level 1:colcon.colcon_core.package_identification:_identify(libs/lerobot) by extensions ['python_setup_py']
[0.265s] Level 1:colcon.colcon_core.package_identification:_identify(libs/lerobot) by extension 'python_setup_py'
[0.265s] Level 1:colcon.colcon_core.package_identification:_identify(libs/lerobot/benchmarks) by extensions ['ignore', 'ignore_ament_install']
[0.265s] Level 1:colcon.colcon_core.package_identification:_identify(libs/lerobot/benchmarks) by extension 'ignore'
[0.265s] Level 1:colcon.colcon_core.package_identification:_identify(libs/lerobot/benchmarks) by extension 'ignore_ament_install'
[0.265s] Level 1:colcon.colcon_core.package_identification:_identify(libs/lerobot/benchmarks) by extensions ['colcon_pkg']
[0.265s] Level 1:colcon.colcon_core.package_identification:_identify(libs/lerobot/benchmarks) by extension 'colcon_pkg'
[0.265s] Level 1:colcon.colcon_core.package_identification:_identify(libs/lerobot/benchmarks) by extensions ['colcon_meta']
[0.265s] Level 1:colcon.colcon_core.package_identification:_identify(libs/lerobot/benchmarks) by extension 'colcon_meta'
[0.265s] Level 1:colcon.colcon_core.package_identification:_identify(libs/lerobot/benchmarks) by extensions ['ros']
[0.265s] Level 1:colcon.colcon_core.package_identification:_identify(libs/lerobot/benchmarks) by extension 'ros'
[0.265s] Level 1:colcon.colcon_core.package_identification:_identify(libs/lerobot/benchmarks) by extensions ['cmake', 'python']
[0.265s] Level 1:colcon.colcon_core.package_identification:_identify(libs/lerobot/benchmarks) by extension 'cmake'
[0.265s] Level 1:colcon.colcon_core.package_identification:_identify(libs/lerobot/benchmarks) by extension 'python'
[0.265s] Level 1:colcon.colcon_core.package_identification:_identify(libs/lerobot/benchmarks) by extensions ['python_setup_py']
[0.265s] Level 1:colcon.colcon_core.package_identification:_identify(libs/lerobot/benchmarks) by extension 'python_setup_py'
[0.266s] Level 1:colcon.colcon_core.package_identification:_identify(libs/lerobot/benchmarks/video) by extensions ['ignore', 'ignore_ament_install']
[0.266s] Level 1:colcon.colcon_core.package_identification:_identify(libs/lerobot/benchmarks/video) by extension 'ignore'
[0.266s] Level 1:colcon.colcon_core.package_identification:_identify(libs/lerobot/benchmarks/video) by extension 'ignore_ament_install'
[0.266s] Level 1:colcon.colcon_core.package_identification:_identify(libs/lerobot/benchmarks/video) by extensions ['colcon_pkg']
[0.266s] Level 1:colcon.colcon_core.package_identification:_identify(libs/lerobot/benchmarks/video) by extension 'colcon_pkg'
[0.266s] Level 1:colcon.colcon_core.package_identification:_identify(libs/lerobot/benchmarks/video) by extensions ['colcon_meta']
[0.266s] Level 1:colcon.colcon_core.package_identification:_identify(libs/lerobot/benchmarks/video) by extension 'colcon_meta'
[0.266s] Level 1:colcon.colcon_core.package_identification:_identify(libs/lerobot/benchmarks/video) by extensions ['ros']
[0.266s] Level 1:colcon.colcon_core.package_identification:_identify(libs/lerobot/benchmarks/video) by extension 'ros'
[0.266s] Level 1:colcon.colcon_core.package_identification:_identify(libs/lerobot/benchmarks/video) by extensions ['cmake', 'python']
[0.266s] Level 1:colcon.colcon_core.package_identification:_identify(libs/lerobot/benchmarks/video) by extension 'cmake'
[0.266s] Level 1:colcon.colcon_core.package_identification:_identify(libs/lerobot/benchmarks/video) by extension 'python'
[0.266s] Level 1:colcon.colcon_core.package_identification:_identify(libs/lerobot/benchmarks/video) by extensions ['python_setup_py']
[0.266s] Level 1:colcon.colcon_core.package_identification:_identify(libs/lerobot/benchmarks/video) by extension 'python_setup_py'
[0.266s] Level 1:colcon.colcon_core.package_identification:_identify(libs/lerobot/docker) by extensions ['ignore', 'ignore_ament_install']
[0.266s] Level 1:colcon.colcon_core.package_identification:_identify(libs/lerobot/docker) by extension 'ignore'
[0.266s] Level 1:colcon.colcon_core.package_identification:_identify(libs/lerobot/docker) by extension 'ignore_ament_install'
[0.266s] Level 1:colcon.colcon_core.package_identification:_identify(libs/lerobot/docker) by extensions ['colcon_pkg']
[0.267s] Level 1:colcon.colcon_core.package_identification:_identify(libs/lerobot/docker) by extension 'colcon_pkg'
[0.267s] Level 1:colcon.colcon_core.package_identification:_identify(libs/lerobot/docker) by extensions ['colcon_meta']
[0.267s] Level 1:colcon.colcon_core.package_identification:_identify(libs/lerobot/docker) by extension 'colcon_meta'
[0.267s] Level 1:colcon.colcon_core.package_identification:_identify(libs/lerobot/docker) by extensions ['ros']
[0.267s] Level 1:colcon.colcon_core.package_identification:_identify(libs/lerobot/docker) by extension 'ros'
[0.267s] Level 1:colcon.colcon_core.package_identification:_identify(libs/lerobot/docker) by extensions ['cmake', 'python']
[0.267s] Level 1:colcon.colcon_core.package_identification:_identify(libs/lerobot/docker) by extension 'cmake'
[0.267s] Level 1:colcon.colcon_core.package_identification:_identify(libs/lerobot/docker) by extension 'python'
[0.267s] Level 1:colcon.colcon_core.package_identification:_identify(libs/lerobot/docker) by extensions ['python_setup_py']
[0.267s] Level 1:colcon.colcon_core.package_identification:_identify(libs/lerobot/docker) by extension 'python_setup_py'
[0.267s] Level 1:colcon.colcon_core.package_identification:_identify(libs/lerobot/docs) by extensions ['ignore', 'ignore_ament_install']
[0.267s] Level 1:colcon.colcon_core.package_identification:_identify(libs/lerobot/docs) by extension 'ignore'
[0.267s] Level 1:colcon.colcon_core.package_identification:_identify(libs/lerobot/docs) by extension 'ignore_ament_install'
[0.267s] Level 1:colcon.colcon_core.package_identification:_identify(libs/lerobot/docs) by extensions ['colcon_pkg']
[0.267s] Level 1:colcon.colcon_core.package_identification:_identify(libs/lerobot/docs) by extension 'colcon_pkg'
[0.267s] Level 1:colcon.colcon_core.package_identification:_identify(libs/lerobot/docs) by extensions ['colcon_meta']
[0.267s] Level 1:colcon.colcon_core.package_identification:_identify(libs/lerobot/docs) by extension 'colcon_meta'
[0.267s] Level 1:colcon.colcon_core.package_identification:_identify(libs/lerobot/docs) by extensions ['ros']
[0.267s] Level 1:colcon.colcon_core.package_identification:_identify(libs/lerobot/docs) by extension 'ros'
[0.267s] Level 1:colcon.colcon_core.package_identification:_identify(libs/lerobot/docs) by extensions ['cmake', 'python']
[0.267s] Level 1:colcon.colcon_core.package_identification:_identify(libs/lerobot/docs) by extension 'cmake'
[0.268s] Level 1:colcon.colcon_core.package_identification:_identify(libs/lerobot/docs) by extension 'python'
[0.268s] Level 1:colcon.colcon_core.package_identification:_identify(libs/lerobot/docs) by extensions ['python_setup_py']
[0.268s] Level 1:colcon.colcon_core.package_identification:_identify(libs/lerobot/docs) by extension 'python_setup_py'
[0.268s] Level 1:colcon.colcon_core.package_identification:_identify(libs/lerobot/docs/source) by extensions ['ignore', 'ignore_ament_install']
[0.268s] Level 1:colcon.colcon_core.package_identification:_identify(libs/lerobot/docs/source) by extension 'ignore'
[0.268s] Level 1:colcon.colcon_core.package_identification:_identify(libs/lerobot/docs/source) by extension 'ignore_ament_install'
[0.268s] Level 1:colcon.colcon_core.package_identification:_identify(libs/lerobot/docs/source) by extensions ['colcon_pkg']
[0.268s] Level 1:colcon.colcon_core.package_identification:_identify(libs/lerobot/docs/source) by extension 'colcon_pkg'
[0.268s] Level 1:colcon.colcon_core.package_identification:_identify(libs/lerobot/docs/source) by extensions ['colcon_meta']
[0.268s] Level 1:colcon.colcon_core.package_identification:_identify(libs/lerobot/docs/source) by extension 'colcon_meta'
[0.268s] Level 1:colcon.colcon_core.package_identification:_identify(libs/lerobot/docs/source) by extensions ['ros']
[0.268s] Level 1:colcon.colcon_core.package_identification:_identify(libs/lerobot/docs/source) by extension 'ros'
[0.268s] Level 1:colcon.colcon_core.package_identification:_identify(libs/lerobot/docs/source) by extensions ['cmake', 'python']
[0.268s] Level 1:colcon.colcon_core.package_identification:_identify(libs/lerobot/docs/source) by extension 'cmake'
[0.268s] Level 1:colcon.colcon_core.package_identification:_identify(libs/lerobot/docs/source) by extension 'python'
[0.268s] Level 1:colcon.colcon_core.package_identification:_identify(libs/lerobot/docs/source) by extensions ['python_setup_py']
[0.268s] Level 1:colcon.colcon_core.package_identification:_identify(libs/lerobot/docs/source) by extension 'python_setup_py'
[0.268s] Level 1:colcon.colcon_core.package_identification:_identify(libs/lerobot/examples) by extensions ['ignore', 'ignore_ament_install']
[0.269s] Level 1:colcon.colcon_core.package_identification:_identify(libs/lerobot/examples) by extension 'ignore'
[0.269s] Level 1:colcon.colcon_core.package_identification:_identify(libs/lerobot/examples) by extension 'ignore_ament_install'
[0.269s] Level 1:colcon.colcon_core.package_identification:_identify(libs/lerobot/examples) by extensions ['colcon_pkg']
[0.269s] Level 1:colcon.colcon_core.package_identification:_identify(libs/lerobot/examples) by extension 'colcon_pkg'
[0.269s] Level 1:colcon.colcon_core.package_identification:_identify(libs/lerobot/examples) by extensions ['colcon_meta']
[0.269s] Level 1:colcon.colcon_core.package_identification:_identify(libs/lerobot/examples) by extension 'colcon_meta'
[0.269s] Level 1:colcon.colcon_core.package_identification:_identify(libs/lerobot/examples) by extensions ['ros']
[0.269s] Level 1:colcon.colcon_core.package_identification:_identify(libs/lerobot/examples) by extension 'ros'
[0.269s] Level 1:colcon.colcon_core.package_identification:_identify(libs/lerobot/examples) by extensions ['cmake', 'python']
[0.269s] Level 1:colcon.colcon_core.package_identification:_identify(libs/lerobot/examples) by extension 'cmake'
[0.269s] Level 1:colcon.colcon_core.package_identification:_identify(libs/lerobot/examples) by extension 'python'
[0.269s] Level 1:colcon.colcon_core.package_identification:_identify(libs/lerobot/examples) by extensions ['python_setup_py']
[0.269s] Level 1:colcon.colcon_core.package_identification:_identify(libs/lerobot/examples) by extension 'python_setup_py'
[0.269s] Level 1:colcon.colcon_core.package_identification:_identify(libs/lerobot/examples/backward_compatibility) by extensions ['ignore', 'ignore_ament_install']
[0.269s] Level 1:colcon.colcon_core.package_identification:_identify(libs/lerobot/examples/backward_compatibility) by extension 'ignore'
[0.269s] Level 1:colcon.colcon_core.package_identification:_identify(libs/lerobot/examples/backward_compatibility) by extension 'ignore_ament_install'
[0.269s] Level 1:colcon.colcon_core.package_identification:_identify(libs/lerobot/examples/backward_compatibility) by extensions ['colcon_pkg']
[0.269s] Level 1:colcon.colcon_core.package_identification:_identify(libs/lerobot/examples/backward_compatibility) by extension 'colcon_pkg'
[0.269s] Level 1:colcon.colcon_core.package_identification:_identify(libs/lerobot/examples/backward_compatibility) by extensions ['colcon_meta']
[0.270s] Level 1:colcon.colcon_core.package_identification:_identify(libs/lerobot/examples/backward_compatibility) by extension 'colcon_meta'
[0.270s] Level 1:colcon.colcon_core.package_identification:_identify(libs/lerobot/examples/backward_compatibility) by extensions ['ros']
[0.270s] Level 1:colcon.colcon_core.package_identification:_identify(libs/lerobot/examples/backward_compatibility) by extension 'ros'
[0.270s] Level 1:colcon.colcon_core.package_identification:_identify(libs/lerobot/examples/backward_compatibility) by extensions ['cmake', 'python']
[0.270s] Level 1:colcon.colcon_core.package_identification:_identify(libs/lerobot/examples/backward_compatibility) by extension 'cmake'
[0.270s] Level 1:colcon.colcon_core.package_identification:_identify(libs/lerobot/examples/backward_compatibility) by extension 'python'
[0.270s] Level 1:colcon.colcon_core.package_identification:_identify(libs/lerobot/examples/backward_compatibility) by extensions ['python_setup_py']
[0.270s] Level 1:colcon.colcon_core.package_identification:_identify(libs/lerobot/examples/backward_compatibility) by extension 'python_setup_py'
[0.270s] Level 1:colcon.colcon_core.package_identification:_identify(libs/lerobot/examples/lekiwi) by extensions ['ignore', 'ignore_ament_install']
[0.270s] Level 1:colcon.colcon_core.package_identification:_identify(libs/lerobot/examples/lekiwi) by extension 'ignore'
[0.270s] Level 1:colcon.colcon_core.package_identification:_identify(libs/lerobot/examples/lekiwi) by extension 'ignore_ament_install'
[0.270s] Level 1:colcon.colcon_core.package_identification:_identify(libs/lerobot/examples/lekiwi) by extensions ['colcon_pkg']
[0.270s] Level 1:colcon.colcon_core.package_identification:_identify(libs/lerobot/examples/lekiwi) by extension 'colcon_pkg'
[0.270s] Level 1:colcon.colcon_core.package_identification:_identify(libs/lerobot/examples/lekiwi) by extensions ['colcon_meta']
[0.270s] Level 1:colcon.colcon_core.package_identification:_identify(libs/lerobot/examples/lekiwi) by extension 'colcon_meta'
[0.270s] Level 1:colcon.colcon_core.package_identification:_identify(libs/lerobot/examples/lekiwi) by extensions ['ros']
[0.270s] Level 1:colcon.colcon_core.package_identification:_identify(libs/lerobot/examples/lekiwi) by extension 'ros'
[0.270s] Level 1:colcon.colcon_core.package_identification:_identify(libs/lerobot/examples/lekiwi) by extensions ['cmake', 'python']
[0.270s] Level 1:colcon.colcon_core.package_identification:_identify(libs/lerobot/examples/lekiwi) by extension 'cmake'
[0.271s] Level 1:colcon.colcon_core.package_identification:_identify(libs/lerobot/examples/lekiwi) by extension 'python'
[0.271s] Level 1:colcon.colcon_core.package_identification:_identify(libs/lerobot/examples/lekiwi) by extensions ['python_setup_py']
[0.271s] Level 1:colcon.colcon_core.package_identification:_identify(libs/lerobot/examples/lekiwi) by extension 'python_setup_py'
[0.271s] Level 1:colcon.colcon_core.package_identification:_identify(libs/lerobot/examples/port_datasets) by extensions ['ignore', 'ignore_ament_install']
[0.271s] Level 1:colcon.colcon_core.package_identification:_identify(libs/lerobot/examples/port_datasets) by extension 'ignore'
[0.271s] Level 1:colcon.colcon_core.package_identification:_identify(libs/lerobot/examples/port_datasets) by extension 'ignore_ament_install'
[0.271s] Level 1:colcon.colcon_core.package_identification:_identify(libs/lerobot/examples/port_datasets) by extensions ['colcon_pkg']
[0.271s] Level 1:colcon.colcon_core.package_identification:_identify(libs/lerobot/examples/port_datasets) by extension 'colcon_pkg'
[0.271s] Level 1:colcon.colcon_core.package_identification:_identify(libs/lerobot/examples/port_datasets) by extensions ['colcon_meta']
[0.271s] Level 1:colcon.colcon_core.package_identification:_identify(libs/lerobot/examples/port_datasets) by extension 'colcon_meta'
[0.271s] Level 1:colcon.colcon_core.package_identification:_identify(libs/lerobot/examples/port_datasets) by extensions ['ros']
[0.271s] Level 1:colcon.colcon_core.package_identification:_identify(libs/lerobot/examples/port_datasets) by extension 'ros'
[0.271s] Level 1:colcon.colcon_core.package_identification:_identify(libs/lerobot/examples/port_datasets) by extensions ['cmake', 'python']
[0.271s] Level 1:colcon.colcon_core.package_identification:_identify(libs/lerobot/examples/port_datasets) by extension 'cmake'
[0.271s] Level 1:colcon.colcon_core.package_identification:_identify(libs/lerobot/examples/port_datasets) by extension 'python'
[0.271s] Level 1:colcon.colcon_core.package_identification:_identify(libs/lerobot/examples/port_datasets) by extensions ['python_setup_py']
[0.271s] Level 1:colcon.colcon_core.package_identification:_identify(libs/lerobot/examples/port_datasets) by extension 'python_setup_py'
[0.271s] Level 1:colcon.colcon_core.package_identification:_identify(libs/lerobot/media) by extensions ['ignore', 'ignore_ament_install']
[0.272s] Level 1:colcon.colcon_core.package_identification:_identify(libs/lerobot/media) by extension 'ignore'
[0.272s] Level 1:colcon.colcon_core.package_identification:_identify(libs/lerobot/media) by extension 'ignore_ament_install'
[0.272s] Level 1:colcon.colcon_core.package_identification:_identify(libs/lerobot/media) by extensions ['colcon_pkg']
[0.272s] Level 1:colcon.colcon_core.package_identification:_identify(libs/lerobot/media) by extension 'colcon_pkg'
[0.272s] Level 1:colcon.colcon_core.package_identification:_identify(libs/lerobot/media) by extensions ['colcon_meta']
[0.272s] Level 1:colcon.colcon_core.package_identification:_identify(libs/lerobot/media) by extension 'colcon_meta'
[0.272s] Level 1:colcon.colcon_core.package_identification:_identify(libs/lerobot/media) by extensions ['ros']
[0.272s] Level 1:colcon.colcon_core.package_identification:_identify(libs/lerobot/media) by extension 'ros'
[0.272s] Level 1:colcon.colcon_core.package_identification:_identify(libs/lerobot/media) by extensions ['cmake', 'python']
[0.272s] Level 1:colcon.colcon_core.package_identification:_identify(libs/lerobot/media) by extension 'cmake'
[0.272s] Level 1:colcon.colcon_core.package_identification:_identify(libs/lerobot/media) by extension 'python'
[0.272s] Level 1:colcon.colcon_core.package_identification:_identify(libs/lerobot/media) by extensions ['python_setup_py']
[0.272s] Level 1:colcon.colcon_core.package_identification:_identify(libs/lerobot/media) by extension 'python_setup_py'
[0.272s] Level 1:colcon.colcon_core.package_identification:_identify(libs/lerobot/media/gym) by extensions ['ignore', 'ignore_ament_install']
[0.272s] Level 1:colcon.colcon_core.package_identification:_identify(libs/lerobot/media/gym) by extension 'ignore'
[0.272s] Level 1:colcon.colcon_core.package_identification:_identify(libs/lerobot/media/gym) by extension 'ignore_ament_install'
[0.272s] Level 1:colcon.colcon_core.package_identification:_identify(libs/lerobot/media/gym) by extensions ['colcon_pkg']
[0.272s] Level 1:colcon.colcon_core.package_identification:_identify(libs/lerobot/media/gym) by extension 'colcon_pkg'
[0.272s] Level 1:colcon.colcon_core.package_identification:_identify(libs/lerobot/media/gym) by extensions ['colcon_meta']
[0.272s] Level 1:colcon.colcon_core.package_identification:_identify(libs/lerobot/media/gym) by extension 'colcon_meta'
[0.273s] Level 1:colcon.colcon_core.package_identification:_identify(libs/lerobot/media/gym) by extensions ['ros']
[0.273s] Level 1:colcon.colcon_core.package_identification:_identify(libs/lerobot/media/gym) by extension 'ros'
[0.273s] Level 1:colcon.colcon_core.package_identification:_identify(libs/lerobot/media/gym) by extensions ['cmake', 'python']
[0.273s] Level 1:colcon.colcon_core.package_identification:_identify(libs/lerobot/media/gym) by extension 'cmake'
[0.273s] Level 1:colcon.colcon_core.package_identification:_identify(libs/lerobot/media/gym) by extension 'python'
[0.273s] Level 1:colcon.colcon_core.package_identification:_identify(libs/lerobot/media/gym) by extensions ['python_setup_py']
[0.273s] Level 1:colcon.colcon_core.package_identification:_identify(libs/lerobot/media/gym) by extension 'python_setup_py'
[0.273s] Level 1:colcon.colcon_core.package_identification:_identify(libs/lerobot/media/hope_jr) by extensions ['ignore', 'ignore_ament_install']
[0.273s] Level 1:colcon.colcon_core.package_identification:_identify(libs/lerobot/media/hope_jr) by extension 'ignore'
[0.273s] Level 1:colcon.colcon_core.package_identification:_identify(libs/lerobot/media/hope_jr) by extension 'ignore_ament_install'
[0.273s] Level 1:colcon.colcon_core.package_identification:_identify(libs/lerobot/media/hope_jr) by extensions ['colcon_pkg']
[0.273s] Level 1:colcon.colcon_core.package_identification:_identify(libs/lerobot/media/hope_jr) by extension 'colcon_pkg'
[0.273s] Level 1:colcon.colcon_core.package_identification:_identify(libs/lerobot/media/hope_jr) by extensions ['colcon_meta']
[0.273s] Level 1:colcon.colcon_core.package_identification:_identify(libs/lerobot/media/hope_jr) by extension 'colcon_meta'
[0.273s] Level 1:colcon.colcon_core.package_identification:_identify(libs/lerobot/media/hope_jr) by extensions ['ros']
[0.273s] Level 1:colcon.colcon_core.package_identification:_identify(libs/lerobot/media/hope_jr) by extension 'ros'
[0.273s] Level 1:colcon.colcon_core.package_identification:_identify(libs/lerobot/media/hope_jr) by extensions ['cmake', 'python']
[0.273s] Level 1:colcon.colcon_core.package_identification:_identify(libs/lerobot/media/hope_jr) by extension 'cmake'
[0.273s] Level 1:colcon.colcon_core.package_identification:_identify(libs/lerobot/media/hope_jr) by extension 'python'
[0.273s] Level 1:colcon.colcon_core.package_identification:_identify(libs/lerobot/media/hope_jr) by extensions ['python_setup_py']
[0.273s] Level 1:colcon.colcon_core.package_identification:_identify(libs/lerobot/media/hope_jr) by extension 'python_setup_py'
[0.274s] Level 1:colcon.colcon_core.package_identification:_identify(libs/lerobot/media/lekiwi) by extensions ['ignore', 'ignore_ament_install']
[0.274s] Level 1:colcon.colcon_core.package_identification:_identify(libs/lerobot/media/lekiwi) by extension 'ignore'
[0.274s] Level 1:colcon.colcon_core.package_identification:_identify(libs/lerobot/media/lekiwi) by extension 'ignore_ament_install'
[0.274s] Level 1:colcon.colcon_core.package_identification:_identify(libs/lerobot/media/lekiwi) by extensions ['colcon_pkg']
[0.274s] Level 1:colcon.colcon_core.package_identification:_identify(libs/lerobot/media/lekiwi) by extension 'colcon_pkg'
[0.274s] Level 1:colcon.colcon_core.package_identification:_identify(libs/lerobot/media/lekiwi) by extensions ['colcon_meta']
[0.274s] Level 1:colcon.colcon_core.package_identification:_identify(libs/lerobot/media/lekiwi) by extension 'colcon_meta'
[0.274s] Level 1:colcon.colcon_core.package_identification:_identify(libs/lerobot/media/lekiwi) by extensions ['ros']
[0.274s] Level 1:colcon.colcon_core.package_identification:_identify(libs/lerobot/media/lekiwi) by extension 'ros'
[0.274s] Level 1:colcon.colcon_core.package_identification:_identify(libs/lerobot/media/lekiwi) by extensions ['cmake', 'python']
[0.274s] Level 1:colcon.colcon_core.package_identification:_identify(libs/lerobot/media/lekiwi) by extension 'cmake'
[0.274s] Level 1:colcon.colcon_core.package_identification:_identify(libs/lerobot/media/lekiwi) by extension 'python'
[0.274s] Level 1:colcon.colcon_core.package_identification:_identify(libs/lerobot/media/lekiwi) by extensions ['python_setup_py']
[0.274s] Level 1:colcon.colcon_core.package_identification:_identify(libs/lerobot/media/lekiwi) by extension 'python_setup_py'
[0.274s] Level 1:colcon.colcon_core.package_identification:_identify(libs/lerobot/media/so100) by extensions ['ignore', 'ignore_ament_install']
[0.274s] Level 1:colcon.colcon_core.package_identification:_identify(libs/lerobot/media/so100) by extension 'ignore'
[0.274s] Level 1:colcon.colcon_core.package_identification:_identify(libs/lerobot/media/so100) by extension 'ignore_ament_install'
[0.275s] Level 1:colcon.colcon_core.package_identification:_identify(libs/lerobot/media/so100) by extensions ['colcon_pkg']
[0.275s] Level 1:colcon.colcon_core.package_identification:_identify(libs/lerobot/media/so100) by extension 'colcon_pkg'
[0.275s] Level 1:colcon.colcon_core.package_identification:_identify(libs/lerobot/media/so100) by extensions ['colcon_meta']
[0.275s] Level 1:colcon.colcon_core.package_identification:_identify(libs/lerobot/media/so100) by extension 'colcon_meta'
[0.275s] Level 1:colcon.colcon_core.package_identification:_identify(libs/lerobot/media/so100) by extensions ['ros']
[0.275s] Level 1:colcon.colcon_core.package_identification:_identify(libs/lerobot/media/so100) by extension 'ros'
[0.275s] Level 1:colcon.colcon_core.package_identification:_identify(libs/lerobot/media/so100) by extensions ['cmake', 'python']
[0.275s] Level 1:colcon.colcon_core.package_identification:_identify(libs/lerobot/media/so100) by extension 'cmake'
[0.275s] Level 1:colcon.colcon_core.package_identification:_identify(libs/lerobot/media/so100) by extension 'python'
[0.275s] Level 1:colcon.colcon_core.package_identification:_identify(libs/lerobot/media/so100) by extensions ['python_setup_py']
[0.275s] Level 1:colcon.colcon_core.package_identification:_identify(libs/lerobot/media/so100) by extension 'python_setup_py'
[0.275s] Level 1:colcon.colcon_core.package_identification:_identify(libs/lerobot/media/so101) by extensions ['ignore', 'ignore_ament_install']
[0.275s] Level 1:colcon.colcon_core.package_identification:_identify(libs/lerobot/media/so101) by extension 'ignore'
[0.275s] Level 1:colcon.colcon_core.package_identification:_identify(libs/lerobot/media/so101) by extension 'ignore_ament_install'
[0.275s] Level 1:colcon.colcon_core.package_identification:_identify(libs/lerobot/media/so101) by extensions ['colcon_pkg']
[0.275s] Level 1:colcon.colcon_core.package_identification:_identify(libs/lerobot/media/so101) by extension 'colcon_pkg'
[0.275s] Level 1:colcon.colcon_core.package_identification:_identify(libs/lerobot/media/so101) by extensions ['colcon_meta']
[0.275s] Level 1:colcon.colcon_core.package_identification:_identify(libs/lerobot/media/so101) by extension 'colcon_meta'
[0.275s] Level 1:colcon.colcon_core.package_identification:_identify(libs/lerobot/media/so101) by extensions ['ros']
[0.275s] Level 1:colcon.colcon_core.package_identification:_identify(libs/lerobot/media/so101) by extension 'ros'
[0.276s] Level 1:colcon.colcon_core.package_identification:_identify(libs/lerobot/media/so101) by extensions ['cmake', 'python']
[0.276s] Level 1:colcon.colcon_core.package_identification:_identify(libs/lerobot/media/so101) by extension 'cmake'
[0.276s] Level 1:colcon.colcon_core.package_identification:_identify(libs/lerobot/media/so101) by extension 'python'
[0.276s] Level 1:colcon.colcon_core.package_identification:_identify(libs/lerobot/media/so101) by extensions ['python_setup_py']
[0.276s] Level 1:colcon.colcon_core.package_identification:_identify(libs/lerobot/media/so101) by extension 'python_setup_py'
[0.276s] Level 1:colcon.colcon_core.package_identification:_identify(libs/lerobot/src) by extensions ['ignore', 'ignore_ament_install']
[0.276s] Level 1:colcon.colcon_core.package_identification:_identify(libs/lerobot/src) by extension 'ignore'
[0.276s] Level 1:colcon.colcon_core.package_identification:_identify(libs/lerobot/src) by extension 'ignore_ament_install'
[0.276s] Level 1:colcon.colcon_core.package_identification:_identify(libs/lerobot/src) by extensions ['colcon_pkg']
[0.276s] Level 1:colcon.colcon_core.package_identification:_identify(libs/lerobot/src) by extension 'colcon_pkg'
[0.276s] Level 1:colcon.colcon_core.package_identification:_identify(libs/lerobot/src) by extensions ['colcon_meta']
[0.276s] Level 1:colcon.colcon_core.package_identification:_identify(libs/lerobot/src) by extension 'colcon_meta'
[0.276s] Level 1:colcon.colcon_core.package_identification:_identify(libs/lerobot/src) by extensions ['ros']
[0.276s] Level 1:colcon.colcon_core.package_identification:_identify(libs/lerobot/src) by extension 'ros'
[0.276s] Level 1:colcon.colcon_core.package_identification:_identify(libs/lerobot/src) by extensions ['cmake', 'python']
[0.276s] Level 1:colcon.colcon_core.package_identification:_identify(libs/lerobot/src) by extension 'cmake'
[0.276s] Level 1:colcon.colcon_core.package_identification:_identify(libs/lerobot/src) by extension 'python'
[0.276s] Level 1:colcon.colcon_core.package_identification:_identify(libs/lerobot/src) by extensions ['python_setup_py']
[0.276s] Level 1:colcon.colcon_core.package_identification:_identify(libs/lerobot/src) by extension 'python_setup_py'
[0.277s] Level 1:colcon.colcon_core.package_identification:_identify(libs/lerobot/src/lerobot) by extensions ['ignore', 'ignore_ament_install']
[0.277s] Level 1:colcon.colcon_core.package_identification:_identify(libs/lerobot/src/lerobot) by extension 'ignore'
[0.277s] Level 1:colcon.colcon_core.package_identification:_identify(libs/lerobot/src/lerobot) by extension 'ignore_ament_install'
[0.277s] Level 1:colcon.colcon_core.package_identification:_identify(libs/lerobot/src/lerobot) by extensions ['colcon_pkg']
[0.277s] Level 1:colcon.colcon_core.package_identification:_identify(libs/lerobot/src/lerobot) by extension 'colcon_pkg'
[0.277s] Level 1:colcon.colcon_core.package_identification:_identify(libs/lerobot/src/lerobot) by extensions ['colcon_meta']
[0.277s] Level 1:colcon.colcon_core.package_identification:_identify(libs/lerobot/src/lerobot) by extension 'colcon_meta'
[0.277s] Level 1:colcon.colcon_core.package_identification:_identify(libs/lerobot/src/lerobot) by extensions ['ros']
[0.277s] Level 1:colcon.colcon_core.package_identification:_identify(libs/lerobot/src/lerobot) by extension 'ros'
[0.277s] Level 1:colcon.colcon_core.package_identification:_identify(libs/lerobot/src/lerobot) by extensions ['cmake', 'python']
[0.277s] Level 1:colcon.colcon_core.package_identification:_identify(libs/lerobot/src/lerobot) by extension 'cmake'
[0.277s] Level 1:colcon.colcon_core.package_identification:_identify(libs/lerobot/src/lerobot) by extension 'python'
[0.277s] Level 1:colcon.colcon_core.package_identification:_identify(libs/lerobot/src/lerobot) by extensions ['python_setup_py']
[0.277s] Level 1:colcon.colcon_core.package_identification:_identify(libs/lerobot/src/lerobot) by extension 'python_setup_py'
[0.277s] Level 1:colcon.colcon_core.package_identification:_identify(libs/lerobot/src/lerobot/cameras) by extensions ['ignore', 'ignore_ament_install']
[0.277s] Level 1:colcon.colcon_core.package_identification:_identify(libs/lerobot/src/lerobot/cameras) by extension 'ignore'
[0.277s] Level 1:colcon.colcon_core.package_identification:_identify(libs/lerobot/src/lerobot/cameras) by extension 'ignore_ament_install'
[0.277s] Level 1:colcon.colcon_core.package_identification:_identify(libs/lerobot/src/lerobot/cameras) by extensions ['colcon_pkg']
[0.278s] Level 1:colcon.colcon_core.package_identification:_identify(libs/lerobot/src/lerobot/cameras) by extension 'colcon_pkg'
[0.278s] Level 1:colcon.colcon_core.package_identification:_identify(libs/lerobot/src/lerobot/cameras) by extensions ['colcon_meta']
[0.278s] Level 1:colcon.colcon_core.package_identification:_identify(libs/lerobot/src/lerobot/cameras) by extension 'colcon_meta'
[0.278s] Level 1:colcon.colcon_core.package_identification:_identify(libs/lerobot/src/lerobot/cameras) by extensions ['ros']
[0.278s] Level 1:colcon.colcon_core.package_identification:_identify(libs/lerobot/src/lerobot/cameras) by extension 'ros'
[0.278s] Level 1:colcon.colcon_core.package_identification:_identify(libs/lerobot/src/lerobot/cameras) by extensions ['cmake', 'python']
[0.278s] Level 1:colcon.colcon_core.package_identification:_identify(libs/lerobot/src/lerobot/cameras) by extension 'cmake'
[0.278s] Level 1:colcon.colcon_core.package_identification:_identify(libs/lerobot/src/lerobot/cameras) by extension 'python'
[0.278s] Level 1:colcon.colcon_core.package_identification:_identify(libs/lerobot/src/lerobot/cameras) by extensions ['python_setup_py']
[0.278s] Level 1:colcon.colcon_core.package_identification:_identify(libs/lerobot/src/lerobot/cameras) by extension 'python_setup_py'
[0.278s] Level 1:colcon.colcon_core.package_identification:_identify(libs/lerobot/src/lerobot/cameras/opencv) by extensions ['ignore', 'ignore_ament_install']
[0.278s] Level 1:colcon.colcon_core.package_identification:_identify(libs/lerobot/src/lerobot/cameras/opencv) by extension 'ignore'
[0.278s] Level 1:colcon.colcon_core.package_identification:_identify(libs/lerobot/src/lerobot/cameras/opencv) by extension 'ignore_ament_install'
[0.278s] Level 1:colcon.colcon_core.package_identification:_identify(libs/lerobot/src/lerobot/cameras/opencv) by extensions ['colcon_pkg']
[0.278s] Level 1:colcon.colcon_core.package_identification:_identify(libs/lerobot/src/lerobot/cameras/opencv) by extension 'colcon_pkg'
[0.278s] Level 1:colcon.colcon_core.package_identification:_identify(libs/lerobot/src/lerobot/cameras/opencv) by extensions ['colcon_meta']
[0.278s] Level 1:colcon.colcon_core.package_identification:_identify(libs/lerobot/src/lerobot/cameras/opencv) by extension 'colcon_meta'
[0.278s] Level 1:colcon.colcon_core.package_identification:_identify(libs/lerobot/src/lerobot/cameras/opencv) by extensions ['ros']
[0.278s] Level 1:colcon.colcon_core.package_identification:_identify(libs/lerobot/src/lerobot/cameras/opencv) by extension 'ros'
[0.279s] Level 1:colcon.colcon_core.package_identification:_identify(libs/lerobot/src/lerobot/cameras/opencv) by extensions ['cmake', 'python']
[0.279s] Level 1:colcon.colcon_core.package_identification:_identify(libs/lerobot/src/lerobot/cameras/opencv) by extension 'cmake'
[0.279s] Level 1:colcon.colcon_core.package_identification:_identify(libs/lerobot/src/lerobot/cameras/opencv) by extension 'python'
[0.279s] Level 1:colcon.colcon_core.package_identification:_identify(libs/lerobot/src/lerobot/cameras/opencv) by extensions ['python_setup_py']
[0.279s] Level 1:colcon.colcon_core.package_identification:_identify(libs/lerobot/src/lerobot/cameras/opencv) by extension 'python_setup_py'
[0.279s] Level 1:colcon.colcon_core.package_identification:_identify(libs/lerobot/src/lerobot/cameras/reachy2_camera) by extensions ['ignore', 'ignore_ament_install']
[0.279s] Level 1:colcon.colcon_core.package_identification:_identify(libs/lerobot/src/lerobot/cameras/reachy2_camera) by extension 'ignore'
[0.279s] Level 1:colcon.colcon_core.package_identification:_identify(libs/lerobot/src/lerobot/cameras/reachy2_camera) by extension 'ignore_ament_install'
[0.279s] Level 1:colcon.colcon_core.package_identification:_identify(libs/lerobot/src/lerobot/cameras/reachy2_camera) by extensions ['colcon_pkg']
[0.279s] Level 1:colcon.colcon_core.package_identification:_identify(libs/lerobot/src/lerobot/cameras/reachy2_camera) by extension 'colcon_pkg'
[0.279s] Level 1:colcon.colcon_core.package_identification:_identify(libs/lerobot/src/lerobot/cameras/reachy2_camera) by extensions ['colcon_meta']
[0.279s] Level 1:colcon.colcon_core.package_identification:_identify(libs/lerobot/src/lerobot/cameras/reachy2_camera) by extension 'colcon_meta'
[0.279s] Level 1:colcon.colcon_core.package_identification:_identify(libs/lerobot/src/lerobot/cameras/reachy2_camera) by extensions ['ros']
[0.279s] Level 1:colcon.colcon_core.package_identification:_identify(libs/lerobot/src/lerobot/cameras/reachy2_camera) by extension 'ros'
[0.279s] Level 1:colcon.colcon_core.package_identification:_identify(libs/lerobot/src/lerobot/cameras/reachy2_camera) by extensions ['cmake', 'python']
[0.279s] Level 1:colcon.colcon_core.package_identification:_identify(libs/lerobot/src/lerobot/cameras/reachy2_camera) by extension 'cmake'
[0.279s] Level 1:colcon.colcon_core.package_identification:_identify(libs/lerobot/src/lerobot/cameras/reachy2_camera) by extension 'python'
[0.279s] Level 1:colcon.colcon_core.package_identification:_identify(libs/lerobot/src/lerobot/cameras/reachy2_camera) by extensions ['python_setup_py']
[0.279s] Level 1:colcon.colcon_core.package_identification:_identify(libs/lerobot/src/lerobot/cameras/reachy2_camera) by extension 'python_setup_py'
[0.280s] Level 1:colcon.colcon_core.package_identification:_identify(libs/lerobot/src/lerobot/cameras/realsense) by extensions ['ignore', 'ignore_ament_install']
[0.280s] Level 1:colcon.colcon_core.package_identification:_identify(libs/lerobot/src/lerobot/cameras/realsense) by extension 'ignore'
[0.280s] Level 1:colcon.colcon_core.package_identification:_identify(libs/lerobot/src/lerobot/cameras/realsense) by extension 'ignore_ament_install'
[0.280s] Level 1:colcon.colcon_core.package_identification:_identify(libs/lerobot/src/lerobot/cameras/realsense) by extensions ['colcon_pkg']
[0.280s] Level 1:colcon.colcon_core.package_identification:_identify(libs/lerobot/src/lerobot/cameras/realsense) by extension 'colcon_pkg'
[0.280s] Level 1:colcon.colcon_core.package_identification:_identify(libs/lerobot/src/lerobot/cameras/realsense) by extensions ['colcon_meta']
[0.280s] Level 1:colcon.colcon_core.package_identification:_identify(libs/lerobot/src/lerobot/cameras/realsense) by extension 'colcon_meta'
[0.280s] Level 1:colcon.colcon_core.package_identification:_identify(libs/lerobot/src/lerobot/cameras/realsense) by extensions ['ros']
[0.280s] Level 1:colcon.colcon_core.package_identification:_identify(libs/lerobot/src/lerobot/cameras/realsense) by extension 'ros'
[0.280s] Level 1:colcon.colcon_core.package_identification:_identify(libs/lerobot/src/lerobot/cameras/realsense) by extensions ['cmake', 'python']
[0.280s] Level 1:colcon.colcon_core.package_identification:_identify(libs/lerobot/src/lerobot/cameras/realsense) by extension 'cmake'
[0.280s] Level 1:colcon.colcon_core.package_identification:_identify(libs/lerobot/src/lerobot/cameras/realsense) by extension 'python'
[0.280s] Level 1:colcon.colcon_core.package_identification:_identify(libs/lerobot/src/lerobot/cameras/realsense) by extensions ['python_setup_py']
[0.280s] Level 1:colcon.colcon_core.package_identification:_identify(libs/lerobot/src/lerobot/cameras/realsense) by extension 'python_setup_py'
[0.280s] Level 1:colcon.colcon_core.package_identification:_identify(libs/lerobot/src/lerobot/configs) by extensions ['ignore', 'ignore_ament_install']
[0.280s] Level 1:colcon.colcon_core.package_identification:_identify(libs/lerobot/src/lerobot/configs) by extension 'ignore'
[0.281s] Level 1:colcon.colcon_core.package_identification:_identify(libs/lerobot/src/lerobot/configs) by extension 'ignore_ament_install'
[0.281s] Level 1:colcon.colcon_core.package_identification:_identify(libs/lerobot/src/lerobot/configs) by extensions ['colcon_pkg']
[0.281s] Level 1:colcon.colcon_core.package_identification:_identify(libs/lerobot/src/lerobot/configs) by extension 'colcon_pkg'
[0.281s] Level 1:colcon.colcon_core.package_identification:_identify(libs/lerobot/src/lerobot/configs) by extensions ['colcon_meta']
[0.281s] Level 1:colcon.colcon_core.package_identification:_identify(libs/lerobot/src/lerobot/configs) by extension 'colcon_meta'
[0.281s] Level 1:colcon.colcon_core.package_identification:_identify(libs/lerobot/src/lerobot/configs) by extensions ['ros']
[0.281s] Level 1:colcon.colcon_core.package_identification:_identify(libs/lerobot/src/lerobot/configs) by extension 'ros'
[0.281s] Level 1:colcon.colcon_core.package_identification:_identify(libs/lerobot/src/lerobot/configs) by extensions ['cmake', 'python']
[0.281s] Level 1:colcon.colcon_core.package_identification:_identify(libs/lerobot/src/lerobot/configs) by extension 'cmake'
[0.281s] Level 1:colcon.colcon_core.package_identification:_identify(libs/lerobot/src/lerobot/configs) by extension 'python'
[0.281s] Level 1:colcon.colcon_core.package_identification:_identify(libs/lerobot/src/lerobot/configs) by extensions ['python_setup_py']
[0.281s] Level 1:colcon.colcon_core.package_identification:_identify(libs/lerobot/src/lerobot/configs) by extension 'python_setup_py'
[0.281s] Level 1:colcon.colcon_core.package_identification:_identify(libs/lerobot/src/lerobot/datasets) by extensions ['ignore', 'ignore_ament_install']
[0.281s] Level 1:colcon.colcon_core.package_identification:_identify(libs/lerobot/src/lerobot/datasets) by extension 'ignore'
[0.281s] Level 1:colcon.colcon_core.package_identification:_identify(libs/lerobot/src/lerobot/datasets) by extension 'ignore_ament_install'
[0.281s] Level 1:colcon.colcon_core.package_identification:_identify(libs/lerobot/src/lerobot/datasets) by extensions ['colcon_pkg']
[0.281s] Level 1:colcon.colcon_core.package_identification:_identify(libs/lerobot/src/lerobot/datasets) by extension 'colcon_pkg'
[0.281s] Level 1:colcon.colcon_core.package_identification:_identify(libs/lerobot/src/lerobot/datasets) by extensions ['colcon_meta']
[0.281s] Level 1:colcon.colcon_core.package_identification:_identify(libs/lerobot/src/lerobot/datasets) by extension 'colcon_meta'
[0.281s] Level 1:colcon.colcon_core.package_identification:_identify(libs/lerobot/src/lerobot/datasets) by extensions ['ros']
[0.282s] Level 1:colcon.colcon_core.package_identification:_identify(libs/lerobot/src/lerobot/datasets) by extension 'ros'
[0.282s] Level 1:colcon.colcon_core.package_identification:_identify(libs/lerobot/src/lerobot/datasets) by extensions ['cmake', 'python']
[0.282s] Level 1:colcon.colcon_core.package_identification:_identify(libs/lerobot/src/lerobot/datasets) by extension 'cmake'
[0.282s] Level 1:colcon.colcon_core.package_identification:_identify(libs/lerobot/src/lerobot/datasets) by extension 'python'
[0.282s] Level 1:colcon.colcon_core.package_identification:_identify(libs/lerobot/src/lerobot/datasets) by extensions ['python_setup_py']
[0.282s] Level 1:colcon.colcon_core.package_identification:_identify(libs/lerobot/src/lerobot/datasets) by extension 'python_setup_py'
[0.282s] Level 1:colcon.colcon_core.package_identification:_identify(libs/lerobot/src/lerobot/datasets/push_dataset_to_hub) by extensions ['ignore', 'ignore_ament_install']
[0.282s] Level 1:colcon.colcon_core.package_identification:_identify(libs/lerobot/src/lerobot/datasets/push_dataset_to_hub) by extension 'ignore'
[0.282s] Level 1:colcon.colcon_core.package_identification:_identify(libs/lerobot/src/lerobot/datasets/push_dataset_to_hub) by extension 'ignore_ament_install'
[0.282s] Level 1:colcon.colcon_core.package_identification:_identify(libs/lerobot/src/lerobot/datasets/push_dataset_to_hub) by extensions ['colcon_pkg']
[0.282s] Level 1:colcon.colcon_core.package_identification:_identify(libs/lerobot/src/lerobot/datasets/push_dataset_to_hub) by extension 'colcon_pkg'
[0.282s] Level 1:colcon.colcon_core.package_identification:_identify(libs/lerobot/src/lerobot/datasets/push_dataset_to_hub) by extensions ['colcon_meta']
[0.282s] Level 1:colcon.colcon_core.package_identification:_identify(libs/lerobot/src/lerobot/datasets/push_dataset_to_hub) by extension 'colcon_meta'
[0.282s] Level 1:colcon.colcon_core.package_identification:_identify(libs/lerobot/src/lerobot/datasets/push_dataset_to_hub) by extensions ['ros']
[0.282s] Level 1:colcon.colcon_core.package_identification:_identify(libs/lerobot/src/lerobot/datasets/push_dataset_to_hub) by extension 'ros'
[0.282s] Level 1:colcon.colcon_core.package_identification:_identify(libs/lerobot/src/lerobot/datasets/push_dataset_to_hub) by extensions ['cmake', 'python']
[0.282s] Level 1:colcon.colcon_core.package_identification:_identify(libs/lerobot/src/lerobot/datasets/push_dataset_to_hub) by extension 'cmake'
[0.282s] Level 1:colcon.colcon_core.package_identification:_identify(libs/lerobot/src/lerobot/datasets/push_dataset_to_hub) by extension 'python'
[0.283s] Level 1:colcon.colcon_core.package_identification:_identify(libs/lerobot/src/lerobot/datasets/push_dataset_to_hub) by extensions ['python_setup_py']
[0.283s] Level 1:colcon.colcon_core.package_identification:_identify(libs/lerobot/src/lerobot/datasets/push_dataset_to_hub) by extension 'python_setup_py'
[0.283s] Level 1:colcon.colcon_core.package_identification:_identify(libs/lerobot/src/lerobot/datasets/v30) by extensions ['ignore', 'ignore_ament_install']
[0.283s] Level 1:colcon.colcon_core.package_identification:_identify(libs/lerobot/src/lerobot/datasets/v30) by extension 'ignore'
[0.283s] Level 1:colcon.colcon_core.package_identification:_identify(libs/lerobot/src/lerobot/datasets/v30) by extension 'ignore_ament_install'
[0.283s] Level 1:colcon.colcon_core.package_identification:_identify(libs/lerobot/src/lerobot/datasets/v30) by extensions ['colcon_pkg']
[0.283s] Level 1:colcon.colcon_core.package_identification:_identify(libs/lerobot/src/lerobot/datasets/v30) by extension 'colcon_pkg'
[0.283s] Level 1:colcon.colcon_core.package_identification:_identify(libs/lerobot/src/lerobot/datasets/v30) by extensions ['colcon_meta']
[0.283s] Level 1:colcon.colcon_core.package_identification:_identify(libs/lerobot/src/lerobot/datasets/v30) by extension 'colcon_meta'
[0.283s] Level 1:colcon.colcon_core.package_identification:_identify(libs/lerobot/src/lerobot/datasets/v30) by extensions ['ros']
[0.283s] Level 1:colcon.colcon_core.package_identification:_identify(libs/lerobot/src/lerobot/datasets/v30) by extension 'ros'
[0.283s] Level 1:colcon.colcon_core.package_identification:_identify(libs/lerobot/src/lerobot/datasets/v30) by extensions ['cmake', 'python']
[0.283s] Level 1:colcon.colcon_core.package_identification:_identify(libs/lerobot/src/lerobot/datasets/v30) by extension 'cmake'
[0.283s] Level 1:colcon.colcon_core.package_identification:_identify(libs/lerobot/src/lerobot/datasets/v30) by extension 'python'
[0.283s] Level 1:colcon.colcon_core.package_identification:_identify(libs/lerobot/src/lerobot/datasets/v30) by extensions ['python_setup_py']
[0.283s] Level 1:colcon.colcon_core.package_identification:_identify(libs/lerobot/src/lerobot/datasets/v30) by extension 'python_setup_py'
[0.283s] Level 1:colcon.colcon_core.package_identification:_identify(libs/lerobot/src/lerobot/envs) by extensions ['ignore', 'ignore_ament_install']
[0.283s] Level 1:colcon.colcon_core.package_identification:_identify(libs/lerobot/src/lerobot/envs) by extension 'ignore'
[0.284s] Level 1:colcon.colcon_core.package_identification:_identify(libs/lerobot/src/lerobot/envs) by extension 'ignore_ament_install'
[0.284s] Level 1:colcon.colcon_core.package_identification:_identify(libs/lerobot/src/lerobot/envs) by extensions ['colcon_pkg']
[0.284s] Level 1:colcon.colcon_core.package_identification:_identify(libs/lerobot/src/lerobot/envs) by extension 'colcon_pkg'
[0.284s] Level 1:colcon.colcon_core.package_identification:_identify(libs/lerobot/src/lerobot/envs) by extensions ['colcon_meta']
[0.284s] Level 1:colcon.colcon_core.package_identification:_identify(libs/lerobot/src/lerobot/envs) by extension 'colcon_meta'
[0.284s] Level 1:colcon.colcon_core.package_identification:_identify(libs/lerobot/src/lerobot/envs) by extensions ['ros']
[0.284s] Level 1:colcon.colcon_core.package_identification:_identify(libs/lerobot/src/lerobot/envs) by extension 'ros'
[0.284s] Level 1:colcon.colcon_core.package_identification:_identify(libs/lerobot/src/lerobot/envs) by extensions ['cmake', 'python']
[0.284s] Level 1:colcon.colcon_core.package_identification:_identify(libs/lerobot/src/lerobot/envs) by extension 'cmake'
[0.284s] Level 1:colcon.colcon_core.package_identification:_identify(libs/lerobot/src/lerobot/envs) by extension 'python'
[0.284s] Level 1:colcon.colcon_core.package_identification:_identify(libs/lerobot/src/lerobot/envs) by extensions ['python_setup_py']
[0.284s] Level 1:colcon.colcon_core.package_identification:_identify(libs/lerobot/src/lerobot/envs) by extension 'python_setup_py'
[0.284s] Level 1:colcon.colcon_core.package_identification:_identify(libs/lerobot/src/lerobot/model) by extensions ['ignore', 'ignore_ament_install']
[0.284s] Level 1:colcon.colcon_core.package_identification:_identify(libs/lerobot/src/lerobot/model) by extension 'ignore'
[0.284s] Level 1:colcon.colcon_core.package_identification:_identify(libs/lerobot/src/lerobot/model) by extension 'ignore_ament_install'
[0.284s] Level 1:colcon.colcon_core.package_identification:_identify(libs/lerobot/src/lerobot/model) by extensions ['colcon_pkg']
[0.284s] Level 1:colcon.colcon_core.package_identification:_identify(libs/lerobot/src/lerobot/model) by extension 'colcon_pkg'
[0.284s] Level 1:colcon.colcon_core.package_identification:_identify(libs/lerobot/src/lerobot/model) by extensions ['colcon_meta']
[0.284s] Level 1:colcon.colcon_core.package_identification:_identify(libs/lerobot/src/lerobot/model) by extension 'colcon_meta'
[0.285s] Level 1:colcon.colcon_core.package_identification:_identify(libs/lerobot/src/lerobot/model) by extensions ['ros']
[0.285s] Level 1:colcon.colcon_core.package_identification:_identify(libs/lerobot/src/lerobot/model) by extension 'ros'
[0.285s] Level 1:colcon.colcon_core.package_identification:_identify(libs/lerobot/src/lerobot/model) by extensions ['cmake', 'python']
[0.285s] Level 1:colcon.colcon_core.package_identification:_identify(libs/lerobot/src/lerobot/model) by extension 'cmake'
[0.285s] Level 1:colcon.colcon_core.package_identification:_identify(libs/lerobot/src/lerobot/model) by extension 'python'
[0.285s] Level 1:colcon.colcon_core.package_identification:_identify(libs/lerobot/src/lerobot/model) by extensions ['python_setup_py']
[0.285s] Level 1:colcon.colcon_core.package_identification:_identify(libs/lerobot/src/lerobot/model) by extension 'python_setup_py'
[0.285s] Level 1:colcon.colcon_core.package_identification:_identify(libs/lerobot/src/lerobot/motors) by extensions ['ignore', 'ignore_ament_install']
[0.285s] Level 1:colcon.colcon_core.package_identification:_identify(libs/lerobot/src/lerobot/motors) by extension 'ignore'
[0.285s] Level 1:colcon.colcon_core.package_identification:_identify(libs/lerobot/src/lerobot/motors) by extension 'ignore_ament_install'
[0.285s] Level 1:colcon.colcon_core.package_identification:_identify(libs/lerobot/src/lerobot/motors) by extensions ['colcon_pkg']
[0.285s] Level 1:colcon.colcon_core.package_identification:_identify(libs/lerobot/src/lerobot/motors) by extension 'colcon_pkg'
[0.285s] Level 1:colcon.colcon_core.package_identification:_identify(libs/lerobot/src/lerobot/motors) by extensions ['colcon_meta']
[0.285s] Level 1:colcon.colcon_core.package_identification:_identify(libs/lerobot/src/lerobot/motors) by extension 'colcon_meta'
[0.285s] Level 1:colcon.colcon_core.package_identification:_identify(libs/lerobot/src/lerobot/motors) by extensions ['ros']
[0.285s] Level 1:colcon.colcon_core.package_identification:_identify(libs/lerobot/src/lerobot/motors) by extension 'ros'
[0.285s] Level 1:colcon.colcon_core.package_identification:_identify(libs/lerobot/src/lerobot/motors) by extensions ['cmake', 'python']
[0.285s] Level 1:colcon.colcon_core.package_identification:_identify(libs/lerobot/src/lerobot/motors) by extension 'cmake'
[0.285s] Level 1:colcon.colcon_core.package_identification:_identify(libs/lerobot/src/lerobot/motors) by extension 'python'
[0.286s] Level 1:colcon.colcon_core.package_identification:_identify(libs/lerobot/src/lerobot/motors) by extensions ['python_setup_py']
[0.286s] Level 1:colcon.colcon_core.package_identification:_identify(libs/lerobot/src/lerobot/motors) by extension 'python_setup_py'
[0.286s] Level 1:colcon.colcon_core.package_identification:_identify(libs/lerobot/src/lerobot/motors/dynamixel) by extensions ['ignore', 'ignore_ament_install']
[0.286s] Level 1:colcon.colcon_core.package_identification:_identify(libs/lerobot/src/lerobot/motors/dynamixel) by extension 'ignore'
[0.286s] Level 1:colcon.colcon_core.package_identification:_identify(libs/lerobot/src/lerobot/motors/dynamixel) by extension 'ignore_ament_install'
[0.286s] Level 1:colcon.colcon_core.package_identification:_identify(libs/lerobot/src/lerobot/motors/dynamixel) by extensions ['colcon_pkg']
[0.286s] Level 1:colcon.colcon_core.package_identification:_identify(libs/lerobot/src/lerobot/motors/dynamixel) by extension 'colcon_pkg'
[0.286s] Level 1:colcon.colcon_core.package_identification:_identify(libs/lerobot/src/lerobot/motors/dynamixel) by extensions ['colcon_meta']
[0.286s] Level 1:colcon.colcon_core.package_identification:_identify(libs/lerobot/src/lerobot/motors/dynamixel) by extension 'colcon_meta'
[0.286s] Level 1:colcon.colcon_core.package_identification:_identify(libs/lerobot/src/lerobot/motors/dynamixel) by extensions ['ros']
[0.286s] Level 1:colcon.colcon_core.package_identification:_identify(libs/lerobot/src/lerobot/motors/dynamixel) by extension 'ros'
[0.286s] Level 1:colcon.colcon_core.package_identification:_identify(libs/lerobot/src/lerobot/motors/dynamixel) by extensions ['cmake', 'python']
[0.286s] Level 1:colcon.colcon_core.package_identification:_identify(libs/lerobot/src/lerobot/motors/dynamixel) by extension 'cmake'
[0.286s] Level 1:colcon.colcon_core.package_identification:_identify(libs/lerobot/src/lerobot/motors/dynamixel) by extension 'python'
[0.286s] Level 1:colcon.colcon_core.package_identification:_identify(libs/lerobot/src/lerobot/motors/dynamixel) by extensions ['python_setup_py']
[0.286s] Level 1:colcon.colcon_core.package_identification:_identify(libs/lerobot/src/lerobot/motors/dynamixel) by extension 'python_setup_py'
[0.286s] Level 1:colcon.colcon_core.package_identification:_identify(libs/lerobot/src/lerobot/motors/feetech) by extensions ['ignore', 'ignore_ament_install']
[0.287s] Level 1:colcon.colcon_core.package_identification:_identify(libs/lerobot/src/lerobot/motors/feetech) by extension 'ignore'
[0.287s] Level 1:colcon.colcon_core.package_identification:_identify(libs/lerobot/src/lerobot/motors/feetech) by extension 'ignore_ament_install'
[0.287s] Level 1:colcon.colcon_core.package_identification:_identify(libs/lerobot/src/lerobot/motors/feetech) by extensions ['colcon_pkg']
[0.287s] Level 1:colcon.colcon_core.package_identification:_identify(libs/lerobot/src/lerobot/motors/feetech) by extension 'colcon_pkg'
[0.287s] Level 1:colcon.colcon_core.package_identification:_identify(libs/lerobot/src/lerobot/motors/feetech) by extensions ['colcon_meta']
[0.287s] Level 1:colcon.colcon_core.package_identification:_identify(libs/lerobot/src/lerobot/motors/feetech) by extension 'colcon_meta'
[0.287s] Level 1:colcon.colcon_core.package_identification:_identify(libs/lerobot/src/lerobot/motors/feetech) by extensions ['ros']
[0.287s] Level 1:colcon.colcon_core.package_identification:_identify(libs/lerobot/src/lerobot/motors/feetech) by extension 'ros'
[0.287s] Level 1:colcon.colcon_core.package_identification:_identify(libs/lerobot/src/lerobot/motors/feetech) by extensions ['cmake', 'python']
[0.287s] Level 1:colcon.colcon_core.package_identification:_identify(libs/lerobot/src/lerobot/motors/feetech) by extension 'cmake'
[0.287s] Level 1:colcon.colcon_core.package_identification:_identify(libs/lerobot/src/lerobot/motors/feetech) by extension 'python'
[0.287s] Level 1:colcon.colcon_core.package_identification:_identify(libs/lerobot/src/lerobot/motors/feetech) by extensions ['python_setup_py']
[0.287s] Level 1:colcon.colcon_core.package_identification:_identify(libs/lerobot/src/lerobot/motors/feetech) by extension 'python_setup_py'
[0.287s] Level 1:colcon.colcon_core.package_identification:_identify(libs/lerobot/src/lerobot/optim) by extensions ['ignore', 'ignore_ament_install']
[0.287s] Level 1:colcon.colcon_core.package_identification:_identify(libs/lerobot/src/lerobot/optim) by extension 'ignore'
[0.287s] Level 1:colcon.colcon_core.package_identification:_identify(libs/lerobot/src/lerobot/optim) by extension 'ignore_ament_install'
[0.287s] Level 1:colcon.colcon_core.package_identification:_identify(libs/lerobot/src/lerobot/optim) by extensions ['colcon_pkg']
[0.287s] Level 1:colcon.colcon_core.package_identification:_identify(libs/lerobot/src/lerobot/optim) by extension 'colcon_pkg'
[0.287s] Level 1:colcon.colcon_core.package_identification:_identify(libs/lerobot/src/lerobot/optim) by extensions ['colcon_meta']
[0.288s] Level 1:colcon.colcon_core.package_identification:_identify(libs/lerobot/src/lerobot/optim) by extension 'colcon_meta'
[0.288s] Level 1:colcon.colcon_core.package_identification:_identify(libs/lerobot/src/lerobot/optim) by extensions ['ros']
[0.288s] Level 1:colcon.colcon_core.package_identification:_identify(libs/lerobot/src/lerobot/optim) by extension 'ros'
[0.288s] Level 1:colcon.colcon_core.package_identification:_identify(libs/lerobot/src/lerobot/optim) by extensions ['cmake', 'python']
[0.288s] Level 1:colcon.colcon_core.package_identification:_identify(libs/lerobot/src/lerobot/optim) by extension 'cmake'
[0.288s] Level 1:colcon.colcon_core.package_identification:_identify(libs/lerobot/src/lerobot/optim) by extension 'python'
[0.288s] Level 1:colcon.colcon_core.package_identification:_identify(libs/lerobot/src/lerobot/optim) by extensions ['python_setup_py']
[0.288s] Level 1:colcon.colcon_core.package_identification:_identify(libs/lerobot/src/lerobot/optim) by extension 'python_setup_py'
[0.288s] Level 1:colcon.colcon_core.package_identification:_identify(libs/lerobot/src/lerobot/policies) by extensions ['ignore', 'ignore_ament_install']
[0.288s] Level 1:colcon.colcon_core.package_identification:_identify(libs/lerobot/src/lerobot/policies) by extension 'ignore'
[0.288s] Level 1:colcon.colcon_core.package_identification:_identify(libs/lerobot/src/lerobot/policies) by extension 'ignore_ament_install'
[0.288s] Level 1:colcon.colcon_core.package_identification:_identify(libs/lerobot/src/lerobot/policies) by extensions ['colcon_pkg']
[0.288s] Level 1:colcon.colcon_core.package_identification:_identify(libs/lerobot/src/lerobot/policies) by extension 'colcon_pkg'
[0.288s] Level 1:colcon.colcon_core.package_identification:_identify(libs/lerobot/src/lerobot/policies) by extensions ['colcon_meta']
[0.288s] Level 1:colcon.colcon_core.package_identification:_identify(libs/lerobot/src/lerobot/policies) by extension 'colcon_meta'
[0.288s] Level 1:colcon.colcon_core.package_identification:_identify(libs/lerobot/src/lerobot/policies) by extensions ['ros']
[0.288s] Level 1:colcon.colcon_core.package_identification:_identify(libs/lerobot/src/lerobot/policies) by extension 'ros'
[0.288s] Level 1:colcon.colcon_core.package_identification:_identify(libs/lerobot/src/lerobot/policies) by extensions ['cmake', 'python']
[0.288s] Level 1:colcon.colcon_core.package_identification:_identify(libs/lerobot/src/lerobot/policies) by extension 'cmake'
[0.289s] Level 1:colcon.colcon_core.package_identification:_identify(libs/lerobot/src/lerobot/policies) by extension 'python'
[0.289s] Level 1:colcon.colcon_core.package_identification:_identify(libs/lerobot/src/lerobot/policies) by extensions ['python_setup_py']
[0.289s] Level 1:colcon.colcon_core.package_identification:_identify(libs/lerobot/src/lerobot/policies) by extension 'python_setup_py'
[0.289s] Level 1:colcon.colcon_core.package_identification:_identify(libs/lerobot/src/lerobot/policies/act) by extensions ['ignore', 'ignore_ament_install']
[0.289s] Level 1:colcon.colcon_core.package_identification:_identify(libs/lerobot/src/lerobot/policies/act) by extension 'ignore'
[0.289s] Level 1:colcon.colcon_core.package_identification:_identify(libs/lerobot/src/lerobot/policies/act) by extension 'ignore_ament_install'
[0.289s] Level 1:colcon.colcon_core.package_identification:_identify(libs/lerobot/src/lerobot/policies/act) by extensions ['colcon_pkg']
[0.289s] Level 1:colcon.colcon_core.package_identification:_identify(libs/lerobot/src/lerobot/policies/act) by extension 'colcon_pkg'
[0.289s] Level 1:colcon.colcon_core.package_identification:_identify(libs/lerobot/src/lerobot/policies/act) by extensions ['colcon_meta']
[0.289s] Level 1:colcon.colcon_core.package_identification:_identify(libs/lerobot/src/lerobot/policies/act) by extension 'colcon_meta'
[0.289s] Level 1:colcon.colcon_core.package_identification:_identify(libs/lerobot/src/lerobot/policies/act) by extensions ['ros']
[0.289s] Level 1:colcon.colcon_core.package_identification:_identify(libs/lerobot/src/lerobot/policies/act) by extension 'ros'
[0.289s] Level 1:colcon.colcon_core.package_identification:_identify(libs/lerobot/src/lerobot/policies/act) by extensions ['cmake', 'python']
[0.289s] Level 1:colcon.colcon_core.package_identification:_identify(libs/lerobot/src/lerobot/policies/act) by extension 'cmake'
[0.289s] Level 1:colcon.colcon_core.package_identification:_identify(libs/lerobot/src/lerobot/policies/act) by extension 'python'
[0.289s] Level 1:colcon.colcon_core.package_identification:_identify(libs/lerobot/src/lerobot/policies/act) by extensions ['python_setup_py']
[0.289s] Level 1:colcon.colcon_core.package_identification:_identify(libs/lerobot/src/lerobot/policies/act) by extension 'python_setup_py'
[0.289s] Level 1:colcon.colcon_core.package_identification:_identify(libs/lerobot/src/lerobot/policies/diffusion) by extensions ['ignore', 'ignore_ament_install']
[0.290s] Level 1:colcon.colcon_core.package_identification:_identify(libs/lerobot/src/lerobot/policies/diffusion) by extension 'ignore'
[0.290s] Level 1:colcon.colcon_core.package_identification:_identify(libs/lerobot/src/lerobot/policies/diffusion) by extension 'ignore_ament_install'
[0.290s] Level 1:colcon.colcon_core.package_identification:_identify(libs/lerobot/src/lerobot/policies/diffusion) by extensions ['colcon_pkg']
[0.290s] Level 1:colcon.colcon_core.package_identification:_identify(libs/lerobot/src/lerobot/policies/diffusion) by extension 'colcon_pkg'
[0.290s] Level 1:colcon.colcon_core.package_identification:_identify(libs/lerobot/src/lerobot/policies/diffusion) by extensions ['colcon_meta']
[0.290s] Level 1:colcon.colcon_core.package_identification:_identify(libs/lerobot/src/lerobot/policies/diffusion) by extension 'colcon_meta'
[0.290s] Level 1:colcon.colcon_core.package_identification:_identify(libs/lerobot/src/lerobot/policies/diffusion) by extensions ['ros']
[0.290s] Level 1:colcon.colcon_core.package_identification:_identify(libs/lerobot/src/lerobot/policies/diffusion) by extension 'ros'
[0.290s] Level 1:colcon.colcon_core.package_identification:_identify(libs/lerobot/src/lerobot/policies/diffusion) by extensions ['cmake', 'python']
[0.290s] Level 1:colcon.colcon_core.package_identification:_identify(libs/lerobot/src/lerobot/policies/diffusion) by extension 'cmake'
[0.290s] Level 1:colcon.colcon_core.package_identification:_identify(libs/lerobot/src/lerobot/policies/diffusion) by extension 'python'
[0.290s] Level 1:colcon.colcon_core.package_identification:_identify(libs/lerobot/src/lerobot/policies/diffusion) by extensions ['python_setup_py']
[0.290s] Level 1:colcon.colcon_core.package_identification:_identify(libs/lerobot/src/lerobot/policies/diffusion) by extension 'python_setup_py'
[0.290s] Level 1:colcon.colcon_core.package_identification:_identify(libs/lerobot/src/lerobot/policies/pi0) by extensions ['ignore', 'ignore_ament_install']
[0.290s] Level 1:colcon.colcon_core.package_identification:_identify(libs/lerobot/src/lerobot/policies/pi0) by extension 'ignore'
[0.290s] Level 1:colcon.colcon_core.package_identification:_identify(libs/lerobot/src/lerobot/policies/pi0) by extension 'ignore_ament_install'
[0.290s] Level 1:colcon.colcon_core.package_identification:_identify(libs/lerobot/src/lerobot/policies/pi0) by extensions ['colcon_pkg']
[0.291s] Level 1:colcon.colcon_core.package_identification:_identify(libs/lerobot/src/lerobot/policies/pi0) by extension 'colcon_pkg'
[0.291s] Level 1:colcon.colcon_core.package_identification:_identify(libs/lerobot/src/lerobot/policies/pi0) by extensions ['colcon_meta']
[0.291s] Level 1:colcon.colcon_core.package_identification:_identify(libs/lerobot/src/lerobot/policies/pi0) by extension 'colcon_meta'
[0.291s] Level 1:colcon.colcon_core.package_identification:_identify(libs/lerobot/src/lerobot/policies/pi0) by extensions ['ros']
[0.291s] Level 1:colcon.colcon_core.package_identification:_identify(libs/lerobot/src/lerobot/policies/pi0) by extension 'ros'
[0.291s] Level 1:colcon.colcon_core.package_identification:_identify(libs/lerobot/src/lerobot/policies/pi0) by extensions ['cmake', 'python']
[0.291s] Level 1:colcon.colcon_core.package_identification:_identify(libs/lerobot/src/lerobot/policies/pi0) by extension 'cmake'
[0.291s] Level 1:colcon.colcon_core.package_identification:_identify(libs/lerobot/src/lerobot/policies/pi0) by extension 'python'
[0.291s] Level 1:colcon.colcon_core.package_identification:_identify(libs/lerobot/src/lerobot/policies/pi0) by extensions ['python_setup_py']
[0.291s] Level 1:colcon.colcon_core.package_identification:_identify(libs/lerobot/src/lerobot/policies/pi0) by extension 'python_setup_py'
[0.291s] Level 1:colcon.colcon_core.package_identification:_identify(libs/lerobot/src/lerobot/policies/pi0/conversion_scripts) by extensions ['ignore', 'ignore_ament_install']
[0.291s] Level 1:colcon.colcon_core.package_identification:_identify(libs/lerobot/src/lerobot/policies/pi0/conversion_scripts) by extension 'ignore'
[0.291s] Level 1:colcon.colcon_core.package_identification:_identify(libs/lerobot/src/lerobot/policies/pi0/conversion_scripts) by extension 'ignore_ament_install'
[0.291s] Level 1:colcon.colcon_core.package_identification:_identify(libs/lerobot/src/lerobot/policies/pi0/conversion_scripts) by extensions ['colcon_pkg']
[0.291s] Level 1:colcon.colcon_core.package_identification:_identify(libs/lerobot/src/lerobot/policies/pi0/conversion_scripts) by extension 'colcon_pkg'
[0.291s] Level 1:colcon.colcon_core.package_identification:_identify(libs/lerobot/src/lerobot/policies/pi0/conversion_scripts) by extensions ['colcon_meta']
[0.291s] Level 1:colcon.colcon_core.package_identification:_identify(libs/lerobot/src/lerobot/policies/pi0/conversion_scripts) by extension 'colcon_meta'
[0.291s] Level 1:colcon.colcon_core.package_identification:_identify(libs/lerobot/src/lerobot/policies/pi0/conversion_scripts) by extensions ['ros']
[0.291s] Level 1:colcon.colcon_core.package_identification:_identify(libs/lerobot/src/lerobot/policies/pi0/conversion_scripts) by extension 'ros'
[0.292s] Level 1:colcon.colcon_core.package_identification:_identify(libs/lerobot/src/lerobot/policies/pi0/conversion_scripts) by extensions ['cmake', 'python']
[0.292s] Level 1:colcon.colcon_core.package_identification:_identify(libs/lerobot/src/lerobot/policies/pi0/conversion_scripts) by extension 'cmake'
[0.292s] Level 1:colcon.colcon_core.package_identification:_identify(libs/lerobot/src/lerobot/policies/pi0/conversion_scripts) by extension 'python'
[0.292s] Level 1:colcon.colcon_core.package_identification:_identify(libs/lerobot/src/lerobot/policies/pi0/conversion_scripts) by extensions ['python_setup_py']
[0.292s] Level 1:colcon.colcon_core.package_identification:_identify(libs/lerobot/src/lerobot/policies/pi0/conversion_scripts) by extension 'python_setup_py'
[0.292s] Level 1:colcon.colcon_core.package_identification:_identify(libs/lerobot/src/lerobot/policies/pi0fast) by extensions ['ignore', 'ignore_ament_install']
[0.292s] Level 1:colcon.colcon_core.package_identification:_identify(libs/lerobot/src/lerobot/policies/pi0fast) by extension 'ignore'
[0.292s] Level 1:colcon.colcon_core.package_identification:_identify(libs/lerobot/src/lerobot/policies/pi0fast) by extension 'ignore_ament_install'
[0.292s] Level 1:colcon.colcon_core.package_identification:_identify(libs/lerobot/src/lerobot/policies/pi0fast) by extensions ['colcon_pkg']
[0.292s] Level 1:colcon.colcon_core.package_identification:_identify(libs/lerobot/src/lerobot/policies/pi0fast) by extension 'colcon_pkg'
[0.292s] Level 1:colcon.colcon_core.package_identification:_identify(libs/lerobot/src/lerobot/policies/pi0fast) by extensions ['colcon_meta']
[0.292s] Level 1:colcon.colcon_core.package_identification:_identify(libs/lerobot/src/lerobot/policies/pi0fast) by extension 'colcon_meta'
[0.292s] Level 1:colcon.colcon_core.package_identification:_identify(libs/lerobot/src/lerobot/policies/pi0fast) by extensions ['ros']
[0.292s] Level 1:colcon.colcon_core.package_identification:_identify(libs/lerobot/src/lerobot/policies/pi0fast) by extension 'ros'
[0.292s] Level 1:colcon.colcon_core.package_identification:_identify(libs/lerobot/src/lerobot/policies/pi0fast) by extensions ['cmake', 'python']
[0.292s] Level 1:colcon.colcon_core.package_identification:_identify(libs/lerobot/src/lerobot/policies/pi0fast) by extension 'cmake'
[0.292s] Level 1:colcon.colcon_core.package_identification:_identify(libs/lerobot/src/lerobot/policies/pi0fast) by extension 'python'
[0.292s] Level 1:colcon.colcon_core.package_identification:_identify(libs/lerobot/src/lerobot/policies/pi0fast) by extensions ['python_setup_py']
[0.293s] Level 1:colcon.colcon_core.package_identification:_identify(libs/lerobot/src/lerobot/policies/pi0fast) by extension 'python_setup_py'
[0.293s] Level 1:colcon.colcon_core.package_identification:_identify(libs/lerobot/src/lerobot/policies/sac) by extensions ['ignore', 'ignore_ament_install']
[0.293s] Level 1:colcon.colcon_core.package_identification:_identify(libs/lerobot/src/lerobot/policies/sac) by extension 'ignore'
[0.293s] Level 1:colcon.colcon_core.package_identification:_identify(libs/lerobot/src/lerobot/policies/sac) by extension 'ignore_ament_install'
[0.293s] Level 1:colcon.colcon_core.package_identification:_identify(libs/lerobot/src/lerobot/policies/sac) by extensions ['colcon_pkg']
[0.293s] Level 1:colcon.colcon_core.package_identification:_identify(libs/lerobot/src/lerobot/policies/sac) by extension 'colcon_pkg'
[0.293s] Level 1:colcon.colcon_core.package_identification:_identify(libs/lerobot/src/lerobot/policies/sac) by extensions ['colcon_meta']
[0.293s] Level 1:colcon.colcon_core.package_identification:_identify(libs/lerobot/src/lerobot/policies/sac) by extension 'colcon_meta'
[0.293s] Level 1:colcon.colcon_core.package_identification:_identify(libs/lerobot/src/lerobot/policies/sac) by extensions ['ros']
[0.293s] Level 1:colcon.colcon_core.package_identification:_identify(libs/lerobot/src/lerobot/policies/sac) by extension 'ros'
[0.293s] Level 1:colcon.colcon_core.package_identification:_identify(libs/lerobot/src/lerobot/policies/sac) by extensions ['cmake', 'python']
[0.293s] Level 1:colcon.colcon_core.package_identification:_identify(libs/lerobot/src/lerobot/policies/sac) by extension 'cmake'
[0.293s] Level 1:colcon.colcon_core.package_identification:_identify(libs/lerobot/src/lerobot/policies/sac) by extension 'python'
[0.293s] Level 1:colcon.colcon_core.package_identification:_identify(libs/lerobot/src/lerobot/policies/sac) by extensions ['python_setup_py']
[0.293s] Level 1:colcon.colcon_core.package_identification:_identify(libs/lerobot/src/lerobot/policies/sac) by extension 'python_setup_py'
[0.293s] Level 1:colcon.colcon_core.package_identification:_identify(libs/lerobot/src/lerobot/policies/sac/reward_model) by extensions ['ignore', 'ignore_ament_install']
[0.293s] Level 1:colcon.colcon_core.package_identification:_identify(libs/lerobot/src/lerobot/policies/sac/reward_model) by extension 'ignore'
[0.294s] Level 1:colcon.colcon_core.package_identification:_identify(libs/lerobot/src/lerobot/policies/sac/reward_model) by extension 'ignore_ament_install'
[0.294s] Level 1:colcon.colcon_core.package_identification:_identify(libs/lerobot/src/lerobot/policies/sac/reward_model) by extensions ['colcon_pkg']
[0.294s] Level 1:colcon.colcon_core.package_identification:_identify(libs/lerobot/src/lerobot/policies/sac/reward_model) by extension 'colcon_pkg'
[0.294s] Level 1:colcon.colcon_core.package_identification:_identify(libs/lerobot/src/lerobot/policies/sac/reward_model) by extensions ['colcon_meta']
[0.294s] Level 1:colcon.colcon_core.package_identification:_identify(libs/lerobot/src/lerobot/policies/sac/reward_model) by extension 'colcon_meta'
[0.294s] Level 1:colcon.colcon_core.package_identification:_identify(libs/lerobot/src/lerobot/policies/sac/reward_model) by extensions ['ros']
[0.294s] Level 1:colcon.colcon_core.package_identification:_identify(libs/lerobot/src/lerobot/policies/sac/reward_model) by extension 'ros'
[0.294s] Level 1:colcon.colcon_core.package_identification:_identify(libs/lerobot/src/lerobot/policies/sac/reward_model) by extensions ['cmake', 'python']
[0.294s] Level 1:colcon.colcon_core.package_identification:_identify(libs/lerobot/src/lerobot/policies/sac/reward_model) by extension 'cmake'
[0.294s] Level 1:colcon.colcon_core.package_identification:_identify(libs/lerobot/src/lerobot/policies/sac/reward_model) by extension 'python'
[0.294s] Level 1:colcon.colcon_core.package_identification:_identify(libs/lerobot/src/lerobot/policies/sac/reward_model) by extensions ['python_setup_py']
[0.294s] Level 1:colcon.colcon_core.package_identification:_identify(libs/lerobot/src/lerobot/policies/sac/reward_model) by extension 'python_setup_py'
[0.294s] Level 1:colcon.colcon_core.package_identification:_identify(libs/lerobot/src/lerobot/policies/smolvla) by extensions ['ignore', 'ignore_ament_install']
[0.294s] Level 1:colcon.colcon_core.package_identification:_identify(libs/lerobot/src/lerobot/policies/smolvla) by extension 'ignore'
[0.294s] Level 1:colcon.colcon_core.package_identification:_identify(libs/lerobot/src/lerobot/policies/smolvla) by extension 'ignore_ament_install'
[0.294s] Level 1:colcon.colcon_core.package_identification:_identify(libs/lerobot/src/lerobot/policies/smolvla) by extensions ['colcon_pkg']
[0.294s] Level 1:colcon.colcon_core.package_identification:_identify(libs/lerobot/src/lerobot/policies/smolvla) by extension 'colcon_pkg'
[0.294s] Level 1:colcon.colcon_core.package_identification:_identify(libs/lerobot/src/lerobot/policies/smolvla) by extensions ['colcon_meta']
[0.295s] Level 1:colcon.colcon_core.package_identification:_identify(libs/lerobot/src/lerobot/policies/smolvla) by extension 'colcon_meta'
[0.295s] Level 1:colcon.colcon_core.package_identification:_identify(libs/lerobot/src/lerobot/policies/smolvla) by extensions ['ros']
[0.295s] Level 1:colcon.colcon_core.package_identification:_identify(libs/lerobot/src/lerobot/policies/smolvla) by extension 'ros'
[0.295s] Level 1:colcon.colcon_core.package_identification:_identify(libs/lerobot/src/lerobot/policies/smolvla) by extensions ['cmake', 'python']
[0.295s] Level 1:colcon.colcon_core.package_identification:_identify(libs/lerobot/src/lerobot/policies/smolvla) by extension 'cmake'
[0.295s] Level 1:colcon.colcon_core.package_identification:_identify(libs/lerobot/src/lerobot/policies/smolvla) by extension 'python'
[0.295s] Level 1:colcon.colcon_core.package_identification:_identify(libs/lerobot/src/lerobot/policies/smolvla) by extensions ['python_setup_py']
[0.295s] Level 1:colcon.colcon_core.package_identification:_identify(libs/lerobot/src/lerobot/policies/smolvla) by extension 'python_setup_py'
[0.295s] Level 1:colcon.colcon_core.package_identification:_identify(libs/lerobot/src/lerobot/policies/tdmpc) by extensions ['ignore', 'ignore_ament_install']
[0.295s] Level 1:colcon.colcon_core.package_identification:_identify(libs/lerobot/src/lerobot/policies/tdmpc) by extension 'ignore'
[0.295s] Level 1:colcon.colcon_core.package_identification:_identify(libs/lerobot/src/lerobot/policies/tdmpc) by extension 'ignore_ament_install'
[0.295s] Level 1:colcon.colcon_core.package_identification:_identify(libs/lerobot/src/lerobot/policies/tdmpc) by extensions ['colcon_pkg']
[0.295s] Level 1:colcon.colcon_core.package_identification:_identify(libs/lerobot/src/lerobot/policies/tdmpc) by extension 'colcon_pkg'
[0.295s] Level 1:colcon.colcon_core.package_identification:_identify(libs/lerobot/src/lerobot/policies/tdmpc) by extensions ['colcon_meta']
[0.295s] Level 1:colcon.colcon_core.package_identification:_identify(libs/lerobot/src/lerobot/policies/tdmpc) by extension 'colcon_meta'
[0.295s] Level 1:colcon.colcon_core.package_identification:_identify(libs/lerobot/src/lerobot/policies/tdmpc) by extensions ['ros']
[0.295s] Level 1:colcon.colcon_core.package_identification:_identify(libs/lerobot/src/lerobot/policies/tdmpc) by extension 'ros'
[0.295s] Level 1:colcon.colcon_core.package_identification:_identify(libs/lerobot/src/lerobot/policies/tdmpc) by extensions ['cmake', 'python']
[0.295s] Level 1:colcon.colcon_core.package_identification:_identify(libs/lerobot/src/lerobot/policies/tdmpc) by extension 'cmake'
[0.296s] Level 1:colcon.colcon_core.package_identification:_identify(libs/lerobot/src/lerobot/policies/tdmpc) by extension 'python'
[0.296s] Level 1:colcon.colcon_core.package_identification:_identify(libs/lerobot/src/lerobot/policies/tdmpc) by extensions ['python_setup_py']
[0.296s] Level 1:colcon.colcon_core.package_identification:_identify(libs/lerobot/src/lerobot/policies/tdmpc) by extension 'python_setup_py'
[0.296s] Level 1:colcon.colcon_core.package_identification:_identify(libs/lerobot/src/lerobot/policies/vqbet) by extensions ['ignore', 'ignore_ament_install']
[0.296s] Level 1:colcon.colcon_core.package_identification:_identify(libs/lerobot/src/lerobot/policies/vqbet) by extension 'ignore'
[0.296s] Level 1:colcon.colcon_core.package_identification:_identify(libs/lerobot/src/lerobot/policies/vqbet) by extension 'ignore_ament_install'
[0.296s] Level 1:colcon.colcon_core.package_identification:_identify(libs/lerobot/src/lerobot/policies/vqbet) by extensions ['colcon_pkg']
[0.296s] Level 1:colcon.colcon_core.package_identification:_identify(libs/lerobot/src/lerobot/policies/vqbet) by extension 'colcon_pkg'
[0.296s] Level 1:colcon.colcon_core.package_identification:_identify(libs/lerobot/src/lerobot/policies/vqbet) by extensions ['colcon_meta']
[0.296s] Level 1:colcon.colcon_core.package_identification:_identify(libs/lerobot/src/lerobot/policies/vqbet) by extension 'colcon_meta'
[0.296s] Level 1:colcon.colcon_core.package_identification:_identify(libs/lerobot/src/lerobot/policies/vqbet) by extensions ['ros']
[0.296s] Level 1:colcon.colcon_core.package_identification:_identify(libs/lerobot/src/lerobot/policies/vqbet) by extension 'ros'
[0.296s] Level 1:colcon.colcon_core.package_identification:_identify(libs/lerobot/src/lerobot/policies/vqbet) by extensions ['cmake', 'python']
[0.296s] Level 1:colcon.colcon_core.package_identification:_identify(libs/lerobot/src/lerobot/policies/vqbet) by extension 'cmake'
[0.296s] Level 1:colcon.colcon_core.package_identification:_identify(libs/lerobot/src/lerobot/policies/vqbet) by extension 'python'
[0.296s] Level 1:colcon.colcon_core.package_identification:_identify(libs/lerobot/src/lerobot/policies/vqbet) by extensions ['python_setup_py']
[0.296s] Level 1:colcon.colcon_core.package_identification:_identify(libs/lerobot/src/lerobot/policies/vqbet) by extension 'python_setup_py'
[0.296s] Level 1:colcon.colcon_core.package_identification:_identify(libs/lerobot/src/lerobot/processor) by extensions ['ignore', 'ignore_ament_install']
[0.297s] Level 1:colcon.colcon_core.package_identification:_identify(libs/lerobot/src/lerobot/processor) by extension 'ignore'
[0.297s] Level 1:colcon.colcon_core.package_identification:_identify(libs/lerobot/src/lerobot/processor) by extension 'ignore_ament_install'
[0.297s] Level 1:colcon.colcon_core.package_identification:_identify(libs/lerobot/src/lerobot/processor) by extensions ['colcon_pkg']
[0.297s] Level 1:colcon.colcon_core.package_identification:_identify(libs/lerobot/src/lerobot/processor) by extension 'colcon_pkg'
[0.297s] Level 1:colcon.colcon_core.package_identification:_identify(libs/lerobot/src/lerobot/processor) by extensions ['colcon_meta']
[0.297s] Level 1:colcon.colcon_core.package_identification:_identify(libs/lerobot/src/lerobot/processor) by extension 'colcon_meta'
[0.297s] Level 1:colcon.colcon_core.package_identification:_identify(libs/lerobot/src/lerobot/processor) by extensions ['ros']
[0.297s] Level 1:colcon.colcon_core.package_identification:_identify(libs/lerobot/src/lerobot/processor) by extension 'ros'
[0.297s] Level 1:colcon.colcon_core.package_identification:_identify(libs/lerobot/src/lerobot/processor) by extensions ['cmake', 'python']
[0.297s] Level 1:colcon.colcon_core.package_identification:_identify(libs/lerobot/src/lerobot/processor) by extension 'cmake'
[0.297s] Level 1:colcon.colcon_core.package_identification:_identify(libs/lerobot/src/lerobot/processor) by extension 'python'
[0.297s] Level 1:colcon.colcon_core.package_identification:_identify(libs/lerobot/src/lerobot/processor) by extensions ['python_setup_py']
[0.297s] Level 1:colcon.colcon_core.package_identification:_identify(libs/lerobot/src/lerobot/processor) by extension 'python_setup_py'
[0.297s] Level 1:colcon.colcon_core.package_identification:_identify(libs/lerobot/src/lerobot/robots) by extensions ['ignore', 'ignore_ament_install']
[0.297s] Level 1:colcon.colcon_core.package_identification:_identify(libs/lerobot/src/lerobot/robots) by extension 'ignore'
[0.297s] Level 1:colcon.colcon_core.package_identification:_identify(libs/lerobot/src/lerobot/robots) by extension 'ignore_ament_install'
[0.297s] Level 1:colcon.colcon_core.package_identification:_identify(libs/lerobot/src/lerobot/robots) by extensions ['colcon_pkg']
[0.298s] Level 1:colcon.colcon_core.package_identification:_identify(libs/lerobot/src/lerobot/robots) by extension 'colcon_pkg'
[0.298s] Level 1:colcon.colcon_core.package_identification:_identify(libs/lerobot/src/lerobot/robots) by extensions ['colcon_meta']
[0.298s] Level 1:colcon.colcon_core.package_identification:_identify(libs/lerobot/src/lerobot/robots) by extension 'colcon_meta'
[0.298s] Level 1:colcon.colcon_core.package_identification:_identify(libs/lerobot/src/lerobot/robots) by extensions ['ros']
[0.298s] Level 1:colcon.colcon_core.package_identification:_identify(libs/lerobot/src/lerobot/robots) by extension 'ros'
[0.298s] Level 1:colcon.colcon_core.package_identification:_identify(libs/lerobot/src/lerobot/robots) by extensions ['cmake', 'python']
[0.298s] Level 1:colcon.colcon_core.package_identification:_identify(libs/lerobot/src/lerobot/robots) by extension 'cmake'
[0.298s] Level 1:colcon.colcon_core.package_identification:_identify(libs/lerobot/src/lerobot/robots) by extension 'python'
[0.298s] Level 1:colcon.colcon_core.package_identification:_identify(libs/lerobot/src/lerobot/robots) by extensions ['python_setup_py']
[0.298s] Level 1:colcon.colcon_core.package_identification:_identify(libs/lerobot/src/lerobot/robots) by extension 'python_setup_py'
[0.298s] Level 1:colcon.colcon_core.package_identification:_identify(libs/lerobot/src/lerobot/robots/bi_so100_follower) by extensions ['ignore', 'ignore_ament_install']
[0.298s] Level 1:colcon.colcon_core.package_identification:_identify(libs/lerobot/src/lerobot/robots/bi_so100_follower) by extension 'ignore'
[0.298s] Level 1:colcon.colcon_core.package_identification:_identify(libs/lerobot/src/lerobot/robots/bi_so100_follower) by extension 'ignore_ament_install'
[0.298s] Level 1:colcon.colcon_core.package_identification:_identify(libs/lerobot/src/lerobot/robots/bi_so100_follower) by extensions ['colcon_pkg']
[0.298s] Level 1:colcon.colcon_core.package_identification:_identify(libs/lerobot/src/lerobot/robots/bi_so100_follower) by extension 'colcon_pkg'
[0.298s] Level 1:colcon.colcon_core.package_identification:_identify(libs/lerobot/src/lerobot/robots/bi_so100_follower) by extensions ['colcon_meta']
[0.298s] Level 1:colcon.colcon_core.package_identification:_identify(libs/lerobot/src/lerobot/robots/bi_so100_follower) by extension 'colcon_meta'
[0.298s] Level 1:colcon.colcon_core.package_identification:_identify(libs/lerobot/src/lerobot/robots/bi_so100_follower) by extensions ['ros']
[0.298s] Level 1:colcon.colcon_core.package_identification:_identify(libs/lerobot/src/lerobot/robots/bi_so100_follower) by extension 'ros'
[0.299s] Level 1:colcon.colcon_core.package_identification:_identify(libs/lerobot/src/lerobot/robots/bi_so100_follower) by extensions ['cmake', 'python']
[0.299s] Level 1:colcon.colcon_core.package_identification:_identify(libs/lerobot/src/lerobot/robots/bi_so100_follower) by extension 'cmake'
[0.299s] Level 1:colcon.colcon_core.package_identification:_identify(libs/lerobot/src/lerobot/robots/bi_so100_follower) by extension 'python'
[0.299s] Level 1:colcon.colcon_core.package_identification:_identify(libs/lerobot/src/lerobot/robots/bi_so100_follower) by extensions ['python_setup_py']
[0.299s] Level 1:colcon.colcon_core.package_identification:_identify(libs/lerobot/src/lerobot/robots/bi_so100_follower) by extension 'python_setup_py'
[0.299s] Level 1:colcon.colcon_core.package_identification:_identify(libs/lerobot/src/lerobot/robots/hope_jr) by extensions ['ignore', 'ignore_ament_install']
[0.299s] Level 1:colcon.colcon_core.package_identification:_identify(libs/lerobot/src/lerobot/robots/hope_jr) by extension 'ignore'
[0.299s] Level 1:colcon.colcon_core.package_identification:_identify(libs/lerobot/src/lerobot/robots/hope_jr) by extension 'ignore_ament_install'
[0.299s] Level 1:colcon.colcon_core.package_identification:_identify(libs/lerobot/src/lerobot/robots/hope_jr) by extensions ['colcon_pkg']
[0.299s] Level 1:colcon.colcon_core.package_identification:_identify(libs/lerobot/src/lerobot/robots/hope_jr) by extension 'colcon_pkg'
[0.299s] Level 1:colcon.colcon_core.package_identification:_identify(libs/lerobot/src/lerobot/robots/hope_jr) by extensions ['colcon_meta']
[0.299s] Level 1:colcon.colcon_core.package_identification:_identify(libs/lerobot/src/lerobot/robots/hope_jr) by extension 'colcon_meta'
[0.299s] Level 1:colcon.colcon_core.package_identification:_identify(libs/lerobot/src/lerobot/robots/hope_jr) by extensions ['ros']
[0.299s] Level 1:colcon.colcon_core.package_identification:_identify(libs/lerobot/src/lerobot/robots/hope_jr) by extension 'ros'
[0.299s] Level 1:colcon.colcon_core.package_identification:_identify(libs/lerobot/src/lerobot/robots/hope_jr) by extensions ['cmake', 'python']
[0.299s] Level 1:colcon.colcon_core.package_identification:_identify(libs/lerobot/src/lerobot/robots/hope_jr) by extension 'cmake'
[0.299s] Level 1:colcon.colcon_core.package_identification:_identify(libs/lerobot/src/lerobot/robots/hope_jr) by extension 'python'
[0.299s] Level 1:colcon.colcon_core.package_identification:_identify(libs/lerobot/src/lerobot/robots/hope_jr) by extensions ['python_setup_py']
[0.299s] Level 1:colcon.colcon_core.package_identification:_identify(libs/lerobot/src/lerobot/robots/hope_jr) by extension 'python_setup_py'
[0.300s] Level 1:colcon.colcon_core.package_identification:_identify(libs/lerobot/src/lerobot/robots/koch_follower) by extensions ['ignore', 'ignore_ament_install']
[0.300s] Level 1:colcon.colcon_core.package_identification:_identify(libs/lerobot/src/lerobot/robots/koch_follower) by extension 'ignore'
[0.300s] Level 1:colcon.colcon_core.package_identification:_identify(libs/lerobot/src/lerobot/robots/koch_follower) by extension 'ignore_ament_install'
[0.300s] Level 1:colcon.colcon_core.package_identification:_identify(libs/lerobot/src/lerobot/robots/koch_follower) by extensions ['colcon_pkg']
[0.300s] Level 1:colcon.colcon_core.package_identification:_identify(libs/lerobot/src/lerobot/robots/koch_follower) by extension 'colcon_pkg'
[0.300s] Level 1:colcon.colcon_core.package_identification:_identify(libs/lerobot/src/lerobot/robots/koch_follower) by extensions ['colcon_meta']
[0.300s] Level 1:colcon.colcon_core.package_identification:_identify(libs/lerobot/src/lerobot/robots/koch_follower) by extension 'colcon_meta'
[0.300s] Level 1:colcon.colcon_core.package_identification:_identify(libs/lerobot/src/lerobot/robots/koch_follower) by extensions ['ros']
[0.300s] Level 1:colcon.colcon_core.package_identification:_identify(libs/lerobot/src/lerobot/robots/koch_follower) by extension 'ros'
[0.300s] Level 1:colcon.colcon_core.package_identification:_identify(libs/lerobot/src/lerobot/robots/koch_follower) by extensions ['cmake', 'python']
[0.300s] Level 1:colcon.colcon_core.package_identification:_identify(libs/lerobot/src/lerobot/robots/koch_follower) by extension 'cmake'
[0.300s] Level 1:colcon.colcon_core.package_identification:_identify(libs/lerobot/src/lerobot/robots/koch_follower) by extension 'python'
[0.300s] Level 1:colcon.colcon_core.package_identification:_identify(libs/lerobot/src/lerobot/robots/koch_follower) by extensions ['python_setup_py']
[0.300s] Level 1:colcon.colcon_core.package_identification:_identify(libs/lerobot/src/lerobot/robots/koch_follower) by extension 'python_setup_py'
[0.300s] Level 1:colcon.colcon_core.package_identification:_identify(libs/lerobot/src/lerobot/robots/lekiwi) by extensions ['ignore', 'ignore_ament_install']
[0.300s] Level 1:colcon.colcon_core.package_identification:_identify(libs/lerobot/src/lerobot/robots/lekiwi) by extension 'ignore'
[0.301s] Level 1:colcon.colcon_core.package_identification:_identify(libs/lerobot/src/lerobot/robots/lekiwi) by extension 'ignore_ament_install'
[0.301s] Level 1:colcon.colcon_core.package_identification:_identify(libs/lerobot/src/lerobot/robots/lekiwi) by extensions ['colcon_pkg']
[0.301s] Level 1:colcon.colcon_core.package_identification:_identify(libs/lerobot/src/lerobot/robots/lekiwi) by extension 'colcon_pkg'
[0.301s] Level 1:colcon.colcon_core.package_identification:_identify(libs/lerobot/src/lerobot/robots/lekiwi) by extensions ['colcon_meta']
[0.301s] Level 1:colcon.colcon_core.package_identification:_identify(libs/lerobot/src/lerobot/robots/lekiwi) by extension 'colcon_meta'
[0.301s] Level 1:colcon.colcon_core.package_identification:_identify(libs/lerobot/src/lerobot/robots/lekiwi) by extensions ['ros']
[0.301s] Level 1:colcon.colcon_core.package_identification:_identify(libs/lerobot/src/lerobot/robots/lekiwi) by extension 'ros'
[0.301s] Level 1:colcon.colcon_core.package_identification:_identify(libs/lerobot/src/lerobot/robots/lekiwi) by extensions ['cmake', 'python']
[0.301s] Level 1:colcon.colcon_core.package_identification:_identify(libs/lerobot/src/lerobot/robots/lekiwi) by extension 'cmake'
[0.301s] Level 1:colcon.colcon_core.package_identification:_identify(libs/lerobot/src/lerobot/robots/lekiwi) by extension 'python'
[0.301s] Level 1:colcon.colcon_core.package_identification:_identify(libs/lerobot/src/lerobot/robots/lekiwi) by extensions ['python_setup_py']
[0.301s] Level 1:colcon.colcon_core.package_identification:_identify(libs/lerobot/src/lerobot/robots/lekiwi) by extension 'python_setup_py'
[0.301s] Level 1:colcon.colcon_core.package_identification:_identify(libs/lerobot/src/lerobot/robots/reachy2) by extensions ['ignore', 'ignore_ament_install']
[0.301s] Level 1:colcon.colcon_core.package_identification:_identify(libs/lerobot/src/lerobot/robots/reachy2) by extension 'ignore'
[0.301s] Level 1:colcon.colcon_core.package_identification:_identify(libs/lerobot/src/lerobot/robots/reachy2) by extension 'ignore_ament_install'
[0.301s] Level 1:colcon.colcon_core.package_identification:_identify(libs/lerobot/src/lerobot/robots/reachy2) by extensions ['colcon_pkg']
[0.301s] Level 1:colcon.colcon_core.package_identification:_identify(libs/lerobot/src/lerobot/robots/reachy2) by extension 'colcon_pkg'
[0.301s] Level 1:colcon.colcon_core.package_identification:_identify(libs/lerobot/src/lerobot/robots/reachy2) by extensions ['colcon_meta']
[0.301s] Level 1:colcon.colcon_core.package_identification:_identify(libs/lerobot/src/lerobot/robots/reachy2) by extension 'colcon_meta'
[0.302s] Level 1:colcon.colcon_core.package_identification:_identify(libs/lerobot/src/lerobot/robots/reachy2) by extensions ['ros']
[0.302s] Level 1:colcon.colcon_core.package_identification:_identify(libs/lerobot/src/lerobot/robots/reachy2) by extension 'ros'
[0.302s] Level 1:colcon.colcon_core.package_identification:_identify(libs/lerobot/src/lerobot/robots/reachy2) by extensions ['cmake', 'python']
[0.302s] Level 1:colcon.colcon_core.package_identification:_identify(libs/lerobot/src/lerobot/robots/reachy2) by extension 'cmake'
[0.302s] Level 1:colcon.colcon_core.package_identification:_identify(libs/lerobot/src/lerobot/robots/reachy2) by extension 'python'
[0.302s] Level 1:colcon.colcon_core.package_identification:_identify(libs/lerobot/src/lerobot/robots/reachy2) by extensions ['python_setup_py']
[0.302s] Level 1:colcon.colcon_core.package_identification:_identify(libs/lerobot/src/lerobot/robots/reachy2) by extension 'python_setup_py'
[0.302s] Level 1:colcon.colcon_core.package_identification:_identify(libs/lerobot/src/lerobot/robots/so100_follower) by extensions ['ignore', 'ignore_ament_install']
[0.302s] Level 1:colcon.colcon_core.package_identification:_identify(libs/lerobot/src/lerobot/robots/so100_follower) by extension 'ignore'
[0.302s] Level 1:colcon.colcon_core.package_identification:_identify(libs/lerobot/src/lerobot/robots/so100_follower) by extension 'ignore_ament_install'
[0.302s] Level 1:colcon.colcon_core.package_identification:_identify(libs/lerobot/src/lerobot/robots/so100_follower) by extensions ['colcon_pkg']
[0.302s] Level 1:colcon.colcon_core.package_identification:_identify(libs/lerobot/src/lerobot/robots/so100_follower) by extension 'colcon_pkg'
[0.302s] Level 1:colcon.colcon_core.package_identification:_identify(libs/lerobot/src/lerobot/robots/so100_follower) by extensions ['colcon_meta']
[0.302s] Level 1:colcon.colcon_core.package_identification:_identify(libs/lerobot/src/lerobot/robots/so100_follower) by extension 'colcon_meta'
[0.302s] Level 1:colcon.colcon_core.package_identification:_identify(libs/lerobot/src/lerobot/robots/so100_follower) by extensions ['ros']
[0.302s] Level 1:colcon.colcon_core.package_identification:_identify(libs/lerobot/src/lerobot/robots/so100_follower) by extension 'ros'
[0.302s] Level 1:colcon.colcon_core.package_identification:_identify(libs/lerobot/src/lerobot/robots/so100_follower) by extensions ['cmake', 'python']
[0.302s] Level 1:colcon.colcon_core.package_identification:_identify(libs/lerobot/src/lerobot/robots/so100_follower) by extension 'cmake'
[0.303s] Level 1:colcon.colcon_core.package_identification:_identify(libs/lerobot/src/lerobot/robots/so100_follower) by extension 'python'
[0.303s] Level 1:colcon.colcon_core.package_identification:_identify(libs/lerobot/src/lerobot/robots/so100_follower) by extensions ['python_setup_py']
[0.303s] Level 1:colcon.colcon_core.package_identification:_identify(libs/lerobot/src/lerobot/robots/so100_follower) by extension 'python_setup_py'
[0.303s] Level 1:colcon.colcon_core.package_identification:_identify(libs/lerobot/src/lerobot/robots/so101_follower) by extensions ['ignore', 'ignore_ament_install']
[0.303s] Level 1:colcon.colcon_core.package_identification:_identify(libs/lerobot/src/lerobot/robots/so101_follower) by extension 'ignore'
[0.303s] Level 1:colcon.colcon_core.package_identification:_identify(libs/lerobot/src/lerobot/robots/so101_follower) by extension 'ignore_ament_install'
[0.303s] Level 1:colcon.colcon_core.package_identification:_identify(libs/lerobot/src/lerobot/robots/so101_follower) by extensions ['colcon_pkg']
[0.303s] Level 1:colcon.colcon_core.package_identification:_identify(libs/lerobot/src/lerobot/robots/so101_follower) by extension 'colcon_pkg'
[0.303s] Level 1:colcon.colcon_core.package_identification:_identify(libs/lerobot/src/lerobot/robots/so101_follower) by extensions ['colcon_meta']
[0.303s] Level 1:colcon.colcon_core.package_identification:_identify(libs/lerobot/src/lerobot/robots/so101_follower) by extension 'colcon_meta'
[0.303s] Level 1:colcon.colcon_core.package_identification:_identify(libs/lerobot/src/lerobot/robots/so101_follower) by extensions ['ros']
[0.303s] Level 1:colcon.colcon_core.package_identification:_identify(libs/lerobot/src/lerobot/robots/so101_follower) by extension 'ros'
[0.303s] Level 1:colcon.colcon_core.package_identification:_identify(libs/lerobot/src/lerobot/robots/so101_follower) by extensions ['cmake', 'python']
[0.303s] Level 1:colcon.colcon_core.package_identification:_identify(libs/lerobot/src/lerobot/robots/so101_follower) by extension 'cmake'
[0.303s] Level 1:colcon.colcon_core.package_identification:_identify(libs/lerobot/src/lerobot/robots/so101_follower) by extension 'python'
[0.303s] Level 1:colcon.colcon_core.package_identification:_identify(libs/lerobot/src/lerobot/robots/so101_follower) by extensions ['python_setup_py']
[0.303s] Level 1:colcon.colcon_core.package_identification:_identify(libs/lerobot/src/lerobot/robots/so101_follower) by extension 'python_setup_py'
[0.303s] Level 1:colcon.colcon_core.package_identification:_identify(libs/lerobot/src/lerobot/robots/stretch3) by extensions ['ignore', 'ignore_ament_install']
[0.304s] Level 1:colcon.colcon_core.package_identification:_identify(libs/lerobot/src/lerobot/robots/stretch3) by extension 'ignore'
[0.304s] Level 1:colcon.colcon_core.package_identification:_identify(libs/lerobot/src/lerobot/robots/stretch3) by extension 'ignore_ament_install'
[0.304s] Level 1:colcon.colcon_core.package_identification:_identify(libs/lerobot/src/lerobot/robots/stretch3) by extensions ['colcon_pkg']
[0.304s] Level 1:colcon.colcon_core.package_identification:_identify(libs/lerobot/src/lerobot/robots/stretch3) by extension 'colcon_pkg'
[0.304s] Level 1:colcon.colcon_core.package_identification:_identify(libs/lerobot/src/lerobot/robots/stretch3) by extensions ['colcon_meta']
[0.304s] Level 1:colcon.colcon_core.package_identification:_identify(libs/lerobot/src/lerobot/robots/stretch3) by extension 'colcon_meta'
[0.304s] Level 1:colcon.colcon_core.package_identification:_identify(libs/lerobot/src/lerobot/robots/stretch3) by extensions ['ros']
[0.304s] Level 1:colcon.colcon_core.package_identification:_identify(libs/lerobot/src/lerobot/robots/stretch3) by extension 'ros'
[0.304s] Level 1:colcon.colcon_core.package_identification:_identify(libs/lerobot/src/lerobot/robots/stretch3) by extensions ['cmake', 'python']
[0.304s] Level 1:colcon.colcon_core.package_identification:_identify(libs/lerobot/src/lerobot/robots/stretch3) by extension 'cmake'
[0.304s] Level 1:colcon.colcon_core.package_identification:_identify(libs/lerobot/src/lerobot/robots/stretch3) by extension 'python'
[0.304s] Level 1:colcon.colcon_core.package_identification:_identify(libs/lerobot/src/lerobot/robots/stretch3) by extensions ['python_setup_py']
[0.304s] Level 1:colcon.colcon_core.package_identification:_identify(libs/lerobot/src/lerobot/robots/stretch3) by extension 'python_setup_py'
[0.304s] Level 1:colcon.colcon_core.package_identification:_identify(libs/lerobot/src/lerobot/robots/viperx) by extensions ['ignore', 'ignore_ament_install']
[0.304s] Level 1:colcon.colcon_core.package_identification:_identify(libs/lerobot/src/lerobot/robots/viperx) by extension 'ignore'
[0.304s] Level 1:colcon.colcon_core.package_identification:_identify(libs/lerobot/src/lerobot/robots/viperx) by extension 'ignore_ament_install'
[0.304s] Level 1:colcon.colcon_core.package_identification:_identify(libs/lerobot/src/lerobot/robots/viperx) by extensions ['colcon_pkg']
[0.304s] Level 1:colcon.colcon_core.package_identification:_identify(libs/lerobot/src/lerobot/robots/viperx) by extension 'colcon_pkg'
[0.305s] Level 1:colcon.colcon_core.package_identification:_identify(libs/lerobot/src/lerobot/robots/viperx) by extensions ['colcon_meta']
[0.305s] Level 1:colcon.colcon_core.package_identification:_identify(libs/lerobot/src/lerobot/robots/viperx) by extension 'colcon_meta'
[0.305s] Level 1:colcon.colcon_core.package_identification:_identify(libs/lerobot/src/lerobot/robots/viperx) by extensions ['ros']
[0.305s] Level 1:colcon.colcon_core.package_identification:_identify(libs/lerobot/src/lerobot/robots/viperx) by extension 'ros'
[0.305s] Level 1:colcon.colcon_core.package_identification:_identify(libs/lerobot/src/lerobot/robots/viperx) by extensions ['cmake', 'python']
[0.305s] Level 1:colcon.colcon_core.package_identification:_identify(libs/lerobot/src/lerobot/robots/viperx) by extension 'cmake'
[0.305s] Level 1:colcon.colcon_core.package_identification:_identify(libs/lerobot/src/lerobot/robots/viperx) by extension 'python'
[0.305s] Level 1:colcon.colcon_core.package_identification:_identify(libs/lerobot/src/lerobot/robots/viperx) by extensions ['python_setup_py']
[0.305s] Level 1:colcon.colcon_core.package_identification:_identify(libs/lerobot/src/lerobot/robots/viperx) by extension 'python_setup_py'
[0.305s] Level 1:colcon.colcon_core.package_identification:_identify(libs/lerobot/src/lerobot/scripts) by extensions ['ignore', 'ignore_ament_install']
[0.305s] Level 1:colcon.colcon_core.package_identification:_identify(libs/lerobot/src/lerobot/scripts) by extension 'ignore'
[0.305s] Level 1:colcon.colcon_core.package_identification:_identify(libs/lerobot/src/lerobot/scripts) by extension 'ignore_ament_install'
[0.305s] Level 1:colcon.colcon_core.package_identification:_identify(libs/lerobot/src/lerobot/scripts) by extensions ['colcon_pkg']
[0.305s] Level 1:colcon.colcon_core.package_identification:_identify(libs/lerobot/src/lerobot/scripts) by extension 'colcon_pkg'
[0.305s] Level 1:colcon.colcon_core.package_identification:_identify(libs/lerobot/src/lerobot/scripts) by extensions ['colcon_meta']
[0.305s] Level 1:colcon.colcon_core.package_identification:_identify(libs/lerobot/src/lerobot/scripts) by extension 'colcon_meta'
[0.305s] Level 1:colcon.colcon_core.package_identification:_identify(libs/lerobot/src/lerobot/scripts) by extensions ['ros']
[0.305s] Level 1:colcon.colcon_core.package_identification:_identify(libs/lerobot/src/lerobot/scripts) by extension 'ros'
[0.306s] Level 1:colcon.colcon_core.package_identification:_identify(libs/lerobot/src/lerobot/scripts) by extensions ['cmake', 'python']
[0.306s] Level 1:colcon.colcon_core.package_identification:_identify(libs/lerobot/src/lerobot/scripts) by extension 'cmake'
[0.306s] Level 1:colcon.colcon_core.package_identification:_identify(libs/lerobot/src/lerobot/scripts) by extension 'python'
[0.306s] Level 1:colcon.colcon_core.package_identification:_identify(libs/lerobot/src/lerobot/scripts) by extensions ['python_setup_py']
[0.306s] Level 1:colcon.colcon_core.package_identification:_identify(libs/lerobot/src/lerobot/scripts) by extension 'python_setup_py'
[0.306s] Level 1:colcon.colcon_core.package_identification:_identify(libs/lerobot/src/lerobot/scripts/rl) by extensions ['ignore', 'ignore_ament_install']
[0.306s] Level 1:colcon.colcon_core.package_identification:_identify(libs/lerobot/src/lerobot/scripts/rl) by extension 'ignore'
[0.306s] Level 1:colcon.colcon_core.package_identification:_identify(libs/lerobot/src/lerobot/scripts/rl) by extension 'ignore_ament_install'
[0.306s] Level 1:colcon.colcon_core.package_identification:_identify(libs/lerobot/src/lerobot/scripts/rl) by extensions ['colcon_pkg']
[0.306s] Level 1:colcon.colcon_core.package_identification:_identify(libs/lerobot/src/lerobot/scripts/rl) by extension 'colcon_pkg'
[0.306s] Level 1:colcon.colcon_core.package_identification:_identify(libs/lerobot/src/lerobot/scripts/rl) by extensions ['colcon_meta']
[0.306s] Level 1:colcon.colcon_core.package_identification:_identify(libs/lerobot/src/lerobot/scripts/rl) by extension 'colcon_meta'
[0.306s] Level 1:colcon.colcon_core.package_identification:_identify(libs/lerobot/src/lerobot/scripts/rl) by extensions ['ros']
[0.306s] Level 1:colcon.colcon_core.package_identification:_identify(libs/lerobot/src/lerobot/scripts/rl) by extension 'ros'
[0.306s] Level 1:colcon.colcon_core.package_identification:_identify(libs/lerobot/src/lerobot/scripts/rl) by extensions ['cmake', 'python']
[0.306s] Level 1:colcon.colcon_core.package_identification:_identify(libs/lerobot/src/lerobot/scripts/rl) by extension 'cmake'
[0.306s] Level 1:colcon.colcon_core.package_identification:_identify(libs/lerobot/src/lerobot/scripts/rl) by extension 'python'
[0.306s] Level 1:colcon.colcon_core.package_identification:_identify(libs/lerobot/src/lerobot/scripts/rl) by extensions ['python_setup_py']
[0.306s] Level 1:colcon.colcon_core.package_identification:_identify(libs/lerobot/src/lerobot/scripts/rl) by extension 'python_setup_py'
[0.307s] Level 1:colcon.colcon_core.package_identification:_identify(libs/lerobot/src/lerobot/scripts/server) by extensions ['ignore', 'ignore_ament_install']
[0.307s] Level 1:colcon.colcon_core.package_identification:_identify(libs/lerobot/src/lerobot/scripts/server) by extension 'ignore'
[0.307s] Level 1:colcon.colcon_core.package_identification:_identify(libs/lerobot/src/lerobot/scripts/server) by extension 'ignore_ament_install'
[0.307s] Level 1:colcon.colcon_core.package_identification:_identify(libs/lerobot/src/lerobot/scripts/server) by extensions ['colcon_pkg']
[0.307s] Level 1:colcon.colcon_core.package_identification:_identify(libs/lerobot/src/lerobot/scripts/server) by extension 'colcon_pkg'
[0.307s] Level 1:colcon.colcon_core.package_identification:_identify(libs/lerobot/src/lerobot/scripts/server) by extensions ['colcon_meta']
[0.307s] Level 1:colcon.colcon_core.package_identification:_identify(libs/lerobot/src/lerobot/scripts/server) by extension 'colcon_meta'
[0.307s] Level 1:colcon.colcon_core.package_identification:_identify(libs/lerobot/src/lerobot/scripts/server) by extensions ['ros']
[0.307s] Level 1:colcon.colcon_core.package_identification:_identify(libs/lerobot/src/lerobot/scripts/server) by extension 'ros'
[0.307s] Level 1:colcon.colcon_core.package_identification:_identify(libs/lerobot/src/lerobot/scripts/server) by extensions ['cmake', 'python']
[0.307s] Level 1:colcon.colcon_core.package_identification:_identify(libs/lerobot/src/lerobot/scripts/server) by extension 'cmake'
[0.307s] Level 1:colcon.colcon_core.package_identification:_identify(libs/lerobot/src/lerobot/scripts/server) by extension 'python'
[0.307s] Level 1:colcon.colcon_core.package_identification:_identify(libs/lerobot/src/lerobot/scripts/server) by extensions ['python_setup_py']
[0.307s] Level 1:colcon.colcon_core.package_identification:_identify(libs/lerobot/src/lerobot/scripts/server) by extension 'python_setup_py'
[0.307s] Level 1:colcon.colcon_core.package_identification:_identify(libs/lerobot/src/lerobot/teleoperators) by extensions ['ignore', 'ignore_ament_install']
[0.307s] Level 1:colcon.colcon_core.package_identification:_identify(libs/lerobot/src/lerobot/teleoperators) by extension 'ignore'
[0.307s] Level 1:colcon.colcon_core.package_identification:_identify(libs/lerobot/src/lerobot/teleoperators) by extension 'ignore_ament_install'
[0.308s] Level 1:colcon.colcon_core.package_identification:_identify(libs/lerobot/src/lerobot/teleoperators) by extensions ['colcon_pkg']
[0.308s] Level 1:colcon.colcon_core.package_identification:_identify(libs/lerobot/src/lerobot/teleoperators) by extension 'colcon_pkg'
[0.308s] Level 1:colcon.colcon_core.package_identification:_identify(libs/lerobot/src/lerobot/teleoperators) by extensions ['colcon_meta']
[0.308s] Level 1:colcon.colcon_core.package_identification:_identify(libs/lerobot/src/lerobot/teleoperators) by extension 'colcon_meta'
[0.308s] Level 1:colcon.colcon_core.package_identification:_identify(libs/lerobot/src/lerobot/teleoperators) by extensions ['ros']
[0.308s] Level 1:colcon.colcon_core.package_identification:_identify(libs/lerobot/src/lerobot/teleoperators) by extension 'ros'
[0.308s] Level 1:colcon.colcon_core.package_identification:_identify(libs/lerobot/src/lerobot/teleoperators) by extensions ['cmake', 'python']
[0.308s] Level 1:colcon.colcon_core.package_identification:_identify(libs/lerobot/src/lerobot/teleoperators) by extension 'cmake'
[0.308s] Level 1:colcon.colcon_core.package_identification:_identify(libs/lerobot/src/lerobot/teleoperators) by extension 'python'
[0.308s] Level 1:colcon.colcon_core.package_identification:_identify(libs/lerobot/src/lerobot/teleoperators) by extensions ['python_setup_py']
[0.308s] Level 1:colcon.colcon_core.package_identification:_identify(libs/lerobot/src/lerobot/teleoperators) by extension 'python_setup_py'
[0.308s] Level 1:colcon.colcon_core.package_identification:_identify(libs/lerobot/src/lerobot/teleoperators/bi_so100_leader) by extensions ['ignore', 'ignore_ament_install']
[0.308s] Level 1:colcon.colcon_core.package_identification:_identify(libs/lerobot/src/lerobot/teleoperators/bi_so100_leader) by extension 'ignore'
[0.308s] Level 1:colcon.colcon_core.package_identification:_identify(libs/lerobot/src/lerobot/teleoperators/bi_so100_leader) by extension 'ignore_ament_install'
[0.308s] Level 1:colcon.colcon_core.package_identification:_identify(libs/lerobot/src/lerobot/teleoperators/bi_so100_leader) by extensions ['colcon_pkg']
[0.308s] Level 1:colcon.colcon_core.package_identification:_identify(libs/lerobot/src/lerobot/teleoperators/bi_so100_leader) by extension 'colcon_pkg'
[0.308s] Level 1:colcon.colcon_core.package_identification:_identify(libs/lerobot/src/lerobot/teleoperators/bi_so100_leader) by extensions ['colcon_meta']
[0.308s] Level 1:colcon.colcon_core.package_identification:_identify(libs/lerobot/src/lerobot/teleoperators/bi_so100_leader) by extension 'colcon_meta'
[0.308s] Level 1:colcon.colcon_core.package_identification:_identify(libs/lerobot/src/lerobot/teleoperators/bi_so100_leader) by extensions ['ros']
[0.309s] Level 1:colcon.colcon_core.package_identification:_identify(libs/lerobot/src/lerobot/teleoperators/bi_so100_leader) by extension 'ros'
[0.309s] Level 1:colcon.colcon_core.package_identification:_identify(libs/lerobot/src/lerobot/teleoperators/bi_so100_leader) by extensions ['cmake', 'python']
[0.309s] Level 1:colcon.colcon_core.package_identification:_identify(libs/lerobot/src/lerobot/teleoperators/bi_so100_leader) by extension 'cmake'
[0.309s] Level 1:colcon.colcon_core.package_identification:_identify(libs/lerobot/src/lerobot/teleoperators/bi_so100_leader) by extension 'python'
[0.309s] Level 1:colcon.colcon_core.package_identification:_identify(libs/lerobot/src/lerobot/teleoperators/bi_so100_leader) by extensions ['python_setup_py']
[0.309s] Level 1:colcon.colcon_core.package_identification:_identify(libs/lerobot/src/lerobot/teleoperators/bi_so100_leader) by extension 'python_setup_py'
[0.309s] Level 1:colcon.colcon_core.package_identification:_identify(libs/lerobot/src/lerobot/teleoperators/gamepad) by extensions ['ignore', 'ignore_ament_install']
[0.309s] Level 1:colcon.colcon_core.package_identification:_identify(libs/lerobot/src/lerobot/teleoperators/gamepad) by extension 'ignore'
[0.309s] Level 1:colcon.colcon_core.package_identification:_identify(libs/lerobot/src/lerobot/teleoperators/gamepad) by extension 'ignore_ament_install'
[0.309s] Level 1:colcon.colcon_core.package_identification:_identify(libs/lerobot/src/lerobot/teleoperators/gamepad) by extensions ['colcon_pkg']
[0.309s] Level 1:colcon.colcon_core.package_identification:_identify(libs/lerobot/src/lerobot/teleoperators/gamepad) by extension 'colcon_pkg'
[0.309s] Level 1:colcon.colcon_core.package_identification:_identify(libs/lerobot/src/lerobot/teleoperators/gamepad) by extensions ['colcon_meta']
[0.309s] Level 1:colcon.colcon_core.package_identification:_identify(libs/lerobot/src/lerobot/teleoperators/gamepad) by extension 'colcon_meta'
[0.309s] Level 1:colcon.colcon_core.package_identification:_identify(libs/lerobot/src/lerobot/teleoperators/gamepad) by extensions ['ros']
[0.309s] Level 1:colcon.colcon_core.package_identification:_identify(libs/lerobot/src/lerobot/teleoperators/gamepad) by extension 'ros'
[0.309s] Level 1:colcon.colcon_core.package_identification:_identify(libs/lerobot/src/lerobot/teleoperators/gamepad) by extensions ['cmake', 'python']
[0.309s] Level 1:colcon.colcon_core.package_identification:_identify(libs/lerobot/src/lerobot/teleoperators/gamepad) by extension 'cmake'
[0.309s] Level 1:colcon.colcon_core.package_identification:_identify(libs/lerobot/src/lerobot/teleoperators/gamepad) by extension 'python'
[0.309s] Level 1:colcon.colcon_core.package_identification:_identify(libs/lerobot/src/lerobot/teleoperators/gamepad) by extensions ['python_setup_py']
[0.310s] Level 1:colcon.colcon_core.package_identification:_identify(libs/lerobot/src/lerobot/teleoperators/gamepad) by extension 'python_setup_py'
[0.310s] Level 1:colcon.colcon_core.package_identification:_identify(libs/lerobot/src/lerobot/teleoperators/homunculus) by extensions ['ignore', 'ignore_ament_install']
[0.310s] Level 1:colcon.colcon_core.package_identification:_identify(libs/lerobot/src/lerobot/teleoperators/homunculus) by extension 'ignore'
[0.310s] Level 1:colcon.colcon_core.package_identification:_identify(libs/lerobot/src/lerobot/teleoperators/homunculus) by extension 'ignore_ament_install'
[0.310s] Level 1:colcon.colcon_core.package_identification:_identify(libs/lerobot/src/lerobot/teleoperators/homunculus) by extensions ['colcon_pkg']
[0.310s] Level 1:colcon.colcon_core.package_identification:_identify(libs/lerobot/src/lerobot/teleoperators/homunculus) by extension 'colcon_pkg'
[0.310s] Level 1:colcon.colcon_core.package_identification:_identify(libs/lerobot/src/lerobot/teleoperators/homunculus) by extensions ['colcon_meta']
[0.310s] Level 1:colcon.colcon_core.package_identification:_identify(libs/lerobot/src/lerobot/teleoperators/homunculus) by extension 'colcon_meta'
[0.310s] Level 1:colcon.colcon_core.package_identification:_identify(libs/lerobot/src/lerobot/teleoperators/homunculus) by extensions ['ros']
[0.310s] Level 1:colcon.colcon_core.package_identification:_identify(libs/lerobot/src/lerobot/teleoperators/homunculus) by extension 'ros'
[0.310s] Level 1:colcon.colcon_core.package_identification:_identify(libs/lerobot/src/lerobot/teleoperators/homunculus) by extensions ['cmake', 'python']
[0.310s] Level 1:colcon.colcon_core.package_identification:_identify(libs/lerobot/src/lerobot/teleoperators/homunculus) by extension 'cmake'
[0.310s] Level 1:colcon.colcon_core.package_identification:_identify(libs/lerobot/src/lerobot/teleoperators/homunculus) by extension 'python'
[0.310s] Level 1:colcon.colcon_core.package_identification:_identify(libs/lerobot/src/lerobot/teleoperators/homunculus) by extensions ['python_setup_py']
[0.310s] Level 1:colcon.colcon_core.package_identification:_identify(libs/lerobot/src/lerobot/teleoperators/homunculus) by extension 'python_setup_py'
[0.310s] Level 1:colcon.colcon_core.package_identification:_identify(libs/lerobot/src/lerobot/teleoperators/keyboard) by extensions ['ignore', 'ignore_ament_install']
[0.310s] Level 1:colcon.colcon_core.package_identification:_identify(libs/lerobot/src/lerobot/teleoperators/keyboard) by extension 'ignore'
[0.311s] Level 1:colcon.colcon_core.package_identification:_identify(libs/lerobot/src/lerobot/teleoperators/keyboard) by extension 'ignore_ament_install'
[0.311s] Level 1:colcon.colcon_core.package_identification:_identify(libs/lerobot/src/lerobot/teleoperators/keyboard) by extensions ['colcon_pkg']
[0.311s] Level 1:colcon.colcon_core.package_identification:_identify(libs/lerobot/src/lerobot/teleoperators/keyboard) by extension 'colcon_pkg'
[0.311s] Level 1:colcon.colcon_core.package_identification:_identify(libs/lerobot/src/lerobot/teleoperators/keyboard) by extensions ['colcon_meta']
[0.311s] Level 1:colcon.colcon_core.package_identification:_identify(libs/lerobot/src/lerobot/teleoperators/keyboard) by extension 'colcon_meta'
[0.311s] Level 1:colcon.colcon_core.package_identification:_identify(libs/lerobot/src/lerobot/teleoperators/keyboard) by extensions ['ros']
[0.311s] Level 1:colcon.colcon_core.package_identification:_identify(libs/lerobot/src/lerobot/teleoperators/keyboard) by extension 'ros'
[0.311s] Level 1:colcon.colcon_core.package_identification:_identify(libs/lerobot/src/lerobot/teleoperators/keyboard) by extensions ['cmake', 'python']
[0.311s] Level 1:colcon.colcon_core.package_identification:_identify(libs/lerobot/src/lerobot/teleoperators/keyboard) by extension 'cmake'
[0.311s] Level 1:colcon.colcon_core.package_identification:_identify(libs/lerobot/src/lerobot/teleoperators/keyboard) by extension 'python'
[0.311s] Level 1:colcon.colcon_core.package_identification:_identify(libs/lerobot/src/lerobot/teleoperators/keyboard) by extensions ['python_setup_py']
[0.311s] Level 1:colcon.colcon_core.package_identification:_identify(libs/lerobot/src/lerobot/teleoperators/keyboard) by extension 'python_setup_py'
[0.311s] Level 1:colcon.colcon_core.package_identification:_identify(libs/lerobot/src/lerobot/teleoperators/koch_leader) by extensions ['ignore', 'ignore_ament_install']
[0.311s] Level 1:colcon.colcon_core.package_identification:_identify(libs/lerobot/src/lerobot/teleoperators/koch_leader) by extension 'ignore'
[0.311s] Level 1:colcon.colcon_core.package_identification:_identify(libs/lerobot/src/lerobot/teleoperators/koch_leader) by extension 'ignore_ament_install'
[0.311s] Level 1:colcon.colcon_core.package_identification:_identify(libs/lerobot/src/lerobot/teleoperators/koch_leader) by extensions ['colcon_pkg']
[0.311s] Level 1:colcon.colcon_core.package_identification:_identify(libs/lerobot/src/lerobot/teleoperators/koch_leader) by extension 'colcon_pkg'
[0.311s] Level 1:colcon.colcon_core.package_identification:_identify(libs/lerobot/src/lerobot/teleoperators/koch_leader) by extensions ['colcon_meta']
[0.311s] Level 1:colcon.colcon_core.package_identification:_identify(libs/lerobot/src/lerobot/teleoperators/koch_leader) by extension 'colcon_meta'
[0.312s] Level 1:colcon.colcon_core.package_identification:_identify(libs/lerobot/src/lerobot/teleoperators/koch_leader) by extensions ['ros']
[0.312s] Level 1:colcon.colcon_core.package_identification:_identify(libs/lerobot/src/lerobot/teleoperators/koch_leader) by extension 'ros'
[0.312s] Level 1:colcon.colcon_core.package_identification:_identify(libs/lerobot/src/lerobot/teleoperators/koch_leader) by extensions ['cmake', 'python']
[0.312s] Level 1:colcon.colcon_core.package_identification:_identify(libs/lerobot/src/lerobot/teleoperators/koch_leader) by extension 'cmake'
[0.312s] Level 1:colcon.colcon_core.package_identification:_identify(libs/lerobot/src/lerobot/teleoperators/koch_leader) by extension 'python'
[0.312s] Level 1:colcon.colcon_core.package_identification:_identify(libs/lerobot/src/lerobot/teleoperators/koch_leader) by extensions ['python_setup_py']
[0.312s] Level 1:colcon.colcon_core.package_identification:_identify(libs/lerobot/src/lerobot/teleoperators/koch_leader) by extension 'python_setup_py'
[0.312s] Level 1:colcon.colcon_core.package_identification:_identify(libs/lerobot/src/lerobot/teleoperators/reachy2_teleoperator) by extensions ['ignore', 'ignore_ament_install']
[0.312s] Level 1:colcon.colcon_core.package_identification:_identify(libs/lerobot/src/lerobot/teleoperators/reachy2_teleoperator) by extension 'ignore'
[0.312s] Level 1:colcon.colcon_core.package_identification:_identify(libs/lerobot/src/lerobot/teleoperators/reachy2_teleoperator) by extension 'ignore_ament_install'
[0.312s] Level 1:colcon.colcon_core.package_identification:_identify(libs/lerobot/src/lerobot/teleoperators/reachy2_teleoperator) by extensions ['colcon_pkg']
[0.312s] Level 1:colcon.colcon_core.package_identification:_identify(libs/lerobot/src/lerobot/teleoperators/reachy2_teleoperator) by extension 'colcon_pkg'
[0.312s] Level 1:colcon.colcon_core.package_identification:_identify(libs/lerobot/src/lerobot/teleoperators/reachy2_teleoperator) by extensions ['colcon_meta']
[0.312s] Level 1:colcon.colcon_core.package_identification:_identify(libs/lerobot/src/lerobot/teleoperators/reachy2_teleoperator) by extension 'colcon_meta'
[0.312s] Level 1:colcon.colcon_core.package_identification:_identify(libs/lerobot/src/lerobot/teleoperators/reachy2_teleoperator) by extensions ['ros']
[0.312s] Level 1:colcon.colcon_core.package_identification:_identify(libs/lerobot/src/lerobot/teleoperators/reachy2_teleoperator) by extension 'ros'
[0.312s] Level 1:colcon.colcon_core.package_identification:_identify(libs/lerobot/src/lerobot/teleoperators/reachy2_teleoperator) by extensions ['cmake', 'python']
[0.312s] Level 1:colcon.colcon_core.package_identification:_identify(libs/lerobot/src/lerobot/teleoperators/reachy2_teleoperator) by extension 'cmake'
[0.312s] Level 1:colcon.colcon_core.package_identification:_identify(libs/lerobot/src/lerobot/teleoperators/reachy2_teleoperator) by extension 'python'
[0.313s] Level 1:colcon.colcon_core.package_identification:_identify(libs/lerobot/src/lerobot/teleoperators/reachy2_teleoperator) by extensions ['python_setup_py']
[0.313s] Level 1:colcon.colcon_core.package_identification:_identify(libs/lerobot/src/lerobot/teleoperators/reachy2_teleoperator) by extension 'python_setup_py'
[0.313s] Level 1:colcon.colcon_core.package_identification:_identify(libs/lerobot/src/lerobot/teleoperators/so100_leader) by extensions ['ignore', 'ignore_ament_install']
[0.313s] Level 1:colcon.colcon_core.package_identification:_identify(libs/lerobot/src/lerobot/teleoperators/so100_leader) by extension 'ignore'
[0.313s] Level 1:colcon.colcon_core.package_identification:_identify(libs/lerobot/src/lerobot/teleoperators/so100_leader) by extension 'ignore_ament_install'
[0.313s] Level 1:colcon.colcon_core.package_identification:_identify(libs/lerobot/src/lerobot/teleoperators/so100_leader) by extensions ['colcon_pkg']
[0.313s] Level 1:colcon.colcon_core.package_identification:_identify(libs/lerobot/src/lerobot/teleoperators/so100_leader) by extension 'colcon_pkg'
[0.313s] Level 1:colcon.colcon_core.package_identification:_identify(libs/lerobot/src/lerobot/teleoperators/so100_leader) by extensions ['colcon_meta']
[0.313s] Level 1:colcon.colcon_core.package_identification:_identify(libs/lerobot/src/lerobot/teleoperators/so100_leader) by extension 'colcon_meta'
[0.313s] Level 1:colcon.colcon_core.package_identification:_identify(libs/lerobot/src/lerobot/teleoperators/so100_leader) by extensions ['ros']
[0.313s] Level 1:colcon.colcon_core.package_identification:_identify(libs/lerobot/src/lerobot/teleoperators/so100_leader) by extension 'ros'
[0.313s] Level 1:colcon.colcon_core.package_identification:_identify(libs/lerobot/src/lerobot/teleoperators/so100_leader) by extensions ['cmake', 'python']
[0.313s] Level 1:colcon.colcon_core.package_identification:_identify(libs/lerobot/src/lerobot/teleoperators/so100_leader) by extension 'cmake'
[0.313s] Level 1:colcon.colcon_core.package_identification:_identify(libs/lerobot/src/lerobot/teleoperators/so100_leader) by extension 'python'
[0.313s] Level 1:colcon.colcon_core.package_identification:_identify(libs/lerobot/src/lerobot/teleoperators/so100_leader) by extensions ['python_setup_py']
[0.313s] Level 1:colcon.colcon_core.package_identification:_identify(libs/lerobot/src/lerobot/teleoperators/so100_leader) by extension 'python_setup_py'
[0.313s] Level 1:colcon.colcon_core.package_identification:_identify(libs/lerobot/src/lerobot/teleoperators/so101_leader) by extensions ['ignore', 'ignore_ament_install']
[0.314s] Level 1:colcon.colcon_core.package_identification:_identify(libs/lerobot/src/lerobot/teleoperators/so101_leader) by extension 'ignore'
[0.314s] Level 1:colcon.colcon_core.package_identification:_identify(libs/lerobot/src/lerobot/teleoperators/so101_leader) by extension 'ignore_ament_install'
[0.314s] Level 1:colcon.colcon_core.package_identification:_identify(libs/lerobot/src/lerobot/teleoperators/so101_leader) by extensions ['colcon_pkg']
[0.314s] Level 1:colcon.colcon_core.package_identification:_identify(libs/lerobot/src/lerobot/teleoperators/so101_leader) by extension 'colcon_pkg'
[0.314s] Level 1:colcon.colcon_core.package_identification:_identify(libs/lerobot/src/lerobot/teleoperators/so101_leader) by extensions ['colcon_meta']
[0.314s] Level 1:colcon.colcon_core.package_identification:_identify(libs/lerobot/src/lerobot/teleoperators/so101_leader) by extension 'colcon_meta'
[0.314s] Level 1:colcon.colcon_core.package_identification:_identify(libs/lerobot/src/lerobot/teleoperators/so101_leader) by extensions ['ros']
[0.314s] Level 1:colcon.colcon_core.package_identification:_identify(libs/lerobot/src/lerobot/teleoperators/so101_leader) by extension 'ros'
[0.314s] Level 1:colcon.colcon_core.package_identification:_identify(libs/lerobot/src/lerobot/teleoperators/so101_leader) by extensions ['cmake', 'python']
[0.314s] Level 1:colcon.colcon_core.package_identification:_identify(libs/lerobot/src/lerobot/teleoperators/so101_leader) by extension 'cmake'
[0.314s] Level 1:colcon.colcon_core.package_identification:_identify(libs/lerobot/src/lerobot/teleoperators/so101_leader) by extension 'python'
[0.314s] Level 1:colcon.colcon_core.package_identification:_identify(libs/lerobot/src/lerobot/teleoperators/so101_leader) by extensions ['python_setup_py']
[0.314s] Level 1:colcon.colcon_core.package_identification:_identify(libs/lerobot/src/lerobot/teleoperators/so101_leader) by extension 'python_setup_py'
[0.314s] Level 1:colcon.colcon_core.package_identification:_identify(libs/lerobot/src/lerobot/teleoperators/stretch3_gamepad) by extensions ['ignore', 'ignore_ament_install']
[0.314s] Level 1:colcon.colcon_core.package_identification:_identify(libs/lerobot/src/lerobot/teleoperators/stretch3_gamepad) by extension 'ignore'
[0.314s] Level 1:colcon.colcon_core.package_identification:_identify(libs/lerobot/src/lerobot/teleoperators/stretch3_gamepad) by extension 'ignore_ament_install'
[0.314s] Level 1:colcon.colcon_core.package_identification:_identify(libs/lerobot/src/lerobot/teleoperators/stretch3_gamepad) by extensions ['colcon_pkg']
[0.314s] Level 1:colcon.colcon_core.package_identification:_identify(libs/lerobot/src/lerobot/teleoperators/stretch3_gamepad) by extension 'colcon_pkg'
[0.315s] Level 1:colcon.colcon_core.package_identification:_identify(libs/lerobot/src/lerobot/teleoperators/stretch3_gamepad) by extensions ['colcon_meta']
[0.315s] Level 1:colcon.colcon_core.package_identification:_identify(libs/lerobot/src/lerobot/teleoperators/stretch3_gamepad) by extension 'colcon_meta'
[0.315s] Level 1:colcon.colcon_core.package_identification:_identify(libs/lerobot/src/lerobot/teleoperators/stretch3_gamepad) by extensions ['ros']
[0.315s] Level 1:colcon.colcon_core.package_identification:_identify(libs/lerobot/src/lerobot/teleoperators/stretch3_gamepad) by extension 'ros'
[0.315s] Level 1:colcon.colcon_core.package_identification:_identify(libs/lerobot/src/lerobot/teleoperators/stretch3_gamepad) by extensions ['cmake', 'python']
[0.315s] Level 1:colcon.colcon_core.package_identification:_identify(libs/lerobot/src/lerobot/teleoperators/stretch3_gamepad) by extension 'cmake'
[0.315s] Level 1:colcon.colcon_core.package_identification:_identify(libs/lerobot/src/lerobot/teleoperators/stretch3_gamepad) by extension 'python'
[0.315s] Level 1:colcon.colcon_core.package_identification:_identify(libs/lerobot/src/lerobot/teleoperators/stretch3_gamepad) by extensions ['python_setup_py']
[0.315s] Level 1:colcon.colcon_core.package_identification:_identify(libs/lerobot/src/lerobot/teleoperators/stretch3_gamepad) by extension 'python_setup_py'
[0.315s] Level 1:colcon.colcon_core.package_identification:_identify(libs/lerobot/src/lerobot/teleoperators/widowx) by extensions ['ignore', 'ignore_ament_install']
[0.315s] Level 1:colcon.colcon_core.package_identification:_identify(libs/lerobot/src/lerobot/teleoperators/widowx) by extension 'ignore'
[0.315s] Level 1:colcon.colcon_core.package_identification:_identify(libs/lerobot/src/lerobot/teleoperators/widowx) by extension 'ignore_ament_install'
[0.315s] Level 1:colcon.colcon_core.package_identification:_identify(libs/lerobot/src/lerobot/teleoperators/widowx) by extensions ['colcon_pkg']
[0.315s] Level 1:colcon.colcon_core.package_identification:_identify(libs/lerobot/src/lerobot/teleoperators/widowx) by extension 'colcon_pkg'
[0.315s] Level 1:colcon.colcon_core.package_identification:_identify(libs/lerobot/src/lerobot/teleoperators/widowx) by extensions ['colcon_meta']
[0.315s] Level 1:colcon.colcon_core.package_identification:_identify(libs/lerobot/src/lerobot/teleoperators/widowx) by extension 'colcon_meta'
[0.315s] Level 1:colcon.colcon_core.package_identification:_identify(libs/lerobot/src/lerobot/teleoperators/widowx) by extensions ['ros']
[0.315s] Level 1:colcon.colcon_core.package_identification:_identify(libs/lerobot/src/lerobot/teleoperators/widowx) by extension 'ros'
[0.315s] Level 1:colcon.colcon_core.package_identification:_identify(libs/lerobot/src/lerobot/teleoperators/widowx) by extensions ['cmake', 'python']
[0.316s] Level 1:colcon.colcon_core.package_identification:_identify(libs/lerobot/src/lerobot/teleoperators/widowx) by extension 'cmake'
[0.316s] Level 1:colcon.colcon_core.package_identification:_identify(libs/lerobot/src/lerobot/teleoperators/widowx) by extension 'python'
[0.316s] Level 1:colcon.colcon_core.package_identification:_identify(libs/lerobot/src/lerobot/teleoperators/widowx) by extensions ['python_setup_py']
[0.316s] Level 1:colcon.colcon_core.package_identification:_identify(libs/lerobot/src/lerobot/teleoperators/widowx) by extension 'python_setup_py'
[0.316s] Level 1:colcon.colcon_core.package_identification:_identify(libs/lerobot/src/lerobot/templates) by extensions ['ignore', 'ignore_ament_install']
[0.316s] Level 1:colcon.colcon_core.package_identification:_identify(libs/lerobot/src/lerobot/templates) by extension 'ignore'
[0.316s] Level 1:colcon.colcon_core.package_identification:_identify(libs/lerobot/src/lerobot/templates) by extension 'ignore_ament_install'
[0.316s] Level 1:colcon.colcon_core.package_identification:_identify(libs/lerobot/src/lerobot/templates) by extensions ['colcon_pkg']
[0.316s] Level 1:colcon.colcon_core.package_identification:_identify(libs/lerobot/src/lerobot/templates) by extension 'colcon_pkg'
[0.316s] Level 1:colcon.colcon_core.package_identification:_identify(libs/lerobot/src/lerobot/templates) by extensions ['colcon_meta']
[0.316s] Level 1:colcon.colcon_core.package_identification:_identify(libs/lerobot/src/lerobot/templates) by extension 'colcon_meta'
[0.316s] Level 1:colcon.colcon_core.package_identification:_identify(libs/lerobot/src/lerobot/templates) by extensions ['ros']
[0.316s] Level 1:colcon.colcon_core.package_identification:_identify(libs/lerobot/src/lerobot/templates) by extension 'ros'
[0.316s] Level 1:colcon.colcon_core.package_identification:_identify(libs/lerobot/src/lerobot/templates) by extensions ['cmake', 'python']
[0.316s] Level 1:colcon.colcon_core.package_identification:_identify(libs/lerobot/src/lerobot/templates) by extension 'cmake'
[0.316s] Level 1:colcon.colcon_core.package_identification:_identify(libs/lerobot/src/lerobot/templates) by extension 'python'
[0.316s] Level 1:colcon.colcon_core.package_identification:_identify(libs/lerobot/src/lerobot/templates) by extensions ['python_setup_py']
[0.316s] Level 1:colcon.colcon_core.package_identification:_identify(libs/lerobot/src/lerobot/templates) by extension 'python_setup_py'
[0.316s] Level 1:colcon.colcon_core.package_identification:_identify(libs/lerobot/src/lerobot/transport) by extensions ['ignore', 'ignore_ament_install']
[0.317s] Level 1:colcon.colcon_core.package_identification:_identify(libs/lerobot/src/lerobot/transport) by extension 'ignore'
[0.317s] Level 1:colcon.colcon_core.package_identification:_identify(libs/lerobot/src/lerobot/transport) by extension 'ignore_ament_install'
[0.317s] Level 1:colcon.colcon_core.package_identification:_identify(libs/lerobot/src/lerobot/transport) by extensions ['colcon_pkg']
[0.317s] Level 1:colcon.colcon_core.package_identification:_identify(libs/lerobot/src/lerobot/transport) by extension 'colcon_pkg'
[0.317s] Level 1:colcon.colcon_core.package_identification:_identify(libs/lerobot/src/lerobot/transport) by extensions ['colcon_meta']
[0.317s] Level 1:colcon.colcon_core.package_identification:_identify(libs/lerobot/src/lerobot/transport) by extension 'colcon_meta'
[0.317s] Level 1:colcon.colcon_core.package_identification:_identify(libs/lerobot/src/lerobot/transport) by extensions ['ros']
[0.317s] Level 1:colcon.colcon_core.package_identification:_identify(libs/lerobot/src/lerobot/transport) by extension 'ros'
[0.317s] Level 1:colcon.colcon_core.package_identification:_identify(libs/lerobot/src/lerobot/transport) by extensions ['cmake', 'python']
[0.317s] Level 1:colcon.colcon_core.package_identification:_identify(libs/lerobot/src/lerobot/transport) by extension 'cmake'
[0.317s] Level 1:colcon.colcon_core.package_identification:_identify(libs/lerobot/src/lerobot/transport) by extension 'python'
[0.317s] Level 1:colcon.colcon_core.package_identification:_identify(libs/lerobot/src/lerobot/transport) by extensions ['python_setup_py']
[0.317s] Level 1:colcon.colcon_core.package_identification:_identify(libs/lerobot/src/lerobot/transport) by extension 'python_setup_py'
[0.317s] Level 1:colcon.colcon_core.package_identification:_identify(libs/lerobot/src/lerobot/utils) by extensions ['ignore', 'ignore_ament_install']
[0.317s] Level 1:colcon.colcon_core.package_identification:_identify(libs/lerobot/src/lerobot/utils) by extension 'ignore'
[0.317s] Level 1:colcon.colcon_core.package_identification:_identify(libs/lerobot/src/lerobot/utils) by extension 'ignore_ament_install'
[0.317s] Level 1:colcon.colcon_core.package_identification:_identify(libs/lerobot/src/lerobot/utils) by extensions ['colcon_pkg']
[0.317s] Level 1:colcon.colcon_core.package_identification:_identify(libs/lerobot/src/lerobot/utils) by extension 'colcon_pkg'
[0.318s] Level 1:colcon.colcon_core.package_identification:_identify(libs/lerobot/src/lerobot/utils) by extensions ['colcon_meta']
[0.318s] Level 1:colcon.colcon_core.package_identification:_identify(libs/lerobot/src/lerobot/utils) by extension 'colcon_meta'
[0.318s] Level 1:colcon.colcon_core.package_identification:_identify(libs/lerobot/src/lerobot/utils) by extensions ['ros']
[0.318s] Level 1:colcon.colcon_core.package_identification:_identify(libs/lerobot/src/lerobot/utils) by extension 'ros'
[0.318s] Level 1:colcon.colcon_core.package_identification:_identify(libs/lerobot/src/lerobot/utils) by extensions ['cmake', 'python']
[0.318s] Level 1:colcon.colcon_core.package_identification:_identify(libs/lerobot/src/lerobot/utils) by extension 'cmake'
[0.318s] Level 1:colcon.colcon_core.package_identification:_identify(libs/lerobot/src/lerobot/utils) by extension 'python'
[0.318s] Level 1:colcon.colcon_core.package_identification:_identify(libs/lerobot/src/lerobot/utils) by extensions ['python_setup_py']
[0.318s] Level 1:colcon.colcon_core.package_identification:_identify(libs/lerobot/src/lerobot/utils) by extension 'python_setup_py'
[0.318s] Level 1:colcon.colcon_core.package_identification:_identify(libs/lerobot/src/lerobot.egg-info) by extensions ['ignore', 'ignore_ament_install']
[0.318s] Level 1:colcon.colcon_core.package_identification:_identify(libs/lerobot/src/lerobot.egg-info) by extension 'ignore'
[0.318s] Level 1:colcon.colcon_core.package_identification:_identify(libs/lerobot/src/lerobot.egg-info) by extension 'ignore_ament_install'
[0.318s] Level 1:colcon.colcon_core.package_identification:_identify(libs/lerobot/src/lerobot.egg-info) by extensions ['colcon_pkg']
[0.318s] Level 1:colcon.colcon_core.package_identification:_identify(libs/lerobot/src/lerobot.egg-info) by extension 'colcon_pkg'
[0.318s] Level 1:colcon.colcon_core.package_identification:_identify(libs/lerobot/src/lerobot.egg-info) by extensions ['colcon_meta']
[0.318s] Level 1:colcon.colcon_core.package_identification:_identify(libs/lerobot/src/lerobot.egg-info) by extension 'colcon_meta'
[0.318s] Level 1:colcon.colcon_core.package_identification:_identify(libs/lerobot/src/lerobot.egg-info) by extensions ['ros']
[0.318s] Level 1:colcon.colcon_core.package_identification:_identify(libs/lerobot/src/lerobot.egg-info) by extension 'ros'
[0.318s] Level 1:colcon.colcon_core.package_identification:_identify(libs/lerobot/src/lerobot.egg-info) by extensions ['cmake', 'python']
[0.319s] Level 1:colcon.colcon_core.package_identification:_identify(libs/lerobot/src/lerobot.egg-info) by extension 'cmake'
[0.319s] Level 1:colcon.colcon_core.package_identification:_identify(libs/lerobot/src/lerobot.egg-info) by extension 'python'
[0.319s] Level 1:colcon.colcon_core.package_identification:_identify(libs/lerobot/src/lerobot.egg-info) by extensions ['python_setup_py']
[0.319s] Level 1:colcon.colcon_core.package_identification:_identify(libs/lerobot/src/lerobot.egg-info) by extension 'python_setup_py'
[0.319s] Level 1:colcon.colcon_core.package_identification:_identify(libs/lerobot/tests) by extensions ['ignore', 'ignore_ament_install']
[0.319s] Level 1:colcon.colcon_core.package_identification:_identify(libs/lerobot/tests) by extension 'ignore'
[0.319s] Level 1:colcon.colcon_core.package_identification:_identify(libs/lerobot/tests) by extension 'ignore_ament_install'
[0.319s] Level 1:colcon.colcon_core.package_identification:_identify(libs/lerobot/tests) by extensions ['colcon_pkg']
[0.319s] Level 1:colcon.colcon_core.package_identification:_identify(libs/lerobot/tests) by extension 'colcon_pkg'
[0.319s] Level 1:colcon.colcon_core.package_identification:_identify(libs/lerobot/tests) by extensions ['colcon_meta']
[0.319s] Level 1:colcon.colcon_core.package_identification:_identify(libs/lerobot/tests) by extension 'colcon_meta'
[0.319s] Level 1:colcon.colcon_core.package_identification:_identify(libs/lerobot/tests) by extensions ['ros']
[0.319s] Level 1:colcon.colcon_core.package_identification:_identify(libs/lerobot/tests) by extension 'ros'
[0.319s] Level 1:colcon.colcon_core.package_identification:_identify(libs/lerobot/tests) by extensions ['cmake', 'python']
[0.319s] Level 1:colcon.colcon_core.package_identification:_identify(libs/lerobot/tests) by extension 'cmake'
[0.319s] Level 1:colcon.colcon_core.package_identification:_identify(libs/lerobot/tests) by extension 'python'
[0.319s] Level 1:colcon.colcon_core.package_identification:_identify(libs/lerobot/tests) by extensions ['python_setup_py']
[0.319s] Level 1:colcon.colcon_core.package_identification:_identify(libs/lerobot/tests) by extension 'python_setup_py'
[0.319s] Level 1:colcon.colcon_core.package_identification:_identify(libs/lerobot/tests/artifacts) by extensions ['ignore', 'ignore_ament_install']
[0.320s] Level 1:colcon.colcon_core.package_identification:_identify(libs/lerobot/tests/artifacts) by extension 'ignore'
[0.320s] Level 1:colcon.colcon_core.package_identification:_identify(libs/lerobot/tests/artifacts) by extension 'ignore_ament_install'
[0.320s] Level 1:colcon.colcon_core.package_identification:_identify(libs/lerobot/tests/artifacts) by extensions ['colcon_pkg']
[0.320s] Level 1:colcon.colcon_core.package_identification:_identify(libs/lerobot/tests/artifacts) by extension 'colcon_pkg'
[0.320s] Level 1:colcon.colcon_core.package_identification:_identify(libs/lerobot/tests/artifacts) by extensions ['colcon_meta']
[0.320s] Level 1:colcon.colcon_core.package_identification:_identify(libs/lerobot/tests/artifacts) by extension 'colcon_meta'
[0.320s] Level 1:colcon.colcon_core.package_identification:_identify(libs/lerobot/tests/artifacts) by extensions ['ros']
[0.320s] Level 1:colcon.colcon_core.package_identification:_identify(libs/lerobot/tests/artifacts) by extension 'ros'
[0.320s] Level 1:colcon.colcon_core.package_identification:_identify(libs/lerobot/tests/artifacts) by extensions ['cmake', 'python']
[0.320s] Level 1:colcon.colcon_core.package_identification:_identify(libs/lerobot/tests/artifacts) by extension 'cmake'
[0.320s] Level 1:colcon.colcon_core.package_identification:_identify(libs/lerobot/tests/artifacts) by extension 'python'
[0.320s] Level 1:colcon.colcon_core.package_identification:_identify(libs/lerobot/tests/artifacts) by extensions ['python_setup_py']
[0.320s] Level 1:colcon.colcon_core.package_identification:_identify(libs/lerobot/tests/artifacts) by extension 'python_setup_py'
[0.320s] Level 1:colcon.colcon_core.package_identification:_identify(libs/lerobot/tests/artifacts/cameras) by extensions ['ignore', 'ignore_ament_install']
[0.320s] Level 1:colcon.colcon_core.package_identification:_identify(libs/lerobot/tests/artifacts/cameras) by extension 'ignore'
[0.320s] Level 1:colcon.colcon_core.package_identification:_identify(libs/lerobot/tests/artifacts/cameras) by extension 'ignore_ament_install'
[0.320s] Level 1:colcon.colcon_core.package_identification:_identify(libs/lerobot/tests/artifacts/cameras) by extensions ['colcon_pkg']
[0.320s] Level 1:colcon.colcon_core.package_identification:_identify(libs/lerobot/tests/artifacts/cameras) by extension 'colcon_pkg'
[0.321s] Level 1:colcon.colcon_core.package_identification:_identify(libs/lerobot/tests/artifacts/cameras) by extensions ['colcon_meta']
[0.321s] Level 1:colcon.colcon_core.package_identification:_identify(libs/lerobot/tests/artifacts/cameras) by extension 'colcon_meta'
[0.321s] Level 1:colcon.colcon_core.package_identification:_identify(libs/lerobot/tests/artifacts/cameras) by extensions ['ros']
[0.321s] Level 1:colcon.colcon_core.package_identification:_identify(libs/lerobot/tests/artifacts/cameras) by extension 'ros'
[0.321s] Level 1:colcon.colcon_core.package_identification:_identify(libs/lerobot/tests/artifacts/cameras) by extensions ['cmake', 'python']
[0.321s] Level 1:colcon.colcon_core.package_identification:_identify(libs/lerobot/tests/artifacts/cameras) by extension 'cmake'
[0.321s] Level 1:colcon.colcon_core.package_identification:_identify(libs/lerobot/tests/artifacts/cameras) by extension 'python'
[0.321s] Level 1:colcon.colcon_core.package_identification:_identify(libs/lerobot/tests/artifacts/cameras) by extensions ['python_setup_py']
[0.321s] Level 1:colcon.colcon_core.package_identification:_identify(libs/lerobot/tests/artifacts/cameras) by extension 'python_setup_py'
[0.321s] Level 1:colcon.colcon_core.package_identification:_identify(libs/lerobot/tests/artifacts/datasets) by extensions ['ignore', 'ignore_ament_install']
[0.321s] Level 1:colcon.colcon_core.package_identification:_identify(libs/lerobot/tests/artifacts/datasets) by extension 'ignore'
[0.321s] Level 1:colcon.colcon_core.package_identification:_identify(libs/lerobot/tests/artifacts/datasets) by extension 'ignore_ament_install'
[0.321s] Level 1:colcon.colcon_core.package_identification:_identify(libs/lerobot/tests/artifacts/datasets) by extensions ['colcon_pkg']
[0.321s] Level 1:colcon.colcon_core.package_identification:_identify(libs/lerobot/tests/artifacts/datasets) by extension 'colcon_pkg'
[0.321s] Level 1:colcon.colcon_core.package_identification:_identify(libs/lerobot/tests/artifacts/datasets) by extensions ['colcon_meta']
[0.321s] Level 1:colcon.colcon_core.package_identification:_identify(libs/lerobot/tests/artifacts/datasets) by extension 'colcon_meta'
[0.321s] Level 1:colcon.colcon_core.package_identification:_identify(libs/lerobot/tests/artifacts/datasets) by extensions ['ros']
[0.321s] Level 1:colcon.colcon_core.package_identification:_identify(libs/lerobot/tests/artifacts/datasets) by extension 'ros'
[0.321s] Level 1:colcon.colcon_core.package_identification:_identify(libs/lerobot/tests/artifacts/datasets) by extensions ['cmake', 'python']
[0.321s] Level 1:colcon.colcon_core.package_identification:_identify(libs/lerobot/tests/artifacts/datasets) by extension 'cmake'
[0.322s] Level 1:colcon.colcon_core.package_identification:_identify(libs/lerobot/tests/artifacts/datasets) by extension 'python'
[0.322s] Level 1:colcon.colcon_core.package_identification:_identify(libs/lerobot/tests/artifacts/datasets) by extensions ['python_setup_py']
[0.322s] Level 1:colcon.colcon_core.package_identification:_identify(libs/lerobot/tests/artifacts/datasets) by extension 'python_setup_py'
[0.322s] Level 1:colcon.colcon_core.package_identification:_identify(libs/lerobot/tests/artifacts/datasets/lerobot) by extensions ['ignore', 'ignore_ament_install']
[0.322s] Level 1:colcon.colcon_core.package_identification:_identify(libs/lerobot/tests/artifacts/datasets/lerobot) by extension 'ignore'
[0.322s] Level 1:colcon.colcon_core.package_identification:_identify(libs/lerobot/tests/artifacts/datasets/lerobot) by extension 'ignore_ament_install'
[0.322s] Level 1:colcon.colcon_core.package_identification:_identify(libs/lerobot/tests/artifacts/datasets/lerobot) by extensions ['colcon_pkg']
[0.322s] Level 1:colcon.colcon_core.package_identification:_identify(libs/lerobot/tests/artifacts/datasets/lerobot) by extension 'colcon_pkg'
[0.322s] Level 1:colcon.colcon_core.package_identification:_identify(libs/lerobot/tests/artifacts/datasets/lerobot) by extensions ['colcon_meta']
[0.322s] Level 1:colcon.colcon_core.package_identification:_identify(libs/lerobot/tests/artifacts/datasets/lerobot) by extension 'colcon_meta'
[0.322s] Level 1:colcon.colcon_core.package_identification:_identify(libs/lerobot/tests/artifacts/datasets/lerobot) by extensions ['ros']
[0.322s] Level 1:colcon.colcon_core.package_identification:_identify(libs/lerobot/tests/artifacts/datasets/lerobot) by extension 'ros'
[0.322s] Level 1:colcon.colcon_core.package_identification:_identify(libs/lerobot/tests/artifacts/datasets/lerobot) by extensions ['cmake', 'python']
[0.322s] Level 1:colcon.colcon_core.package_identification:_identify(libs/lerobot/tests/artifacts/datasets/lerobot) by extension 'cmake'
[0.322s] Level 1:colcon.colcon_core.package_identification:_identify(libs/lerobot/tests/artifacts/datasets/lerobot) by extension 'python'
[0.322s] Level 1:colcon.colcon_core.package_identification:_identify(libs/lerobot/tests/artifacts/datasets/lerobot) by extensions ['python_setup_py']
[0.322s] Level 1:colcon.colcon_core.package_identification:_identify(libs/lerobot/tests/artifacts/datasets/lerobot) by extension 'python_setup_py'
[0.323s] Level 1:colcon.colcon_core.package_identification:_identify(libs/lerobot/tests/artifacts/datasets/lerobot/aloha_sim_insertion_human) by extensions ['ignore', 'ignore_ament_install']
[0.323s] Level 1:colcon.colcon_core.package_identification:_identify(libs/lerobot/tests/artifacts/datasets/lerobot/aloha_sim_insertion_human) by extension 'ignore'
[0.323s] Level 1:colcon.colcon_core.package_identification:_identify(libs/lerobot/tests/artifacts/datasets/lerobot/aloha_sim_insertion_human) by extension 'ignore_ament_install'
[0.323s] Level 1:colcon.colcon_core.package_identification:_identify(libs/lerobot/tests/artifacts/datasets/lerobot/aloha_sim_insertion_human) by extensions ['colcon_pkg']
[0.323s] Level 1:colcon.colcon_core.package_identification:_identify(libs/lerobot/tests/artifacts/datasets/lerobot/aloha_sim_insertion_human) by extension 'colcon_pkg'
[0.323s] Level 1:colcon.colcon_core.package_identification:_identify(libs/lerobot/tests/artifacts/datasets/lerobot/aloha_sim_insertion_human) by extensions ['colcon_meta']
[0.323s] Level 1:colcon.colcon_core.package_identification:_identify(libs/lerobot/tests/artifacts/datasets/lerobot/aloha_sim_insertion_human) by extension 'colcon_meta'
[0.323s] Level 1:colcon.colcon_core.package_identification:_identify(libs/lerobot/tests/artifacts/datasets/lerobot/aloha_sim_insertion_human) by extensions ['ros']
[0.323s] Level 1:colcon.colcon_core.package_identification:_identify(libs/lerobot/tests/artifacts/datasets/lerobot/aloha_sim_insertion_human) by extension 'ros'
[0.323s] Level 1:colcon.colcon_core.package_identification:_identify(libs/lerobot/tests/artifacts/datasets/lerobot/aloha_sim_insertion_human) by extensions ['cmake', 'python']
[0.323s] Level 1:colcon.colcon_core.package_identification:_identify(libs/lerobot/tests/artifacts/datasets/lerobot/aloha_sim_insertion_human) by extension 'cmake'
[0.323s] Level 1:colcon.colcon_core.package_identification:_identify(libs/lerobot/tests/artifacts/datasets/lerobot/aloha_sim_insertion_human) by extension 'python'
[0.323s] Level 1:colcon.colcon_core.package_identification:_identify(libs/lerobot/tests/artifacts/datasets/lerobot/aloha_sim_insertion_human) by extensions ['python_setup_py']
[0.323s] Level 1:colcon.colcon_core.package_identification:_identify(libs/lerobot/tests/artifacts/datasets/lerobot/aloha_sim_insertion_human) by extension 'python_setup_py'
[0.323s] Level 1:colcon.colcon_core.package_identification:_identify(libs/lerobot/tests/artifacts/datasets/lerobot/pusht) by extensions ['ignore', 'ignore_ament_install']
[0.323s] Level 1:colcon.colcon_core.package_identification:_identify(libs/lerobot/tests/artifacts/datasets/lerobot/pusht) by extension 'ignore'
[0.323s] Level 1:colcon.colcon_core.package_identification:_identify(libs/lerobot/tests/artifacts/datasets/lerobot/pusht) by extension 'ignore_ament_install'
[0.324s] Level 1:colcon.colcon_core.package_identification:_identify(libs/lerobot/tests/artifacts/datasets/lerobot/pusht) by extensions ['colcon_pkg']
[0.324s] Level 1:colcon.colcon_core.package_identification:_identify(libs/lerobot/tests/artifacts/datasets/lerobot/pusht) by extension 'colcon_pkg'
[0.324s] Level 1:colcon.colcon_core.package_identification:_identify(libs/lerobot/tests/artifacts/datasets/lerobot/pusht) by extensions ['colcon_meta']
[0.324s] Level 1:colcon.colcon_core.package_identification:_identify(libs/lerobot/tests/artifacts/datasets/lerobot/pusht) by extension 'colcon_meta'
[0.324s] Level 1:colcon.colcon_core.package_identification:_identify(libs/lerobot/tests/artifacts/datasets/lerobot/pusht) by extensions ['ros']
[0.324s] Level 1:colcon.colcon_core.package_identification:_identify(libs/lerobot/tests/artifacts/datasets/lerobot/pusht) by extension 'ros'
[0.324s] Level 1:colcon.colcon_core.package_identification:_identify(libs/lerobot/tests/artifacts/datasets/lerobot/pusht) by extensions ['cmake', 'python']
[0.324s] Level 1:colcon.colcon_core.package_identification:_identify(libs/lerobot/tests/artifacts/datasets/lerobot/pusht) by extension 'cmake'
[0.324s] Level 1:colcon.colcon_core.package_identification:_identify(libs/lerobot/tests/artifacts/datasets/lerobot/pusht) by extension 'python'
[0.324s] Level 1:colcon.colcon_core.package_identification:_identify(libs/lerobot/tests/artifacts/datasets/lerobot/pusht) by extensions ['python_setup_py']
[0.324s] Level 1:colcon.colcon_core.package_identification:_identify(libs/lerobot/tests/artifacts/datasets/lerobot/pusht) by extension 'python_setup_py'
[0.324s] Level 1:colcon.colcon_core.package_identification:_identify(libs/lerobot/tests/artifacts/datasets/lerobot/xarm_lift_medium) by extensions ['ignore', 'ignore_ament_install']
[0.324s] Level 1:colcon.colcon_core.package_identification:_identify(libs/lerobot/tests/artifacts/datasets/lerobot/xarm_lift_medium) by extension 'ignore'
[0.324s] Level 1:colcon.colcon_core.package_identification:_identify(libs/lerobot/tests/artifacts/datasets/lerobot/xarm_lift_medium) by extension 'ignore_ament_install'
[0.324s] Level 1:colcon.colcon_core.package_identification:_identify(libs/lerobot/tests/artifacts/datasets/lerobot/xarm_lift_medium) by extensions ['colcon_pkg']
[0.324s] Level 1:colcon.colcon_core.package_identification:_identify(libs/lerobot/tests/artifacts/datasets/lerobot/xarm_lift_medium) by extension 'colcon_pkg'
[0.324s] Level 1:colcon.colcon_core.package_identification:_identify(libs/lerobot/tests/artifacts/datasets/lerobot/xarm_lift_medium) by extensions ['colcon_meta']
[0.324s] Level 1:colcon.colcon_core.package_identification:_identify(libs/lerobot/tests/artifacts/datasets/lerobot/xarm_lift_medium) by extension 'colcon_meta'
[0.324s] Level 1:colcon.colcon_core.package_identification:_identify(libs/lerobot/tests/artifacts/datasets/lerobot/xarm_lift_medium) by extensions ['ros']
[0.324s] Level 1:colcon.colcon_core.package_identification:_identify(libs/lerobot/tests/artifacts/datasets/lerobot/xarm_lift_medium) by extension 'ros'
[0.325s] Level 1:colcon.colcon_core.package_identification:_identify(libs/lerobot/tests/artifacts/datasets/lerobot/xarm_lift_medium) by extensions ['cmake', 'python']
[0.325s] Level 1:colcon.colcon_core.package_identification:_identify(libs/lerobot/tests/artifacts/datasets/lerobot/xarm_lift_medium) by extension 'cmake'
[0.325s] Level 1:colcon.colcon_core.package_identification:_identify(libs/lerobot/tests/artifacts/datasets/lerobot/xarm_lift_medium) by extension 'python'
[0.325s] Level 1:colcon.colcon_core.package_identification:_identify(libs/lerobot/tests/artifacts/datasets/lerobot/xarm_lift_medium) by extensions ['python_setup_py']
[0.325s] Level 1:colcon.colcon_core.package_identification:_identify(libs/lerobot/tests/artifacts/datasets/lerobot/xarm_lift_medium) by extension 'python_setup_py'
[0.325s] Level 1:colcon.colcon_core.package_identification:_identify(libs/lerobot/tests/artifacts/image_transforms) by extensions ['ignore', 'ignore_ament_install']
[0.325s] Level 1:colcon.colcon_core.package_identification:_identify(libs/lerobot/tests/artifacts/image_transforms) by extension 'ignore'
[0.325s] Level 1:colcon.colcon_core.package_identification:_identify(libs/lerobot/tests/artifacts/image_transforms) by extension 'ignore_ament_install'
[0.325s] Level 1:colcon.colcon_core.package_identification:_identify(libs/lerobot/tests/artifacts/image_transforms) by extensions ['colcon_pkg']
[0.325s] Level 1:colcon.colcon_core.package_identification:_identify(libs/lerobot/tests/artifacts/image_transforms) by extension 'colcon_pkg'
[0.325s] Level 1:colcon.colcon_core.package_identification:_identify(libs/lerobot/tests/artifacts/image_transforms) by extensions ['colcon_meta']
[0.325s] Level 1:colcon.colcon_core.package_identification:_identify(libs/lerobot/tests/artifacts/image_transforms) by extension 'colcon_meta'
[0.325s] Level 1:colcon.colcon_core.package_identification:_identify(libs/lerobot/tests/artifacts/image_transforms) by extensions ['ros']
[0.325s] Level 1:colcon.colcon_core.package_identification:_identify(libs/lerobot/tests/artifacts/image_transforms) by extension 'ros'
[0.325s] Level 1:colcon.colcon_core.package_identification:_identify(libs/lerobot/tests/artifacts/image_transforms) by extensions ['cmake', 'python']
[0.325s] Level 1:colcon.colcon_core.package_identification:_identify(libs/lerobot/tests/artifacts/image_transforms) by extension 'cmake'
[0.325s] Level 1:colcon.colcon_core.package_identification:_identify(libs/lerobot/tests/artifacts/image_transforms) by extension 'python'
[0.325s] Level 1:colcon.colcon_core.package_identification:_identify(libs/lerobot/tests/artifacts/image_transforms) by extensions ['python_setup_py']
[0.325s] Level 1:colcon.colcon_core.package_identification:_identify(libs/lerobot/tests/artifacts/image_transforms) by extension 'python_setup_py'
[0.326s] Level 1:colcon.colcon_core.package_identification:_identify(libs/lerobot/tests/artifacts/policies) by extensions ['ignore', 'ignore_ament_install']
[0.326s] Level 1:colcon.colcon_core.package_identification:_identify(libs/lerobot/tests/artifacts/policies) by extension 'ignore'
[0.326s] Level 1:colcon.colcon_core.package_identification:_identify(libs/lerobot/tests/artifacts/policies) by extension 'ignore_ament_install'
[0.326s] Level 1:colcon.colcon_core.package_identification:_identify(libs/lerobot/tests/artifacts/policies) by extensions ['colcon_pkg']
[0.326s] Level 1:colcon.colcon_core.package_identification:_identify(libs/lerobot/tests/artifacts/policies) by extension 'colcon_pkg'
[0.326s] Level 1:colcon.colcon_core.package_identification:_identify(libs/lerobot/tests/artifacts/policies) by extensions ['colcon_meta']
[0.326s] Level 1:colcon.colcon_core.package_identification:_identify(libs/lerobot/tests/artifacts/policies) by extension 'colcon_meta'
[0.326s] Level 1:colcon.colcon_core.package_identification:_identify(libs/lerobot/tests/artifacts/policies) by extensions ['ros']
[0.326s] Level 1:colcon.colcon_core.package_identification:_identify(libs/lerobot/tests/artifacts/policies) by extension 'ros'
[0.326s] Level 1:colcon.colcon_core.package_identification:_identify(libs/lerobot/tests/artifacts/policies) by extensions ['cmake', 'python']
[0.326s] Level 1:colcon.colcon_core.package_identification:_identify(libs/lerobot/tests/artifacts/policies) by extension 'cmake'
[0.326s] Level 1:colcon.colcon_core.package_identification:_identify(libs/lerobot/tests/artifacts/policies) by extension 'python'
[0.326s] Level 1:colcon.colcon_core.package_identification:_identify(libs/lerobot/tests/artifacts/policies) by extensions ['python_setup_py']
[0.326s] Level 1:colcon.colcon_core.package_identification:_identify(libs/lerobot/tests/artifacts/policies) by extension 'python_setup_py'
[0.326s] Level 1:colcon.colcon_core.package_identification:_identify(libs/lerobot/tests/artifacts/policies/aloha_sim_insertion_human_act_) by extensions ['ignore', 'ignore_ament_install']
[0.326s] Level 1:colcon.colcon_core.package_identification:_identify(libs/lerobot/tests/artifacts/policies/aloha_sim_insertion_human_act_) by extension 'ignore'
[0.327s] Level 1:colcon.colcon_core.package_identification:_identify(libs/lerobot/tests/artifacts/policies/aloha_sim_insertion_human_act_) by extension 'ignore_ament_install'
[0.327s] Level 1:colcon.colcon_core.package_identification:_identify(libs/lerobot/tests/artifacts/policies/aloha_sim_insertion_human_act_) by extensions ['colcon_pkg']
[0.327s] Level 1:colcon.colcon_core.package_identification:_identify(libs/lerobot/tests/artifacts/policies/aloha_sim_insertion_human_act_) by extension 'colcon_pkg'
[0.327s] Level 1:colcon.colcon_core.package_identification:_identify(libs/lerobot/tests/artifacts/policies/aloha_sim_insertion_human_act_) by extensions ['colcon_meta']
[0.327s] Level 1:colcon.colcon_core.package_identification:_identify(libs/lerobot/tests/artifacts/policies/aloha_sim_insertion_human_act_) by extension 'colcon_meta'
[0.327s] Level 1:colcon.colcon_core.package_identification:_identify(libs/lerobot/tests/artifacts/policies/aloha_sim_insertion_human_act_) by extensions ['ros']
[0.327s] Level 1:colcon.colcon_core.package_identification:_identify(libs/lerobot/tests/artifacts/policies/aloha_sim_insertion_human_act_) by extension 'ros'
[0.327s] Level 1:colcon.colcon_core.package_identification:_identify(libs/lerobot/tests/artifacts/policies/aloha_sim_insertion_human_act_) by extensions ['cmake', 'python']
[0.327s] Level 1:colcon.colcon_core.package_identification:_identify(libs/lerobot/tests/artifacts/policies/aloha_sim_insertion_human_act_) by extension 'cmake'
[0.327s] Level 1:colcon.colcon_core.package_identification:_identify(libs/lerobot/tests/artifacts/policies/aloha_sim_insertion_human_act_) by extension 'python'
[0.327s] Level 1:colcon.colcon_core.package_identification:_identify(libs/lerobot/tests/artifacts/policies/aloha_sim_insertion_human_act_) by extensions ['python_setup_py']
[0.327s] Level 1:colcon.colcon_core.package_identification:_identify(libs/lerobot/tests/artifacts/policies/aloha_sim_insertion_human_act_) by extension 'python_setup_py'
[0.327s] Level 1:colcon.colcon_core.package_identification:_identify(libs/lerobot/tests/artifacts/policies/aloha_sim_insertion_human_act_1000_steps) by extensions ['ignore', 'ignore_ament_install']
[0.327s] Level 1:colcon.colcon_core.package_identification:_identify(libs/lerobot/tests/artifacts/policies/aloha_sim_insertion_human_act_1000_steps) by extension 'ignore'
[0.327s] Level 1:colcon.colcon_core.package_identification:_identify(libs/lerobot/tests/artifacts/policies/aloha_sim_insertion_human_act_1000_steps) by extension 'ignore_ament_install'
[0.327s] Level 1:colcon.colcon_core.package_identification:_identify(libs/lerobot/tests/artifacts/policies/aloha_sim_insertion_human_act_1000_steps) by extensions ['colcon_pkg']
[0.327s] Level 1:colcon.colcon_core.package_identification:_identify(libs/lerobot/tests/artifacts/policies/aloha_sim_insertion_human_act_1000_steps) by extension 'colcon_pkg'
[0.327s] Level 1:colcon.colcon_core.package_identification:_identify(libs/lerobot/tests/artifacts/policies/aloha_sim_insertion_human_act_1000_steps) by extensions ['colcon_meta']
[0.327s] Level 1:colcon.colcon_core.package_identification:_identify(libs/lerobot/tests/artifacts/policies/aloha_sim_insertion_human_act_1000_steps) by extension 'colcon_meta'
[0.328s] Level 1:colcon.colcon_core.package_identification:_identify(libs/lerobot/tests/artifacts/policies/aloha_sim_insertion_human_act_1000_steps) by extensions ['ros']
[0.328s] Level 1:colcon.colcon_core.package_identification:_identify(libs/lerobot/tests/artifacts/policies/aloha_sim_insertion_human_act_1000_steps) by extension 'ros'
[0.328s] Level 1:colcon.colcon_core.package_identification:_identify(libs/lerobot/tests/artifacts/policies/aloha_sim_insertion_human_act_1000_steps) by extensions ['cmake', 'python']
[0.328s] Level 1:colcon.colcon_core.package_identification:_identify(libs/lerobot/tests/artifacts/policies/aloha_sim_insertion_human_act_1000_steps) by extension 'cmake'
[0.328s] Level 1:colcon.colcon_core.package_identification:_identify(libs/lerobot/tests/artifacts/policies/aloha_sim_insertion_human_act_1000_steps) by extension 'python'
[0.328s] Level 1:colcon.colcon_core.package_identification:_identify(libs/lerobot/tests/artifacts/policies/aloha_sim_insertion_human_act_1000_steps) by extensions ['python_setup_py']
[0.328s] Level 1:colcon.colcon_core.package_identification:_identify(libs/lerobot/tests/artifacts/policies/aloha_sim_insertion_human_act_1000_steps) by extension 'python_setup_py'
[0.328s] Level 1:colcon.colcon_core.package_identification:_identify(libs/lerobot/tests/artifacts/policies/pusht_diffusion_) by extensions ['ignore', 'ignore_ament_install']
[0.328s] Level 1:colcon.colcon_core.package_identification:_identify(libs/lerobot/tests/artifacts/policies/pusht_diffusion_) by extension 'ignore'
[0.328s] Level 1:colcon.colcon_core.package_identification:_identify(libs/lerobot/tests/artifacts/policies/pusht_diffusion_) by extension 'ignore_ament_install'
[0.328s] Level 1:colcon.colcon_core.package_identification:_identify(libs/lerobot/tests/artifacts/policies/pusht_diffusion_) by extensions ['colcon_pkg']
[0.328s] Level 1:colcon.colcon_core.package_identification:_identify(libs/lerobot/tests/artifacts/policies/pusht_diffusion_) by extension 'colcon_pkg'
[0.328s] Level 1:colcon.colcon_core.package_identification:_identify(libs/lerobot/tests/artifacts/policies/pusht_diffusion_) by extensions ['colcon_meta']
[0.328s] Level 1:colcon.colcon_core.package_identification:_identify(libs/lerobot/tests/artifacts/policies/pusht_diffusion_) by extension 'colcon_meta'
[0.328s] Level 1:colcon.colcon_core.package_identification:_identify(libs/lerobot/tests/artifacts/policies/pusht_diffusion_) by extensions ['ros']
[0.328s] Level 1:colcon.colcon_core.package_identification:_identify(libs/lerobot/tests/artifacts/policies/pusht_diffusion_) by extension 'ros'
[0.328s] Level 1:colcon.colcon_core.package_identification:_identify(libs/lerobot/tests/artifacts/policies/pusht_diffusion_) by extensions ['cmake', 'python']
[0.328s] Level 1:colcon.colcon_core.package_identification:_identify(libs/lerobot/tests/artifacts/policies/pusht_diffusion_) by extension 'cmake'
[0.329s] Level 1:colcon.colcon_core.package_identification:_identify(libs/lerobot/tests/artifacts/policies/pusht_diffusion_) by extension 'python'
[0.329s] Level 1:colcon.colcon_core.package_identification:_identify(libs/lerobot/tests/artifacts/policies/pusht_diffusion_) by extensions ['python_setup_py']
[0.329s] Level 1:colcon.colcon_core.package_identification:_identify(libs/lerobot/tests/artifacts/policies/pusht_diffusion_) by extension 'python_setup_py'
[0.329s] Level 1:colcon.colcon_core.package_identification:_identify(libs/lerobot/tests/artifacts/policies/xarm_lift_medium_tdmpc_use_mpc) by extensions ['ignore', 'ignore_ament_install']
[0.329s] Level 1:colcon.colcon_core.package_identification:_identify(libs/lerobot/tests/artifacts/policies/xarm_lift_medium_tdmpc_use_mpc) by extension 'ignore'
[0.329s] Level 1:colcon.colcon_core.package_identification:_identify(libs/lerobot/tests/artifacts/policies/xarm_lift_medium_tdmpc_use_mpc) by extension 'ignore_ament_install'
[0.329s] Level 1:colcon.colcon_core.package_identification:_identify(libs/lerobot/tests/artifacts/policies/xarm_lift_medium_tdmpc_use_mpc) by extensions ['colcon_pkg']
[0.329s] Level 1:colcon.colcon_core.package_identification:_identify(libs/lerobot/tests/artifacts/policies/xarm_lift_medium_tdmpc_use_mpc) by extension 'colcon_pkg'
[0.329s] Level 1:colcon.colcon_core.package_identification:_identify(libs/lerobot/tests/artifacts/policies/xarm_lift_medium_tdmpc_use_mpc) by extensions ['colcon_meta']
[0.329s] Level 1:colcon.colcon_core.package_identification:_identify(libs/lerobot/tests/artifacts/policies/xarm_lift_medium_tdmpc_use_mpc) by extension 'colcon_meta'
[0.329s] Level 1:colcon.colcon_core.package_identification:_identify(libs/lerobot/tests/artifacts/policies/xarm_lift_medium_tdmpc_use_mpc) by extensions ['ros']
[0.329s] Level 1:colcon.colcon_core.package_identification:_identify(libs/lerobot/tests/artifacts/policies/xarm_lift_medium_tdmpc_use_mpc) by extension 'ros'
[0.329s] Level 1:colcon.colcon_core.package_identification:_identify(libs/lerobot/tests/artifacts/policies/xarm_lift_medium_tdmpc_use_mpc) by extensions ['cmake', 'python']
[0.329s] Level 1:colcon.colcon_core.package_identification:_identify(libs/lerobot/tests/artifacts/policies/xarm_lift_medium_tdmpc_use_mpc) by extension 'cmake'
[0.329s] Level 1:colcon.colcon_core.package_identification:_identify(libs/lerobot/tests/artifacts/policies/xarm_lift_medium_tdmpc_use_mpc) by extension 'python'
[0.329s] Level 1:colcon.colcon_core.package_identification:_identify(libs/lerobot/tests/artifacts/policies/xarm_lift_medium_tdmpc_use_mpc) by extensions ['python_setup_py']
[0.329s] Level 1:colcon.colcon_core.package_identification:_identify(libs/lerobot/tests/artifacts/policies/xarm_lift_medium_tdmpc_use_mpc) by extension 'python_setup_py'
[0.329s] Level 1:colcon.colcon_core.package_identification:_identify(libs/lerobot/tests/artifacts/policies/xarm_lift_medium_tdmpc_use_policy) by extensions ['ignore', 'ignore_ament_install']
[0.330s] Level 1:colcon.colcon_core.package_identification:_identify(libs/lerobot/tests/artifacts/policies/xarm_lift_medium_tdmpc_use_policy) by extension 'ignore'
[0.330s] Level 1:colcon.colcon_core.package_identification:_identify(libs/lerobot/tests/artifacts/policies/xarm_lift_medium_tdmpc_use_policy) by extension 'ignore_ament_install'
[0.330s] Level 1:colcon.colcon_core.package_identification:_identify(libs/lerobot/tests/artifacts/policies/xarm_lift_medium_tdmpc_use_policy) by extensions ['colcon_pkg']
[0.330s] Level 1:colcon.colcon_core.package_identification:_identify(libs/lerobot/tests/artifacts/policies/xarm_lift_medium_tdmpc_use_policy) by extension 'colcon_pkg'
[0.330s] Level 1:colcon.colcon_core.package_identification:_identify(libs/lerobot/tests/artifacts/policies/xarm_lift_medium_tdmpc_use_policy) by extensions ['colcon_meta']
[0.330s] Level 1:colcon.colcon_core.package_identification:_identify(libs/lerobot/tests/artifacts/policies/xarm_lift_medium_tdmpc_use_policy) by extension 'colcon_meta'
[0.330s] Level 1:colcon.colcon_core.package_identification:_identify(libs/lerobot/tests/artifacts/policies/xarm_lift_medium_tdmpc_use_policy) by extensions ['ros']
[0.330s] Level 1:colcon.colcon_core.package_identification:_identify(libs/lerobot/tests/artifacts/policies/xarm_lift_medium_tdmpc_use_policy) by extension 'ros'
[0.330s] Level 1:colcon.colcon_core.package_identification:_identify(libs/lerobot/tests/artifacts/policies/xarm_lift_medium_tdmpc_use_policy) by extensions ['cmake', 'python']
[0.330s] Level 1:colcon.colcon_core.package_identification:_identify(libs/lerobot/tests/artifacts/policies/xarm_lift_medium_tdmpc_use_policy) by extension 'cmake'
[0.330s] Level 1:colcon.colcon_core.package_identification:_identify(libs/lerobot/tests/artifacts/policies/xarm_lift_medium_tdmpc_use_policy) by extension 'python'
[0.330s] Level 1:colcon.colcon_core.package_identification:_identify(libs/lerobot/tests/artifacts/policies/xarm_lift_medium_tdmpc_use_policy) by extensions ['python_setup_py']
[0.330s] Level 1:colcon.colcon_core.package_identification:_identify(libs/lerobot/tests/artifacts/policies/xarm_lift_medium_tdmpc_use_policy) by extension 'python_setup_py'
[0.330s] Level 1:colcon.colcon_core.package_identification:_identify(libs/lerobot/tests/async_inference) by extensions ['ignore', 'ignore_ament_install']
[0.330s] Level 1:colcon.colcon_core.package_identification:_identify(libs/lerobot/tests/async_inference) by extension 'ignore'
[0.330s] Level 1:colcon.colcon_core.package_identification:_identify(libs/lerobot/tests/async_inference) by extension 'ignore_ament_install'
[0.330s] Level 1:colcon.colcon_core.package_identification:_identify(libs/lerobot/tests/async_inference) by extensions ['colcon_pkg']
[0.330s] Level 1:colcon.colcon_core.package_identification:_identify(libs/lerobot/tests/async_inference) by extension 'colcon_pkg'
[0.331s] Level 1:colcon.colcon_core.package_identification:_identify(libs/lerobot/tests/async_inference) by extensions ['colcon_meta']
[0.331s] Level 1:colcon.colcon_core.package_identification:_identify(libs/lerobot/tests/async_inference) by extension 'colcon_meta'
[0.331s] Level 1:colcon.colcon_core.package_identification:_identify(libs/lerobot/tests/async_inference) by extensions ['ros']
[0.331s] Level 1:colcon.colcon_core.package_identification:_identify(libs/lerobot/tests/async_inference) by extension 'ros'
[0.331s] Level 1:colcon.colcon_core.package_identification:_identify(libs/lerobot/tests/async_inference) by extensions ['cmake', 'python']
[0.331s] Level 1:colcon.colcon_core.package_identification:_identify(libs/lerobot/tests/async_inference) by extension 'cmake'
[0.331s] Level 1:colcon.colcon_core.package_identification:_identify(libs/lerobot/tests/async_inference) by extension 'python'
[0.331s] Level 1:colcon.colcon_core.package_identification:_identify(libs/lerobot/tests/async_inference) by extensions ['python_setup_py']
[0.331s] Level 1:colcon.colcon_core.package_identification:_identify(libs/lerobot/tests/async_inference) by extension 'python_setup_py'
[0.331s] Level 1:colcon.colcon_core.package_identification:_identify(libs/lerobot/tests/cameras) by extensions ['ignore', 'ignore_ament_install']
[0.331s] Level 1:colcon.colcon_core.package_identification:_identify(libs/lerobot/tests/cameras) by extension 'ignore'
[0.331s] Level 1:colcon.colcon_core.package_identification:_identify(libs/lerobot/tests/cameras) by extension 'ignore_ament_install'
[0.331s] Level 1:colcon.colcon_core.package_identification:_identify(libs/lerobot/tests/cameras) by extensions ['colcon_pkg']
[0.331s] Level 1:colcon.colcon_core.package_identification:_identify(libs/lerobot/tests/cameras) by extension 'colcon_pkg'
[0.331s] Level 1:colcon.colcon_core.package_identification:_identify(libs/lerobot/tests/cameras) by extensions ['colcon_meta']
[0.331s] Level 1:colcon.colcon_core.package_identification:_identify(libs/lerobot/tests/cameras) by extension 'colcon_meta'
[0.331s] Level 1:colcon.colcon_core.package_identification:_identify(libs/lerobot/tests/cameras) by extensions ['ros']
[0.331s] Level 1:colcon.colcon_core.package_identification:_identify(libs/lerobot/tests/cameras) by extension 'ros'
[0.331s] Level 1:colcon.colcon_core.package_identification:_identify(libs/lerobot/tests/cameras) by extensions ['cmake', 'python']
[0.331s] Level 1:colcon.colcon_core.package_identification:_identify(libs/lerobot/tests/cameras) by extension 'cmake'
[0.332s] Level 1:colcon.colcon_core.package_identification:_identify(libs/lerobot/tests/cameras) by extension 'python'
[0.332s] Level 1:colcon.colcon_core.package_identification:_identify(libs/lerobot/tests/cameras) by extensions ['python_setup_py']
[0.332s] Level 1:colcon.colcon_core.package_identification:_identify(libs/lerobot/tests/cameras) by extension 'python_setup_py'
[0.332s] Level 1:colcon.colcon_core.package_identification:_identify(libs/lerobot/tests/configs) by extensions ['ignore', 'ignore_ament_install']
[0.332s] Level 1:colcon.colcon_core.package_identification:_identify(libs/lerobot/tests/configs) by extension 'ignore'
[0.332s] Level 1:colcon.colcon_core.package_identification:_identify(libs/lerobot/tests/configs) by extension 'ignore_ament_install'
[0.332s] Level 1:colcon.colcon_core.package_identification:_identify(libs/lerobot/tests/configs) by extensions ['colcon_pkg']
[0.332s] Level 1:colcon.colcon_core.package_identification:_identify(libs/lerobot/tests/configs) by extension 'colcon_pkg'
[0.332s] Level 1:colcon.colcon_core.package_identification:_identify(libs/lerobot/tests/configs) by extensions ['colcon_meta']
[0.332s] Level 1:colcon.colcon_core.package_identification:_identify(libs/lerobot/tests/configs) by extension 'colcon_meta'
[0.332s] Level 1:colcon.colcon_core.package_identification:_identify(libs/lerobot/tests/configs) by extensions ['ros']
[0.332s] Level 1:colcon.colcon_core.package_identification:_identify(libs/lerobot/tests/configs) by extension 'ros'
[0.332s] Level 1:colcon.colcon_core.package_identification:_identify(libs/lerobot/tests/configs) by extensions ['cmake', 'python']
[0.332s] Level 1:colcon.colcon_core.package_identification:_identify(libs/lerobot/tests/configs) by extension 'cmake'
[0.332s] Level 1:colcon.colcon_core.package_identification:_identify(libs/lerobot/tests/configs) by extension 'python'
[0.332s] Level 1:colcon.colcon_core.package_identification:_identify(libs/lerobot/tests/configs) by extensions ['python_setup_py']
[0.332s] Level 1:colcon.colcon_core.package_identification:_identify(libs/lerobot/tests/configs) by extension 'python_setup_py'
[0.332s] Level 1:colcon.colcon_core.package_identification:_identify(libs/lerobot/tests/datasets) by extensions ['ignore', 'ignore_ament_install']
[0.332s] Level 1:colcon.colcon_core.package_identification:_identify(libs/lerobot/tests/datasets) by extension 'ignore'
[0.333s] Level 1:colcon.colcon_core.package_identification:_identify(libs/lerobot/tests/datasets) by extension 'ignore_ament_install'
[0.333s] Level 1:colcon.colcon_core.package_identification:_identify(libs/lerobot/tests/datasets) by extensions ['colcon_pkg']
[0.333s] Level 1:colcon.colcon_core.package_identification:_identify(libs/lerobot/tests/datasets) by extension 'colcon_pkg'
[0.333s] Level 1:colcon.colcon_core.package_identification:_identify(libs/lerobot/tests/datasets) by extensions ['colcon_meta']
[0.333s] Level 1:colcon.colcon_core.package_identification:_identify(libs/lerobot/tests/datasets) by extension 'colcon_meta'
[0.333s] Level 1:colcon.colcon_core.package_identification:_identify(libs/lerobot/tests/datasets) by extensions ['ros']
[0.333s] Level 1:colcon.colcon_core.package_identification:_identify(libs/lerobot/tests/datasets) by extension 'ros'
[0.333s] Level 1:colcon.colcon_core.package_identification:_identify(libs/lerobot/tests/datasets) by extensions ['cmake', 'python']
[0.333s] Level 1:colcon.colcon_core.package_identification:_identify(libs/lerobot/tests/datasets) by extension 'cmake'
[0.333s] Level 1:colcon.colcon_core.package_identification:_identify(libs/lerobot/tests/datasets) by extension 'python'
[0.333s] Level 1:colcon.colcon_core.package_identification:_identify(libs/lerobot/tests/datasets) by extensions ['python_setup_py']
[0.333s] Level 1:colcon.colcon_core.package_identification:_identify(libs/lerobot/tests/datasets) by extension 'python_setup_py'
[0.333s] Level 1:colcon.colcon_core.package_identification:_identify(libs/lerobot/tests/envs) by extensions ['ignore', 'ignore_ament_install']
[0.333s] Level 1:colcon.colcon_core.package_identification:_identify(libs/lerobot/tests/envs) by extension 'ignore'
[0.333s] Level 1:colcon.colcon_core.package_identification:_identify(libs/lerobot/tests/envs) by extension 'ignore_ament_install'
[0.333s] Level 1:colcon.colcon_core.package_identification:_identify(libs/lerobot/tests/envs) by extensions ['colcon_pkg']
[0.333s] Level 1:colcon.colcon_core.package_identification:_identify(libs/lerobot/tests/envs) by extension 'colcon_pkg'
[0.333s] Level 1:colcon.colcon_core.package_identification:_identify(libs/lerobot/tests/envs) by extensions ['colcon_meta']
[0.333s] Level 1:colcon.colcon_core.package_identification:_identify(libs/lerobot/tests/envs) by extension 'colcon_meta'
[0.333s] Level 1:colcon.colcon_core.package_identification:_identify(libs/lerobot/tests/envs) by extensions ['ros']
[0.334s] Level 1:colcon.colcon_core.package_identification:_identify(libs/lerobot/tests/envs) by extension 'ros'
[0.334s] Level 1:colcon.colcon_core.package_identification:_identify(libs/lerobot/tests/envs) by extensions ['cmake', 'python']
[0.334s] Level 1:colcon.colcon_core.package_identification:_identify(libs/lerobot/tests/envs) by extension 'cmake'
[0.334s] Level 1:colcon.colcon_core.package_identification:_identify(libs/lerobot/tests/envs) by extension 'python'
[0.334s] Level 1:colcon.colcon_core.package_identification:_identify(libs/lerobot/tests/envs) by extensions ['python_setup_py']
[0.334s] Level 1:colcon.colcon_core.package_identification:_identify(libs/lerobot/tests/envs) by extension 'python_setup_py'
[0.334s] Level 1:colcon.colcon_core.package_identification:_identify(libs/lerobot/tests/examples) by extensions ['ignore', 'ignore_ament_install']
[0.334s] Level 1:colcon.colcon_core.package_identification:_identify(libs/lerobot/tests/examples) by extension 'ignore'
[0.334s] Level 1:colcon.colcon_core.package_identification:_identify(libs/lerobot/tests/examples) by extension 'ignore_ament_install'
[0.334s] Level 1:colcon.colcon_core.package_identification:_identify(libs/lerobot/tests/examples) by extensions ['colcon_pkg']
[0.334s] Level 1:colcon.colcon_core.package_identification:_identify(libs/lerobot/tests/examples) by extension 'colcon_pkg'
[0.334s] Level 1:colcon.colcon_core.package_identification:_identify(libs/lerobot/tests/examples) by extensions ['colcon_meta']
[0.334s] Level 1:colcon.colcon_core.package_identification:_identify(libs/lerobot/tests/examples) by extension 'colcon_meta'
[0.334s] Level 1:colcon.colcon_core.package_identification:_identify(libs/lerobot/tests/examples) by extensions ['ros']
[0.334s] Level 1:colcon.colcon_core.package_identification:_identify(libs/lerobot/tests/examples) by extension 'ros'
[0.334s] Level 1:colcon.colcon_core.package_identification:_identify(libs/lerobot/tests/examples) by extensions ['cmake', 'python']
[0.334s] Level 1:colcon.colcon_core.package_identification:_identify(libs/lerobot/tests/examples) by extension 'cmake'
[0.334s] Level 1:colcon.colcon_core.package_identification:_identify(libs/lerobot/tests/examples) by extension 'python'
[0.334s] Level 1:colcon.colcon_core.package_identification:_identify(libs/lerobot/tests/examples) by extensions ['python_setup_py']
[0.334s] Level 1:colcon.colcon_core.package_identification:_identify(libs/lerobot/tests/examples) by extension 'python_setup_py'
[0.335s] Level 1:colcon.colcon_core.package_identification:_identify(libs/lerobot/tests/fixtures) by extensions ['ignore', 'ignore_ament_install']
[0.335s] Level 1:colcon.colcon_core.package_identification:_identify(libs/lerobot/tests/fixtures) by extension 'ignore'
[0.335s] Level 1:colcon.colcon_core.package_identification:_identify(libs/lerobot/tests/fixtures) by extension 'ignore_ament_install'
[0.335s] Level 1:colcon.colcon_core.package_identification:_identify(libs/lerobot/tests/fixtures) by extensions ['colcon_pkg']
[0.335s] Level 1:colcon.colcon_core.package_identification:_identify(libs/lerobot/tests/fixtures) by extension 'colcon_pkg'
[0.335s] Level 1:colcon.colcon_core.package_identification:_identify(libs/lerobot/tests/fixtures) by extensions ['colcon_meta']
[0.335s] Level 1:colcon.colcon_core.package_identification:_identify(libs/lerobot/tests/fixtures) by extension 'colcon_meta'
[0.335s] Level 1:colcon.colcon_core.package_identification:_identify(libs/lerobot/tests/fixtures) by extensions ['ros']
[0.335s] Level 1:colcon.colcon_core.package_identification:_identify(libs/lerobot/tests/fixtures) by extension 'ros'
[0.335s] Level 1:colcon.colcon_core.package_identification:_identify(libs/lerobot/tests/fixtures) by extensions ['cmake', 'python']
[0.335s] Level 1:colcon.colcon_core.package_identification:_identify(libs/lerobot/tests/fixtures) by extension 'cmake'
[0.335s] Level 1:colcon.colcon_core.package_identification:_identify(libs/lerobot/tests/fixtures) by extension 'python'
[0.335s] Level 1:colcon.colcon_core.package_identification:_identify(libs/lerobot/tests/fixtures) by extensions ['python_setup_py']
[0.335s] Level 1:colcon.colcon_core.package_identification:_identify(libs/lerobot/tests/fixtures) by extension 'python_setup_py'
[0.335s] Level 1:colcon.colcon_core.package_identification:_identify(libs/lerobot/tests/mocks) by extensions ['ignore', 'ignore_ament_install']
[0.335s] Level 1:colcon.colcon_core.package_identification:_identify(libs/lerobot/tests/mocks) by extension 'ignore'
[0.335s] Level 1:colcon.colcon_core.package_identification:_identify(libs/lerobot/tests/mocks) by extension 'ignore_ament_install'
[0.335s] Level 1:colcon.colcon_core.package_identification:_identify(libs/lerobot/tests/mocks) by extensions ['colcon_pkg']
[0.336s] Level 1:colcon.colcon_core.package_identification:_identify(libs/lerobot/tests/mocks) by extension 'colcon_pkg'
[0.336s] Level 1:colcon.colcon_core.package_identification:_identify(libs/lerobot/tests/mocks) by extensions ['colcon_meta']
[0.336s] Level 1:colcon.colcon_core.package_identification:_identify(libs/lerobot/tests/mocks) by extension 'colcon_meta'
[0.336s] Level 1:colcon.colcon_core.package_identification:_identify(libs/lerobot/tests/mocks) by extensions ['ros']
[0.336s] Level 1:colcon.colcon_core.package_identification:_identify(libs/lerobot/tests/mocks) by extension 'ros'
[0.336s] Level 1:colcon.colcon_core.package_identification:_identify(libs/lerobot/tests/mocks) by extensions ['cmake', 'python']
[0.336s] Level 1:colcon.colcon_core.package_identification:_identify(libs/lerobot/tests/mocks) by extension 'cmake'
[0.336s] Level 1:colcon.colcon_core.package_identification:_identify(libs/lerobot/tests/mocks) by extension 'python'
[0.336s] Level 1:colcon.colcon_core.package_identification:_identify(libs/lerobot/tests/mocks) by extensions ['python_setup_py']
[0.336s] Level 1:colcon.colcon_core.package_identification:_identify(libs/lerobot/tests/mocks) by extension 'python_setup_py'
[0.336s] Level 1:colcon.colcon_core.package_identification:_identify(libs/lerobot/tests/motors) by extensions ['ignore', 'ignore_ament_install']
[0.336s] Level 1:colcon.colcon_core.package_identification:_identify(libs/lerobot/tests/motors) by extension 'ignore'
[0.336s] Level 1:colcon.colcon_core.package_identification:_identify(libs/lerobot/tests/motors) by extension 'ignore_ament_install'
[0.336s] Level 1:colcon.colcon_core.package_identification:_identify(libs/lerobot/tests/motors) by extensions ['colcon_pkg']
[0.336s] Level 1:colcon.colcon_core.package_identification:_identify(libs/lerobot/tests/motors) by extension 'colcon_pkg'
[0.336s] Level 1:colcon.colcon_core.package_identification:_identify(libs/lerobot/tests/motors) by extensions ['colcon_meta']
[0.336s] Level 1:colcon.colcon_core.package_identification:_identify(libs/lerobot/tests/motors) by extension 'colcon_meta'
[0.336s] Level 1:colcon.colcon_core.package_identification:_identify(libs/lerobot/tests/motors) by extensions ['ros']
[0.336s] Level 1:colcon.colcon_core.package_identification:_identify(libs/lerobot/tests/motors) by extension 'ros'
[0.336s] Level 1:colcon.colcon_core.package_identification:_identify(libs/lerobot/tests/motors) by extensions ['cmake', 'python']
[0.337s] Level 1:colcon.colcon_core.package_identification:_identify(libs/lerobot/tests/motors) by extension 'cmake'
[0.337s] Level 1:colcon.colcon_core.package_identification:_identify(libs/lerobot/tests/motors) by extension 'python'
[0.337s] Level 1:colcon.colcon_core.package_identification:_identify(libs/lerobot/tests/motors) by extensions ['python_setup_py']
[0.337s] Level 1:colcon.colcon_core.package_identification:_identify(libs/lerobot/tests/motors) by extension 'python_setup_py'
[0.337s] Level 1:colcon.colcon_core.package_identification:_identify(libs/lerobot/tests/optim) by extensions ['ignore', 'ignore_ament_install']
[0.337s] Level 1:colcon.colcon_core.package_identification:_identify(libs/lerobot/tests/optim) by extension 'ignore'
[0.337s] Level 1:colcon.colcon_core.package_identification:_identify(libs/lerobot/tests/optim) by extension 'ignore_ament_install'
[0.337s] Level 1:colcon.colcon_core.package_identification:_identify(libs/lerobot/tests/optim) by extensions ['colcon_pkg']
[0.337s] Level 1:colcon.colcon_core.package_identification:_identify(libs/lerobot/tests/optim) by extension 'colcon_pkg'
[0.337s] Level 1:colcon.colcon_core.package_identification:_identify(libs/lerobot/tests/optim) by extensions ['colcon_meta']
[0.337s] Level 1:colcon.colcon_core.package_identification:_identify(libs/lerobot/tests/optim) by extension 'colcon_meta'
[0.337s] Level 1:colcon.colcon_core.package_identification:_identify(libs/lerobot/tests/optim) by extensions ['ros']
[0.337s] Level 1:colcon.colcon_core.package_identification:_identify(libs/lerobot/tests/optim) by extension 'ros'
[0.337s] Level 1:colcon.colcon_core.package_identification:_identify(libs/lerobot/tests/optim) by extensions ['cmake', 'python']
[0.337s] Level 1:colcon.colcon_core.package_identification:_identify(libs/lerobot/tests/optim) by extension 'cmake'
[0.337s] Level 1:colcon.colcon_core.package_identification:_identify(libs/lerobot/tests/optim) by extension 'python'
[0.337s] Level 1:colcon.colcon_core.package_identification:_identify(libs/lerobot/tests/optim) by extensions ['python_setup_py']
[0.337s] Level 1:colcon.colcon_core.package_identification:_identify(libs/lerobot/tests/optim) by extension 'python_setup_py'
[0.337s] Level 1:colcon.colcon_core.package_identification:_identify(libs/lerobot/tests/plugins) by extensions ['ignore', 'ignore_ament_install']
[0.338s] Level 1:colcon.colcon_core.package_identification:_identify(libs/lerobot/tests/plugins) by extension 'ignore'
[0.338s] Level 1:colcon.colcon_core.package_identification:_identify(libs/lerobot/tests/plugins) by extension 'ignore_ament_install'
[0.338s] Level 1:colcon.colcon_core.package_identification:_identify(libs/lerobot/tests/plugins) by extensions ['colcon_pkg']
[0.338s] Level 1:colcon.colcon_core.package_identification:_identify(libs/lerobot/tests/plugins) by extension 'colcon_pkg'
[0.338s] Level 1:colcon.colcon_core.package_identification:_identify(libs/lerobot/tests/plugins) by extensions ['colcon_meta']
[0.338s] Level 1:colcon.colcon_core.package_identification:_identify(libs/lerobot/tests/plugins) by extension 'colcon_meta'
[0.338s] Level 1:colcon.colcon_core.package_identification:_identify(libs/lerobot/tests/plugins) by extensions ['ros']
[0.338s] Level 1:colcon.colcon_core.package_identification:_identify(libs/lerobot/tests/plugins) by extension 'ros'
[0.338s] Level 1:colcon.colcon_core.package_identification:_identify(libs/lerobot/tests/plugins) by extensions ['cmake', 'python']
[0.338s] Level 1:colcon.colcon_core.package_identification:_identify(libs/lerobot/tests/plugins) by extension 'cmake'
[0.338s] Level 1:colcon.colcon_core.package_identification:_identify(libs/lerobot/tests/plugins) by extension 'python'
[0.338s] Level 1:colcon.colcon_core.package_identification:_identify(libs/lerobot/tests/plugins) by extensions ['python_setup_py']
[0.338s] Level 1:colcon.colcon_core.package_identification:_identify(libs/lerobot/tests/plugins) by extension 'python_setup_py'
[0.338s] Level 1:colcon.colcon_core.package_identification:_identify(libs/lerobot/tests/policies) by extensions ['ignore', 'ignore_ament_install']
[0.338s] Level 1:colcon.colcon_core.package_identification:_identify(libs/lerobot/tests/policies) by extension 'ignore'
[0.338s] Level 1:colcon.colcon_core.package_identification:_identify(libs/lerobot/tests/policies) by extension 'ignore_ament_install'
[0.338s] Level 1:colcon.colcon_core.package_identification:_identify(libs/lerobot/tests/policies) by extensions ['colcon_pkg']
[0.338s] Level 1:colcon.colcon_core.package_identification:_identify(libs/lerobot/tests/policies) by extension 'colcon_pkg'
[0.338s] Level 1:colcon.colcon_core.package_identification:_identify(libs/lerobot/tests/policies) by extensions ['colcon_meta']
[0.338s] Level 1:colcon.colcon_core.package_identification:_identify(libs/lerobot/tests/policies) by extension 'colcon_meta'
[0.339s] Level 1:colcon.colcon_core.package_identification:_identify(libs/lerobot/tests/policies) by extensions ['ros']
[0.339s] Level 1:colcon.colcon_core.package_identification:_identify(libs/lerobot/tests/policies) by extension 'ros'
[0.339s] Level 1:colcon.colcon_core.package_identification:_identify(libs/lerobot/tests/policies) by extensions ['cmake', 'python']
[0.339s] Level 1:colcon.colcon_core.package_identification:_identify(libs/lerobot/tests/policies) by extension 'cmake'
[0.339s] Level 1:colcon.colcon_core.package_identification:_identify(libs/lerobot/tests/policies) by extension 'python'
[0.339s] Level 1:colcon.colcon_core.package_identification:_identify(libs/lerobot/tests/policies) by extensions ['python_setup_py']
[0.339s] Level 1:colcon.colcon_core.package_identification:_identify(libs/lerobot/tests/policies) by extension 'python_setup_py'
[0.339s] Level 1:colcon.colcon_core.package_identification:_identify(libs/lerobot/tests/policies/hilserl) by extensions ['ignore', 'ignore_ament_install']
[0.339s] Level 1:colcon.colcon_core.package_identification:_identify(libs/lerobot/tests/policies/hilserl) by extension 'ignore'
[0.339s] Level 1:colcon.colcon_core.package_identification:_identify(libs/lerobot/tests/policies/hilserl) by extension 'ignore_ament_install'
[0.339s] Level 1:colcon.colcon_core.package_identification:_identify(libs/lerobot/tests/policies/hilserl) by extensions ['colcon_pkg']
[0.339s] Level 1:colcon.colcon_core.package_identification:_identify(libs/lerobot/tests/policies/hilserl) by extension 'colcon_pkg'
[0.339s] Level 1:colcon.colcon_core.package_identification:_identify(libs/lerobot/tests/policies/hilserl) by extensions ['colcon_meta']
[0.339s] Level 1:colcon.colcon_core.package_identification:_identify(libs/lerobot/tests/policies/hilserl) by extension 'colcon_meta'
[0.339s] Level 1:colcon.colcon_core.package_identification:_identify(libs/lerobot/tests/policies/hilserl) by extensions ['ros']
[0.339s] Level 1:colcon.colcon_core.package_identification:_identify(libs/lerobot/tests/policies/hilserl) by extension 'ros'
[0.339s] Level 1:colcon.colcon_core.package_identification:_identify(libs/lerobot/tests/policies/hilserl) by extensions ['cmake', 'python']
[0.339s] Level 1:colcon.colcon_core.package_identification:_identify(libs/lerobot/tests/policies/hilserl) by extension 'cmake'
[0.339s] Level 1:colcon.colcon_core.package_identification:_identify(libs/lerobot/tests/policies/hilserl) by extension 'python'
[0.339s] Level 1:colcon.colcon_core.package_identification:_identify(libs/lerobot/tests/policies/hilserl) by extensions ['python_setup_py']
[0.340s] Level 1:colcon.colcon_core.package_identification:_identify(libs/lerobot/tests/policies/hilserl) by extension 'python_setup_py'
[0.340s] Level 1:colcon.colcon_core.package_identification:_identify(libs/lerobot/tests/processor) by extensions ['ignore', 'ignore_ament_install']
[0.340s] Level 1:colcon.colcon_core.package_identification:_identify(libs/lerobot/tests/processor) by extension 'ignore'
[0.340s] Level 1:colcon.colcon_core.package_identification:_identify(libs/lerobot/tests/processor) by extension 'ignore_ament_install'
[0.340s] Level 1:colcon.colcon_core.package_identification:_identify(libs/lerobot/tests/processor) by extensions ['colcon_pkg']
[0.340s] Level 1:colcon.colcon_core.package_identification:_identify(libs/lerobot/tests/processor) by extension 'colcon_pkg'
[0.340s] Level 1:colcon.colcon_core.package_identification:_identify(libs/lerobot/tests/processor) by extensions ['colcon_meta']
[0.340s] Level 1:colcon.colcon_core.package_identification:_identify(libs/lerobot/tests/processor) by extension 'colcon_meta'
[0.340s] Level 1:colcon.colcon_core.package_identification:_identify(libs/lerobot/tests/processor) by extensions ['ros']
[0.340s] Level 1:colcon.colcon_core.package_identification:_identify(libs/lerobot/tests/processor) by extension 'ros'
[0.340s] Level 1:colcon.colcon_core.package_identification:_identify(libs/lerobot/tests/processor) by extensions ['cmake', 'python']
[0.340s] Level 1:colcon.colcon_core.package_identification:_identify(libs/lerobot/tests/processor) by extension 'cmake'
[0.340s] Level 1:colcon.colcon_core.package_identification:_identify(libs/lerobot/tests/processor) by extension 'python'
[0.340s] Level 1:colcon.colcon_core.package_identification:_identify(libs/lerobot/tests/processor) by extensions ['python_setup_py']
[0.340s] Level 1:colcon.colcon_core.package_identification:_identify(libs/lerobot/tests/processor) by extension 'python_setup_py'
[0.340s] Level 1:colcon.colcon_core.package_identification:_identify(libs/lerobot/tests/rl) by extensions ['ignore', 'ignore_ament_install']
[0.340s] Level 1:colcon.colcon_core.package_identification:_identify(libs/lerobot/tests/rl) by extension 'ignore'
[0.340s] Level 1:colcon.colcon_core.package_identification:_identify(libs/lerobot/tests/rl) by extension 'ignore_ament_install'
[0.341s] Level 1:colcon.colcon_core.package_identification:_identify(libs/lerobot/tests/rl) by extensions ['colcon_pkg']
[0.341s] Level 1:colcon.colcon_core.package_identification:_identify(libs/lerobot/tests/rl) by extension 'colcon_pkg'
[0.341s] Level 1:colcon.colcon_core.package_identification:_identify(libs/lerobot/tests/rl) by extensions ['colcon_meta']
[0.341s] Level 1:colcon.colcon_core.package_identification:_identify(libs/lerobot/tests/rl) by extension 'colcon_meta'
[0.341s] Level 1:colcon.colcon_core.package_identification:_identify(libs/lerobot/tests/rl) by extensions ['ros']
[0.341s] Level 1:colcon.colcon_core.package_identification:_identify(libs/lerobot/tests/rl) by extension 'ros'
[0.341s] Level 1:colcon.colcon_core.package_identification:_identify(libs/lerobot/tests/rl) by extensions ['cmake', 'python']
[0.341s] Level 1:colcon.colcon_core.package_identification:_identify(libs/lerobot/tests/rl) by extension 'cmake'
[0.341s] Level 1:colcon.colcon_core.package_identification:_identify(libs/lerobot/tests/rl) by extension 'python'
[0.341s] Level 1:colcon.colcon_core.package_identification:_identify(libs/lerobot/tests/rl) by extensions ['python_setup_py']
[0.341s] Level 1:colcon.colcon_core.package_identification:_identify(libs/lerobot/tests/rl) by extension 'python_setup_py'
[0.341s] Level 1:colcon.colcon_core.package_identification:_identify(libs/lerobot/tests/robots) by extensions ['ignore', 'ignore_ament_install']
[0.341s] Level 1:colcon.colcon_core.package_identification:_identify(libs/lerobot/tests/robots) by extension 'ignore'
[0.341s] Level 1:colcon.colcon_core.package_identification:_identify(libs/lerobot/tests/robots) by extension 'ignore_ament_install'
[0.341s] Level 1:colcon.colcon_core.package_identification:_identify(libs/lerobot/tests/robots) by extensions ['colcon_pkg']
[0.341s] Level 1:colcon.colcon_core.package_identification:_identify(libs/lerobot/tests/robots) by extension 'colcon_pkg'
[0.341s] Level 1:colcon.colcon_core.package_identification:_identify(libs/lerobot/tests/robots) by extensions ['colcon_meta']
[0.341s] Level 1:colcon.colcon_core.package_identification:_identify(libs/lerobot/tests/robots) by extension 'colcon_meta'
[0.341s] Level 1:colcon.colcon_core.package_identification:_identify(libs/lerobot/tests/robots) by extensions ['ros']
[0.341s] Level 1:colcon.colcon_core.package_identification:_identify(libs/lerobot/tests/robots) by extension 'ros'
[0.342s] Level 1:colcon.colcon_core.package_identification:_identify(libs/lerobot/tests/robots) by extensions ['cmake', 'python']
[0.342s] Level 1:colcon.colcon_core.package_identification:_identify(libs/lerobot/tests/robots) by extension 'cmake'
[0.342s] Level 1:colcon.colcon_core.package_identification:_identify(libs/lerobot/tests/robots) by extension 'python'
[0.342s] Level 1:colcon.colcon_core.package_identification:_identify(libs/lerobot/tests/robots) by extensions ['python_setup_py']
[0.342s] Level 1:colcon.colcon_core.package_identification:_identify(libs/lerobot/tests/robots) by extension 'python_setup_py'
[0.342s] Level 1:colcon.colcon_core.package_identification:_identify(libs/lerobot/tests/teleoperators) by extensions ['ignore', 'ignore_ament_install']
[0.342s] Level 1:colcon.colcon_core.package_identification:_identify(libs/lerobot/tests/teleoperators) by extension 'ignore'
[0.342s] Level 1:colcon.colcon_core.package_identification:_identify(libs/lerobot/tests/teleoperators) by extension 'ignore_ament_install'
[0.342s] Level 1:colcon.colcon_core.package_identification:_identify(libs/lerobot/tests/teleoperators) by extensions ['colcon_pkg']
[0.342s] Level 1:colcon.colcon_core.package_identification:_identify(libs/lerobot/tests/teleoperators) by extension 'colcon_pkg'
[0.342s] Level 1:colcon.colcon_core.package_identification:_identify(libs/lerobot/tests/teleoperators) by extensions ['colcon_meta']
[0.342s] Level 1:colcon.colcon_core.package_identification:_identify(libs/lerobot/tests/teleoperators) by extension 'colcon_meta'
[0.342s] Level 1:colcon.colcon_core.package_identification:_identify(libs/lerobot/tests/teleoperators) by extensions ['ros']
[0.342s] Level 1:colcon.colcon_core.package_identification:_identify(libs/lerobot/tests/teleoperators) by extension 'ros'
[0.342s] Level 1:colcon.colcon_core.package_identification:_identify(libs/lerobot/tests/teleoperators) by extensions ['cmake', 'python']
[0.342s] Level 1:colcon.colcon_core.package_identification:_identify(libs/lerobot/tests/teleoperators) by extension 'cmake'
[0.342s] Level 1:colcon.colcon_core.package_identification:_identify(libs/lerobot/tests/teleoperators) by extension 'python'
[0.342s] Level 1:colcon.colcon_core.package_identification:_identify(libs/lerobot/tests/teleoperators) by extensions ['python_setup_py']
[0.342s] Level 1:colcon.colcon_core.package_identification:_identify(libs/lerobot/tests/teleoperators) by extension 'python_setup_py'
[0.343s] Level 1:colcon.colcon_core.package_identification:_identify(libs/lerobot/tests/transport) by extensions ['ignore', 'ignore_ament_install']
[0.343s] Level 1:colcon.colcon_core.package_identification:_identify(libs/lerobot/tests/transport) by extension 'ignore'
[0.343s] Level 1:colcon.colcon_core.package_identification:_identify(libs/lerobot/tests/transport) by extension 'ignore_ament_install'
[0.343s] Level 1:colcon.colcon_core.package_identification:_identify(libs/lerobot/tests/transport) by extensions ['colcon_pkg']
[0.343s] Level 1:colcon.colcon_core.package_identification:_identify(libs/lerobot/tests/transport) by extension 'colcon_pkg'
[0.343s] Level 1:colcon.colcon_core.package_identification:_identify(libs/lerobot/tests/transport) by extensions ['colcon_meta']
[0.343s] Level 1:colcon.colcon_core.package_identification:_identify(libs/lerobot/tests/transport) by extension 'colcon_meta'
[0.343s] Level 1:colcon.colcon_core.package_identification:_identify(libs/lerobot/tests/transport) by extensions ['ros']
[0.343s] Level 1:colcon.colcon_core.package_identification:_identify(libs/lerobot/tests/transport) by extension 'ros'
[0.343s] Level 1:colcon.colcon_core.package_identification:_identify(libs/lerobot/tests/transport) by extensions ['cmake', 'python']
[0.343s] Level 1:colcon.colcon_core.package_identification:_identify(libs/lerobot/tests/transport) by extension 'cmake'
[0.343s] Level 1:colcon.colcon_core.package_identification:_identify(libs/lerobot/tests/transport) by extension 'python'
[0.343s] Level 1:colcon.colcon_core.package_identification:_identify(libs/lerobot/tests/transport) by extensions ['python_setup_py']
[0.343s] Level 1:colcon.colcon_core.package_identification:_identify(libs/lerobot/tests/transport) by extension 'python_setup_py'
[0.343s] Level 1:colcon.colcon_core.package_identification:_identify(libs/lerobot/tests/utils) by extensions ['ignore', 'ignore_ament_install']
[0.343s] Level 1:colcon.colcon_core.package_identification:_identify(libs/lerobot/tests/utils) by extension 'ignore'
[0.343s] Level 1:colcon.colcon_core.package_identification:_identify(libs/lerobot/tests/utils) by extension 'ignore_ament_install'
[0.343s] Level 1:colcon.colcon_core.package_identification:_identify(libs/lerobot/tests/utils) by extensions ['colcon_pkg']
[0.343s] Level 1:colcon.colcon_core.package_identification:_identify(libs/lerobot/tests/utils) by extension 'colcon_pkg'
[0.344s] Level 1:colcon.colcon_core.package_identification:_identify(libs/lerobot/tests/utils) by extensions ['colcon_meta']
[0.344s] Level 1:colcon.colcon_core.package_identification:_identify(libs/lerobot/tests/utils) by extension 'colcon_meta'
[0.344s] Level 1:colcon.colcon_core.package_identification:_identify(libs/lerobot/tests/utils) by extensions ['ros']
[0.344s] Level 1:colcon.colcon_core.package_identification:_identify(libs/lerobot/tests/utils) by extension 'ros'
[0.344s] Level 1:colcon.colcon_core.package_identification:_identify(libs/lerobot/tests/utils) by extensions ['cmake', 'python']
[0.344s] Level 1:colcon.colcon_core.package_identification:_identify(libs/lerobot/tests/utils) by extension 'cmake'
[0.344s] Level 1:colcon.colcon_core.package_identification:_identify(libs/lerobot/tests/utils) by extension 'python'
[0.344s] Level 1:colcon.colcon_core.package_identification:_identify(libs/lerobot/tests/utils) by extensions ['python_setup_py']
[0.344s] Level 1:colcon.colcon_core.package_identification:_identify(libs/lerobot/tests/utils) by extension 'python_setup_py'
[0.344s] Level 1:colcon.colcon_core.package_identification:_identify(log) by extensions ['ignore', 'ignore_ament_install']
[0.344s] Level 1:colcon.colcon_core.package_identification:_identify(log) by extension 'ignore'
[0.344s] Level 1:colcon.colcon_core.package_identification:_identify(log) ignored
[0.344s] Level 1:colcon.colcon_core.package_identification:_identify(scripts) by extensions ['ignore', 'ignore_ament_install']
[0.344s] Level 1:colcon.colcon_core.package_identification:_identify(scripts) by extension 'ignore'
[0.344s] Level 1:colcon.colcon_core.package_identification:_identify(scripts) by extension 'ignore_ament_install'
[0.344s] Level 1:colcon.colcon_core.package_identification:_identify(scripts) by extensions ['colcon_pkg']
[0.344s] Level 1:colcon.colcon_core.package_identification:_identify(scripts) by extension 'colcon_pkg'
[0.344s] Level 1:colcon.colcon_core.package_identification:_identify(scripts) by extensions ['colcon_meta']
[0.345s] Level 1:colcon.colcon_core.package_identification:_identify(scripts) by extension 'colcon_meta'
[0.345s] Level 1:colcon.colcon_core.package_identification:_identify(scripts) by extensions ['ros']
[0.345s] Level 1:colcon.colcon_core.package_identification:_identify(scripts) by extension 'ros'
[0.345s] Level 1:colcon.colcon_core.package_identification:_identify(scripts) by extensions ['cmake', 'python']
[0.345s] Level 1:colcon.colcon_core.package_identification:_identify(scripts) by extension 'cmake'
[0.345s] Level 1:colcon.colcon_core.package_identification:_identify(scripts) by extension 'python'
[0.345s] Level 1:colcon.colcon_core.package_identification:_identify(scripts) by extensions ['python_setup_py']
[0.345s] Level 1:colcon.colcon_core.package_identification:_identify(scripts) by extension 'python_setup_py'
[0.345s] Level 1:colcon.colcon_core.package_identification:_identify(src) by extensions ['ignore', 'ignore_ament_install']
[0.345s] Level 1:colcon.colcon_core.package_identification:_identify(src) by extension 'ignore'
[0.345s] Level 1:colcon.colcon_core.package_identification:_identify(src) by extension 'ignore_ament_install'
[0.345s] Level 1:colcon.colcon_core.package_identification:_identify(src) by extensions ['colcon_pkg']
[0.345s] Level 1:colcon.colcon_core.package_identification:_identify(src) by extension 'colcon_pkg'
[0.345s] Level 1:colcon.colcon_core.package_identification:_identify(src) by extensions ['colcon_meta']
[0.345s] Level 1:colcon.colcon_core.package_identification:_identify(src) by extension 'colcon_meta'
[0.345s] Level 1:colcon.colcon_core.package_identification:_identify(src) by extensions ['ros']
[0.345s] Level 1:colcon.colcon_core.package_identification:_identify(src) by extension 'ros'
[0.345s] Level 1:colcon.colcon_core.package_identification:_identify(src) by extensions ['cmake', 'python']
[0.345s] Level 1:colcon.colcon_core.package_identification:_identify(src) by extension 'cmake'
[0.345s] Level 1:colcon.colcon_core.package_identification:_identify(src) by extension 'python'
[0.345s] Level 1:colcon.colcon_core.package_identification:_identify(src) by extensions ['python_setup_py']
[0.345s] Level 1:colcon.colcon_core.package_identification:_identify(src) by extension 'python_setup_py'
[0.346s] Level 1:colcon.colcon_core.package_identification:_identify(src/Processing) by extensions ['ignore', 'ignore_ament_install']
[0.346s] Level 1:colcon.colcon_core.package_identification:_identify(src/Processing) by extension 'ignore'
[0.346s] Level 1:colcon.colcon_core.package_identification:_identify(src/Processing) by extension 'ignore_ament_install'
[0.346s] Level 1:colcon.colcon_core.package_identification:_identify(src/Processing) by extensions ['colcon_pkg']
[0.346s] Level 1:colcon.colcon_core.package_identification:_identify(src/Processing) by extension 'colcon_pkg'
[0.346s] Level 1:colcon.colcon_core.package_identification:_identify(src/Processing) by extensions ['colcon_meta']
[0.346s] Level 1:colcon.colcon_core.package_identification:_identify(src/Processing) by extension 'colcon_meta'
[0.346s] Level 1:colcon.colcon_core.package_identification:_identify(src/Processing) by extensions ['ros']
[0.346s] Level 1:colcon.colcon_core.package_identification:_identify(src/Processing) by extension 'ros'
[0.346s] Level 1:colcon.colcon_core.package_identification:_identify(src/Processing) by extensions ['cmake', 'python']
[0.346s] Level 1:colcon.colcon_core.package_identification:_identify(src/Processing) by extension 'cmake'
[0.346s] Level 1:colcon.colcon_core.package_identification:_identify(src/Processing) by extension 'python'
[0.346s] Level 1:colcon.colcon_core.package_identification:_identify(src/Processing) by extensions ['python_setup_py']
[0.346s] Level 1:colcon.colcon_core.package_identification:_identify(src/Processing) by extension 'python_setup_py'
[0.346s] Level 1:colcon.colcon_core.package_identification:_identify(src/Processing/modes) by extensions ['ignore', 'ignore_ament_install']
[0.346s] Level 1:colcon.colcon_core.package_identification:_identify(src/Processing/modes) by extension 'ignore'
[0.346s] Level 1:colcon.colcon_core.package_identification:_identify(src/Processing/modes) by extension 'ignore_ament_install'
[0.346s] Level 1:colcon.colcon_core.package_identification:_identify(src/Processing/modes) by extensions ['colcon_pkg']
[0.347s] Level 1:colcon.colcon_core.package_identification:_identify(src/Processing/modes) by extension 'colcon_pkg'
[0.347s] Level 1:colcon.colcon_core.package_identification:_identify(src/Processing/modes) by extensions ['colcon_meta']
[0.347s] Level 1:colcon.colcon_core.package_identification:_identify(src/Processing/modes) by extension 'colcon_meta'
[0.347s] Level 1:colcon.colcon_core.package_identification:_identify(src/Processing/modes) by extensions ['ros']
[0.347s] Level 1:colcon.colcon_core.package_identification:_identify(src/Processing/modes) by extension 'ros'
[0.347s] Level 1:colcon.colcon_core.package_identification:_identify(src/Processing/modes) by extensions ['cmake', 'python']
[0.347s] Level 1:colcon.colcon_core.package_identification:_identify(src/Processing/modes) by extension 'cmake'
[0.347s] Level 1:colcon.colcon_core.package_identification:_identify(src/Processing/modes) by extension 'python'
[0.347s] Level 1:colcon.colcon_core.package_identification:_identify(src/Processing/modes) by extensions ['python_setup_py']
[0.347s] Level 1:colcon.colcon_core.package_identification:_identify(src/Processing/modes) by extension 'python_setup_py'
[0.347s] Level 1:colcon.colcon_core.package_identification:_identify(src/Processing/modes/PythonMode) by extensions ['ignore', 'ignore_ament_install']
[0.347s] Level 1:colcon.colcon_core.package_identification:_identify(src/Processing/modes/PythonMode) by extension 'ignore'
[0.347s] Level 1:colcon.colcon_core.package_identification:_identify(src/Processing/modes/PythonMode) by extension 'ignore_ament_install'
[0.347s] Level 1:colcon.colcon_core.package_identification:_identify(src/Processing/modes/PythonMode) by extensions ['colcon_pkg']
[0.347s] Level 1:colcon.colcon_core.package_identification:_identify(src/Processing/modes/PythonMode) by extension 'colcon_pkg'
[0.347s] Level 1:colcon.colcon_core.package_identification:_identify(src/Processing/modes/PythonMode) by extensions ['colcon_meta']
[0.347s] Level 1:colcon.colcon_core.package_identification:_identify(src/Processing/modes/PythonMode) by extension 'colcon_meta'
[0.347s] Level 1:colcon.colcon_core.package_identification:_identify(src/Processing/modes/PythonMode) by extensions ['ros']
[0.347s] Level 1:colcon.colcon_core.package_identification:_identify(src/Processing/modes/PythonMode) by extension 'ros'
[0.347s] Level 1:colcon.colcon_core.package_identification:_identify(src/Processing/modes/PythonMode) by extensions ['cmake', 'python']
[0.347s] Level 1:colcon.colcon_core.package_identification:_identify(src/Processing/modes/PythonMode) by extension 'cmake'
[0.348s] Level 1:colcon.colcon_core.package_identification:_identify(src/Processing/modes/PythonMode) by extension 'python'
[0.348s] Level 1:colcon.colcon_core.package_identification:_identify(src/Processing/modes/PythonMode) by extensions ['python_setup_py']
[0.348s] Level 1:colcon.colcon_core.package_identification:_identify(src/Processing/modes/PythonMode) by extension 'python_setup_py'
[0.348s] Level 1:colcon.colcon_core.package_identification:_identify(src/Processing/modes/PythonMode/mode) by extensions ['ignore', 'ignore_ament_install']
[0.348s] Level 1:colcon.colcon_core.package_identification:_identify(src/Processing/modes/PythonMode/mode) by extension 'ignore'
[0.348s] Level 1:colcon.colcon_core.package_identification:_identify(src/Processing/modes/PythonMode/mode) by extension 'ignore_ament_install'
[0.348s] Level 1:colcon.colcon_core.package_identification:_identify(src/Processing/modes/PythonMode/mode) by extensions ['colcon_pkg']
[0.348s] Level 1:colcon.colcon_core.package_identification:_identify(src/Processing/modes/PythonMode/mode) by extension 'colcon_pkg'
[0.348s] Level 1:colcon.colcon_core.package_identification:_identify(src/Processing/modes/PythonMode/mode) by extensions ['colcon_meta']
[0.348s] Level 1:colcon.colcon_core.package_identification:_identify(src/Processing/modes/PythonMode/mode) by extension 'colcon_meta'
[0.348s] Level 1:colcon.colcon_core.package_identification:_identify(src/Processing/modes/PythonMode/mode) by extensions ['ros']
[0.348s] Level 1:colcon.colcon_core.package_identification:_identify(src/Processing/modes/PythonMode/mode) by extension 'ros'
[0.348s] Level 1:colcon.colcon_core.package_identification:_identify(src/Processing/modes/PythonMode/mode) by extensions ['cmake', 'python']
[0.348s] Level 1:colcon.colcon_core.package_identification:_identify(src/Processing/modes/PythonMode/mode) by extension 'cmake'
[0.348s] Level 1:colcon.colcon_core.package_identification:_identify(src/Processing/modes/PythonMode/mode) by extension 'python'
[0.348s] Level 1:colcon.colcon_core.package_identification:_identify(src/Processing/modes/PythonMode/mode) by extensions ['python_setup_py']
[0.348s] Level 1:colcon.colcon_core.package_identification:_identify(src/Processing/modes/PythonMode/mode) by extension 'python_setup_py'
[0.348s] Level 1:colcon.colcon_core.package_identification:_identify(src/Processing/sketch_250705b) by extensions ['ignore', 'ignore_ament_install']
[0.349s] Level 1:colcon.colcon_core.package_identification:_identify(src/Processing/sketch_250705b) by extension 'ignore'
[0.349s] Level 1:colcon.colcon_core.package_identification:_identify(src/Processing/sketch_250705b) by extension 'ignore_ament_install'
[0.349s] Level 1:colcon.colcon_core.package_identification:_identify(src/Processing/sketch_250705b) by extensions ['colcon_pkg']
[0.349s] Level 1:colcon.colcon_core.package_identification:_identify(src/Processing/sketch_250705b) by extension 'colcon_pkg'
[0.349s] Level 1:colcon.colcon_core.package_identification:_identify(src/Processing/sketch_250705b) by extensions ['colcon_meta']
[0.349s] Level 1:colcon.colcon_core.package_identification:_identify(src/Processing/sketch_250705b) by extension 'colcon_meta'
[0.349s] Level 1:colcon.colcon_core.package_identification:_identify(src/Processing/sketch_250705b) by extensions ['ros']
[0.349s] Level 1:colcon.colcon_core.package_identification:_identify(src/Processing/sketch_250705b) by extension 'ros'
[0.349s] Level 1:colcon.colcon_core.package_identification:_identify(src/Processing/sketch_250705b) by extensions ['cmake', 'python']
[0.349s] Level 1:colcon.colcon_core.package_identification:_identify(src/Processing/sketch_250705b) by extension 'cmake'
[0.349s] Level 1:colcon.colcon_core.package_identification:_identify(src/Processing/sketch_250705b) by extension 'python'
[0.349s] Level 1:colcon.colcon_core.package_identification:_identify(src/Processing/sketch_250705b) by extensions ['python_setup_py']
[0.349s] Level 1:colcon.colcon_core.package_identification:_identify(src/Processing/sketch_250705b) by extension 'python_setup_py'
[0.349s] Level 1:colcon.colcon_core.package_identification:_identify(src/Processing/sketch_250709a) by extensions ['ignore', 'ignore_ament_install']
[0.349s] Level 1:colcon.colcon_core.package_identification:_identify(src/Processing/sketch_250709a) by extension 'ignore'
[0.349s] Level 1:colcon.colcon_core.package_identification:_identify(src/Processing/sketch_250709a) by extension 'ignore_ament_install'
[0.349s] Level 1:colcon.colcon_core.package_identification:_identify(src/Processing/sketch_250709a) by extensions ['colcon_pkg']
[0.349s] Level 1:colcon.colcon_core.package_identification:_identify(src/Processing/sketch_250709a) by extension 'colcon_pkg'
[0.349s] Level 1:colcon.colcon_core.package_identification:_identify(src/Processing/sketch_250709a) by extensions ['colcon_meta']
[0.349s] Level 1:colcon.colcon_core.package_identification:_identify(src/Processing/sketch_250709a) by extension 'colcon_meta'
[0.350s] Level 1:colcon.colcon_core.package_identification:_identify(src/Processing/sketch_250709a) by extensions ['ros']
[0.350s] Level 1:colcon.colcon_core.package_identification:_identify(src/Processing/sketch_250709a) by extension 'ros'
[0.350s] Level 1:colcon.colcon_core.package_identification:_identify(src/Processing/sketch_250709a) by extensions ['cmake', 'python']
[0.350s] Level 1:colcon.colcon_core.package_identification:_identify(src/Processing/sketch_250709a) by extension 'cmake'
[0.350s] Level 1:colcon.colcon_core.package_identification:_identify(src/Processing/sketch_250709a) by extension 'python'
[0.350s] Level 1:colcon.colcon_core.package_identification:_identify(src/Processing/sketch_250709a) by extensions ['python_setup_py']
[0.350s] Level 1:colcon.colcon_core.package_identification:_identify(src/Processing/sketch_250709a) by extension 'python_setup_py'
[0.350s] Level 1:colcon.colcon_core.package_identification:_identify(src/arduino-nano) by extensions ['ignore', 'ignore_ament_install']
[0.350s] Level 1:colcon.colcon_core.package_identification:_identify(src/arduino-nano) by extension 'ignore'
[0.350s] Level 1:colcon.colcon_core.package_identification:_identify(src/arduino-nano) by extension 'ignore_ament_install'
[0.350s] Level 1:colcon.colcon_core.package_identification:_identify(src/arduino-nano) by extensions ['colcon_pkg']
[0.350s] Level 1:colcon.colcon_core.package_identification:_identify(src/arduino-nano) by extension 'colcon_pkg'
[0.350s] Level 1:colcon.colcon_core.package_identification:_identify(src/arduino-nano) by extensions ['colcon_meta']
[0.350s] Level 1:colcon.colcon_core.package_identification:_identify(src/arduino-nano) by extension 'colcon_meta'
[0.350s] Level 1:colcon.colcon_core.package_identification:_identify(src/arduino-nano) by extensions ['ros']
[0.350s] Level 1:colcon.colcon_core.package_identification:_identify(src/arduino-nano) by extension 'ros'
[0.350s] Level 1:colcon.colcon_core.package_identification:_identify(src/arduino-nano) by extensions ['cmake', 'python']
[0.350s] Level 1:colcon.colcon_core.package_identification:_identify(src/arduino-nano) by extension 'cmake'
[0.350s] Level 1:colcon.colcon_core.package_identification:_identify(src/arduino-nano) by extension 'python'
[0.350s] Level 1:colcon.colcon_core.package_identification:_identify(src/arduino-nano) by extensions ['python_setup_py']
[0.350s] Level 1:colcon.colcon_core.package_identification:_identify(src/arduino-nano) by extension 'python_setup_py'
[0.351s] Level 1:colcon.colcon_core.package_identification:_identify(src/arduino-nano/ardnano-robot-slave) by extensions ['ignore', 'ignore_ament_install']
[0.351s] Level 1:colcon.colcon_core.package_identification:_identify(src/arduino-nano/ardnano-robot-slave) by extension 'ignore'
[0.351s] Level 1:colcon.colcon_core.package_identification:_identify(src/arduino-nano/ardnano-robot-slave) by extension 'ignore_ament_install'
[0.351s] Level 1:colcon.colcon_core.package_identification:_identify(src/arduino-nano/ardnano-robot-slave) by extensions ['colcon_pkg']
[0.351s] Level 1:colcon.colcon_core.package_identification:_identify(src/arduino-nano/ardnano-robot-slave) by extension 'colcon_pkg'
[0.351s] Level 1:colcon.colcon_core.package_identification:_identify(src/arduino-nano/ardnano-robot-slave) by extensions ['colcon_meta']
[0.351s] Level 1:colcon.colcon_core.package_identification:_identify(src/arduino-nano/ardnano-robot-slave) by extension 'colcon_meta'
[0.351s] Level 1:colcon.colcon_core.package_identification:_identify(src/arduino-nano/ardnano-robot-slave) by extensions ['ros']
[0.351s] Level 1:colcon.colcon_core.package_identification:_identify(src/arduino-nano/ardnano-robot-slave) by extension 'ros'
[0.351s] Level 1:colcon.colcon_core.package_identification:_identify(src/arduino-nano/ardnano-robot-slave) by extensions ['cmake', 'python']
[0.351s] Level 1:colcon.colcon_core.package_identification:_identify(src/arduino-nano/ardnano-robot-slave) by extension 'cmake'
[0.351s] Level 1:colcon.colcon_core.package_identification:_identify(src/arduino-nano/ardnano-robot-slave) by extension 'python'
[0.351s] Level 1:colcon.colcon_core.package_identification:_identify(src/arduino-nano/ardnano-robot-slave) by extensions ['python_setup_py']
[0.351s] Level 1:colcon.colcon_core.package_identification:_identify(src/arduino-nano/ardnano-robot-slave) by extension 'python_setup_py'
[0.351s] Level 1:colcon.colcon_core.package_identification:_identify(src/build) by extensions ['ignore', 'ignore_ament_install']
[0.351s] Level 1:colcon.colcon_core.package_identification:_identify(src/build) by extension 'ignore'
[0.351s] Level 1:colcon.colcon_core.package_identification:_identify(src/build) ignored
[0.351s] Level 1:colcon.colcon_core.package_identification:_identify(src/include-arduino) by extensions ['ignore', 'ignore_ament_install']
[0.352s] Level 1:colcon.colcon_core.package_identification:_identify(src/include-arduino) by extension 'ignore'
[0.352s] Level 1:colcon.colcon_core.package_identification:_identify(src/include-arduino) by extension 'ignore_ament_install'
[0.352s] Level 1:colcon.colcon_core.package_identification:_identify(src/include-arduino) by extensions ['colcon_pkg']
[0.352s] Level 1:colcon.colcon_core.package_identification:_identify(src/include-arduino) by extension 'colcon_pkg'
[0.352s] Level 1:colcon.colcon_core.package_identification:_identify(src/include-arduino) by extensions ['colcon_meta']
[0.352s] Level 1:colcon.colcon_core.package_identification:_identify(src/include-arduino) by extension 'colcon_meta'
[0.352s] Level 1:colcon.colcon_core.package_identification:_identify(src/include-arduino) by extensions ['ros']
[0.352s] Level 1:colcon.colcon_core.package_identification:_identify(src/include-arduino) by extension 'ros'
[0.352s] Level 1:colcon.colcon_core.package_identification:_identify(src/include-arduino) by extensions ['cmake', 'python']
[0.352s] Level 1:colcon.colcon_core.package_identification:_identify(src/include-arduino) by extension 'cmake'
[0.352s] Level 1:colcon.colcon_core.package_identification:_identify(src/include-arduino) by extension 'python'
[0.352s] Level 1:colcon.colcon_core.package_identification:_identify(src/include-arduino) by extensions ['python_setup_py']
[0.352s] Level 1:colcon.colcon_core.package_identification:_identify(src/include-arduino) by extension 'python_setup_py'
[0.352s] Level 1:colcon.colcon_core.package_identification:_identify(src/install) by extensions ['ignore', 'ignore_ament_install']
[0.352s] Level 1:colcon.colcon_core.package_identification:_identify(src/install) by extension 'ignore'
[0.352s] Level 1:colcon.colcon_core.package_identification:_identify(src/install) ignored
[0.352s] Level 1:colcon.colcon_core.package_identification:_identify(src/log) by extensions ['ignore', 'ignore_ament_install']
[0.352s] Level 1:colcon.colcon_core.package_identification:_identify(src/log) by extension 'ignore'
[0.353s] Level 1:colcon.colcon_core.package_identification:_identify(src/log) ignored
[0.353s] Level 1:colcon.colcon_core.package_identification:_identify(src/pi5_pkg) by extensions ['ignore', 'ignore_ament_install']
[0.353s] Level 1:colcon.colcon_core.package_identification:_identify(src/pi5_pkg) by extension 'ignore'
[0.353s] Level 1:colcon.colcon_core.package_identification:_identify(src/pi5_pkg) by extension 'ignore_ament_install'
[0.353s] Level 1:colcon.colcon_core.package_identification:_identify(src/pi5_pkg) by extensions ['colcon_pkg']
[0.353s] Level 1:colcon.colcon_core.package_identification:_identify(src/pi5_pkg) by extension 'colcon_pkg'
[0.353s] Level 1:colcon.colcon_core.package_identification:_identify(src/pi5_pkg) by extensions ['colcon_meta']
[0.353s] Level 1:colcon.colcon_core.package_identification:_identify(src/pi5_pkg) by extension 'colcon_meta'
[0.353s] Level 1:colcon.colcon_core.package_identification:_identify(src/pi5_pkg) by extensions ['ros']
[0.353s] Level 1:colcon.colcon_core.package_identification:_identify(src/pi5_pkg) by extension 'ros'
[0.354s] DEBUG:colcon.colcon_core.package_identification:Package 'src/pi5_pkg' with type 'ros.ament_python' and name 'pi5_pkg'
[0.354s] Level 1:colcon.colcon_core.package_identification:_identify(src/picoW) by extensions ['ignore', 'ignore_ament_install']
[0.354s] Level 1:colcon.colcon_core.package_identification:_identify(src/picoW) by extension 'ignore'
[0.354s] Level 1:colcon.colcon_core.package_identification:_identify(src/picoW) by extension 'ignore_ament_install'
[0.354s] Level 1:colcon.colcon_core.package_identification:_identify(src/picoW) by extensions ['colcon_pkg']
[0.354s] Level 1:colcon.colcon_core.package_identification:_identify(src/picoW) by extension 'colcon_pkg'
[0.354s] Level 1:colcon.colcon_core.package_identification:_identify(src/picoW) by extensions ['colcon_meta']
[0.354s] Level 1:colcon.colcon_core.package_identification:_identify(src/picoW) by extension 'colcon_meta'
[0.354s] Level 1:colcon.colcon_core.package_identification:_identify(src/picoW) by extensions ['ros']
[0.354s] Level 1:colcon.colcon_core.package_identification:_identify(src/picoW) by extension 'ros'
[0.354s] Level 1:colcon.colcon_core.package_identification:_identify(src/picoW) by extensions ['cmake', 'python']
[0.354s] Level 1:colcon.colcon_core.package_identification:_identify(src/picoW) by extension 'cmake'
[0.354s] Level 1:colcon.colcon_core.package_identification:_identify(src/picoW) by extension 'python'
[0.354s] Level 1:colcon.colcon_core.package_identification:_identify(src/picoW) by extensions ['python_setup_py']
[0.354s] Level 1:colcon.colcon_core.package_identification:_identify(src/picoW) by extension 'python_setup_py'
[0.355s] Level 1:colcon.colcon_core.package_identification:_identify(src/picoW/pico-PlatformIO) by extensions ['ignore', 'ignore_ament_install']
[0.355s] Level 1:colcon.colcon_core.package_identification:_identify(src/picoW/pico-PlatformIO) by extension 'ignore'
[0.355s] Level 1:colcon.colcon_core.package_identification:_identify(src/picoW/pico-PlatformIO) by extension 'ignore_ament_install'
[0.355s] Level 1:colcon.colcon_core.package_identification:_identify(src/picoW/pico-PlatformIO) by extensions ['colcon_pkg']
[0.355s] Level 1:colcon.colcon_core.package_identification:_identify(src/picoW/pico-PlatformIO) by extension 'colcon_pkg'
[0.355s] Level 1:colcon.colcon_core.package_identification:_identify(src/picoW/pico-PlatformIO) by extensions ['colcon_meta']
[0.355s] Level 1:colcon.colcon_core.package_identification:_identify(src/picoW/pico-PlatformIO) by extension 'colcon_meta'
[0.355s] Level 1:colcon.colcon_core.package_identification:_identify(src/picoW/pico-PlatformIO) by extensions ['ros']
[0.355s] Level 1:colcon.colcon_core.package_identification:_identify(src/picoW/pico-PlatformIO) by extension 'ros'
[0.355s] Level 1:colcon.colcon_core.package_identification:_identify(src/picoW/pico-PlatformIO) by extensions ['cmake', 'python']
[0.355s] Level 1:colcon.colcon_core.package_identification:_identify(src/picoW/pico-PlatformIO) by extension 'cmake'
[0.355s] Level 1:colcon.colcon_core.package_identification:_identify(src/picoW/pico-PlatformIO) by extension 'python'
[0.355s] Level 1:colcon.colcon_core.package_identification:_identify(src/picoW/pico-PlatformIO) by extensions ['python_setup_py']
[0.355s] Level 1:colcon.colcon_core.package_identification:_identify(src/picoW/pico-PlatformIO) by extension 'python_setup_py'
[0.355s] Level 1:colcon.colcon_core.package_identification:_identify(src/picoW/pico-PlatformIO/include) by extensions ['ignore', 'ignore_ament_install']
[0.355s] Level 1:colcon.colcon_core.package_identification:_identify(src/picoW/pico-PlatformIO/include) by extension 'ignore'
[0.355s] Level 1:colcon.colcon_core.package_identification:_identify(src/picoW/pico-PlatformIO/include) by extension 'ignore_ament_install'
[0.356s] Level 1:colcon.colcon_core.package_identification:_identify(src/picoW/pico-PlatformIO/include) by extensions ['colcon_pkg']
[0.356s] Level 1:colcon.colcon_core.package_identification:_identify(src/picoW/pico-PlatformIO/include) by extension 'colcon_pkg'
[0.356s] Level 1:colcon.colcon_core.package_identification:_identify(src/picoW/pico-PlatformIO/include) by extensions ['colcon_meta']
[0.356s] Level 1:colcon.colcon_core.package_identification:_identify(src/picoW/pico-PlatformIO/include) by extension 'colcon_meta'
[0.356s] Level 1:colcon.colcon_core.package_identification:_identify(src/picoW/pico-PlatformIO/include) by extensions ['ros']
[0.356s] Level 1:colcon.colcon_core.package_identification:_identify(src/picoW/pico-PlatformIO/include) by extension 'ros'
[0.356s] Level 1:colcon.colcon_core.package_identification:_identify(src/picoW/pico-PlatformIO/include) by extensions ['cmake', 'python']
[0.356s] Level 1:colcon.colcon_core.package_identification:_identify(src/picoW/pico-PlatformIO/include) by extension 'cmake'
[0.356s] Level 1:colcon.colcon_core.package_identification:_identify(src/picoW/pico-PlatformIO/include) by extension 'python'
[0.356s] Level 1:colcon.colcon_core.package_identification:_identify(src/picoW/pico-PlatformIO/include) by extensions ['python_setup_py']
[0.356s] Level 1:colcon.colcon_core.package_identification:_identify(src/picoW/pico-PlatformIO/include) by extension 'python_setup_py'
[0.356s] Level 1:colcon.colcon_core.package_identification:_identify(src/picoW/pico-PlatformIO/lib) by extensions ['ignore', 'ignore_ament_install']
[0.356s] Level 1:colcon.colcon_core.package_identification:_identify(src/picoW/pico-PlatformIO/lib) by extension 'ignore'
[0.356s] Level 1:colcon.colcon_core.package_identification:_identify(src/picoW/pico-PlatformIO/lib) by extension 'ignore_ament_install'
[0.356s] Level 1:colcon.colcon_core.package_identification:_identify(src/picoW/pico-PlatformIO/lib) by extensions ['colcon_pkg']
[0.356s] Level 1:colcon.colcon_core.package_identification:_identify(src/picoW/pico-PlatformIO/lib) by extension 'colcon_pkg'
[0.356s] Level 1:colcon.colcon_core.package_identification:_identify(src/picoW/pico-PlatformIO/lib) by extensions ['colcon_meta']
[0.356s] Level 1:colcon.colcon_core.package_identification:_identify(src/picoW/pico-PlatformIO/lib) by extension 'colcon_meta'
[0.356s] Level 1:colcon.colcon_core.package_identification:_identify(src/picoW/pico-PlatformIO/lib) by extensions ['ros']
[0.356s] Level 1:colcon.colcon_core.package_identification:_identify(src/picoW/pico-PlatformIO/lib) by extension 'ros'
[0.357s] Level 1:colcon.colcon_core.package_identification:_identify(src/picoW/pico-PlatformIO/lib) by extensions ['cmake', 'python']
[0.357s] Level 1:colcon.colcon_core.package_identification:_identify(src/picoW/pico-PlatformIO/lib) by extension 'cmake'
[0.357s] Level 1:colcon.colcon_core.package_identification:_identify(src/picoW/pico-PlatformIO/lib) by extension 'python'
[0.357s] Level 1:colcon.colcon_core.package_identification:_identify(src/picoW/pico-PlatformIO/lib) by extensions ['python_setup_py']
[0.357s] Level 1:colcon.colcon_core.package_identification:_identify(src/picoW/pico-PlatformIO/lib) by extension 'python_setup_py'
[0.357s] Level 1:colcon.colcon_core.package_identification:_identify(src/picoW/pico-PlatformIO/src) by extensions ['ignore', 'ignore_ament_install']
[0.357s] Level 1:colcon.colcon_core.package_identification:_identify(src/picoW/pico-PlatformIO/src) by extension 'ignore'
[0.357s] Level 1:colcon.colcon_core.package_identification:_identify(src/picoW/pico-PlatformIO/src) by extension 'ignore_ament_install'
[0.357s] Level 1:colcon.colcon_core.package_identification:_identify(src/picoW/pico-PlatformIO/src) by extensions ['colcon_pkg']
[0.357s] Level 1:colcon.colcon_core.package_identification:_identify(src/picoW/pico-PlatformIO/src) by extension 'colcon_pkg'
[0.357s] Level 1:colcon.colcon_core.package_identification:_identify(src/picoW/pico-PlatformIO/src) by extensions ['colcon_meta']
[0.357s] Level 1:colcon.colcon_core.package_identification:_identify(src/picoW/pico-PlatformIO/src) by extension 'colcon_meta'
[0.357s] Level 1:colcon.colcon_core.package_identification:_identify(src/picoW/pico-PlatformIO/src) by extensions ['ros']
[0.357s] Level 1:colcon.colcon_core.package_identification:_identify(src/picoW/pico-PlatformIO/src) by extension 'ros'
[0.357s] Level 1:colcon.colcon_core.package_identification:_identify(src/picoW/pico-PlatformIO/src) by extensions ['cmake', 'python']
[0.357s] Level 1:colcon.colcon_core.package_identification:_identify(src/picoW/pico-PlatformIO/src) by extension 'cmake'
[0.357s] Level 1:colcon.colcon_core.package_identification:_identify(src/picoW/pico-PlatformIO/src) by extension 'python'
[0.357s] Level 1:colcon.colcon_core.package_identification:_identify(src/picoW/pico-PlatformIO/src) by extensions ['python_setup_py']
[0.357s] Level 1:colcon.colcon_core.package_identification:_identify(src/picoW/pico-PlatformIO/src) by extension 'python_setup_py'
[0.358s] Level 1:colcon.colcon_core.package_identification:_identify(src/picoW/pico-PlatformIO/test) by extensions ['ignore', 'ignore_ament_install']
[0.358s] Level 1:colcon.colcon_core.package_identification:_identify(src/picoW/pico-PlatformIO/test) by extension 'ignore'
[0.358s] Level 1:colcon.colcon_core.package_identification:_identify(src/picoW/pico-PlatformIO/test) by extension 'ignore_ament_install'
[0.358s] Level 1:colcon.colcon_core.package_identification:_identify(src/picoW/pico-PlatformIO/test) by extensions ['colcon_pkg']
[0.358s] Level 1:colcon.colcon_core.package_identification:_identify(src/picoW/pico-PlatformIO/test) by extension 'colcon_pkg'
[0.358s] Level 1:colcon.colcon_core.package_identification:_identify(src/picoW/pico-PlatformIO/test) by extensions ['colcon_meta']
[0.358s] Level 1:colcon.colcon_core.package_identification:_identify(src/picoW/pico-PlatformIO/test) by extension 'colcon_meta'
[0.358s] Level 1:colcon.colcon_core.package_identification:_identify(src/picoW/pico-PlatformIO/test) by extensions ['ros']
[0.358s] Level 1:colcon.colcon_core.package_identification:_identify(src/picoW/pico-PlatformIO/test) by extension 'ros'
[0.358s] Level 1:colcon.colcon_core.package_identification:_identify(src/picoW/pico-PlatformIO/test) by extensions ['cmake', 'python']
[0.358s] Level 1:colcon.colcon_core.package_identification:_identify(src/picoW/pico-PlatformIO/test) by extension 'cmake'
[0.358s] Level 1:colcon.colcon_core.package_identification:_identify(src/picoW/pico-PlatformIO/test) by extension 'python'
[0.358s] Level 1:colcon.colcon_core.package_identification:_identify(src/picoW/pico-PlatformIO/test) by extensions ['python_setup_py']
[0.358s] Level 1:colcon.colcon_core.package_identification:_identify(src/picoW/pico-PlatformIO/test) by extension 'python_setup_py'
[0.358s] Level 1:colcon.colcon_core.package_identification:_identify(src/picoW/pico-arduinoIDE) by extensions ['ignore', 'ignore_ament_install']
[0.358s] Level 1:colcon.colcon_core.package_identification:_identify(src/picoW/pico-arduinoIDE) by extension 'ignore'
[0.358s] Level 1:colcon.colcon_core.package_identification:_identify(src/picoW/pico-arduinoIDE) by extension 'ignore_ament_install'
[0.358s] Level 1:colcon.colcon_core.package_identification:_identify(src/picoW/pico-arduinoIDE) by extensions ['colcon_pkg']
[0.358s] Level 1:colcon.colcon_core.package_identification:_identify(src/picoW/pico-arduinoIDE) by extension 'colcon_pkg'
[0.359s] Level 1:colcon.colcon_core.package_identification:_identify(src/picoW/pico-arduinoIDE) by extensions ['colcon_meta']
[0.359s] Level 1:colcon.colcon_core.package_identification:_identify(src/picoW/pico-arduinoIDE) by extension 'colcon_meta'
[0.359s] Level 1:colcon.colcon_core.package_identification:_identify(src/picoW/pico-arduinoIDE) by extensions ['ros']
[0.359s] Level 1:colcon.colcon_core.package_identification:_identify(src/picoW/pico-arduinoIDE) by extension 'ros'
[0.359s] Level 1:colcon.colcon_core.package_identification:_identify(src/picoW/pico-arduinoIDE) by extensions ['cmake', 'python']
[0.359s] Level 1:colcon.colcon_core.package_identification:_identify(src/picoW/pico-arduinoIDE) by extension 'cmake'
[0.359s] Level 1:colcon.colcon_core.package_identification:_identify(src/picoW/pico-arduinoIDE) by extension 'python'
[0.359s] Level 1:colcon.colcon_core.package_identification:_identify(src/picoW/pico-arduinoIDE) by extensions ['python_setup_py']
[0.359s] Level 1:colcon.colcon_core.package_identification:_identify(src/picoW/pico-arduinoIDE) by extension 'python_setup_py'
[0.359s] Level 1:colcon.colcon_core.package_identification:_identify(src/picoW/pico-arduinoIDE/picoW-robot-master) by extensions ['ignore', 'ignore_ament_install']
[0.359s] Level 1:colcon.colcon_core.package_identification:_identify(src/picoW/pico-arduinoIDE/picoW-robot-master) by extension 'ignore'
[0.359s] Level 1:colcon.colcon_core.package_identification:_identify(src/picoW/pico-arduinoIDE/picoW-robot-master) by extension 'ignore_ament_install'
[0.359s] Level 1:colcon.colcon_core.package_identification:_identify(src/picoW/pico-arduinoIDE/picoW-robot-master) by extensions ['colcon_pkg']
[0.359s] Level 1:colcon.colcon_core.package_identification:_identify(src/picoW/pico-arduinoIDE/picoW-robot-master) by extension 'colcon_pkg'
[0.359s] Level 1:colcon.colcon_core.package_identification:_identify(src/picoW/pico-arduinoIDE/picoW-robot-master) by extensions ['colcon_meta']
[0.359s] Level 1:colcon.colcon_core.package_identification:_identify(src/picoW/pico-arduinoIDE/picoW-robot-master) by extension 'colcon_meta'
[0.359s] Level 1:colcon.colcon_core.package_identification:_identify(src/picoW/pico-arduinoIDE/picoW-robot-master) by extensions ['ros']
[0.359s] Level 1:colcon.colcon_core.package_identification:_identify(src/picoW/pico-arduinoIDE/picoW-robot-master) by extension 'ros'
[0.359s] Level 1:colcon.colcon_core.package_identification:_identify(src/picoW/pico-arduinoIDE/picoW-robot-master) by extensions ['cmake', 'python']
[0.359s] Level 1:colcon.colcon_core.package_identification:_identify(src/picoW/pico-arduinoIDE/picoW-robot-master) by extension 'cmake'
[0.360s] Level 1:colcon.colcon_core.package_identification:_identify(src/picoW/pico-arduinoIDE/picoW-robot-master) by extension 'python'
[0.360s] Level 1:colcon.colcon_core.package_identification:_identify(src/picoW/pico-arduinoIDE/picoW-robot-master) by extensions ['python_setup_py']
[0.360s] Level 1:colcon.colcon_core.package_identification:_identify(src/picoW/pico-arduinoIDE/picoW-robot-master) by extension 'python_setup_py'
[0.360s] Level 1:colcon.colcon_core.package_identification:_identify(src/picoW/pico-mupython) by extensions ['ignore', 'ignore_ament_install']
[0.360s] Level 1:colcon.colcon_core.package_identification:_identify(src/picoW/pico-mupython) by extension 'ignore'
[0.360s] Level 1:colcon.colcon_core.package_identification:_identify(src/picoW/pico-mupython) by extension 'ignore_ament_install'
[0.360s] Level 1:colcon.colcon_core.package_identification:_identify(src/picoW/pico-mupython) by extensions ['colcon_pkg']
[0.360s] Level 1:colcon.colcon_core.package_identification:_identify(src/picoW/pico-mupython) by extension 'colcon_pkg'
[0.360s] Level 1:colcon.colcon_core.package_identification:_identify(src/picoW/pico-mupython) by extensions ['colcon_meta']
[0.360s] Level 1:colcon.colcon_core.package_identification:_identify(src/picoW/pico-mupython) by extension 'colcon_meta'
[0.360s] Level 1:colcon.colcon_core.package_identification:_identify(src/picoW/pico-mupython) by extensions ['ros']
[0.360s] Level 1:colcon.colcon_core.package_identification:_identify(src/picoW/pico-mupython) by extension 'ros'
[0.360s] Level 1:colcon.colcon_core.package_identification:_identify(src/picoW/pico-mupython) by extensions ['cmake', 'python']
[0.360s] Level 1:colcon.colcon_core.package_identification:_identify(src/picoW/pico-mupython) by extension 'cmake'
[0.360s] Level 1:colcon.colcon_core.package_identification:_identify(src/picoW/pico-mupython) by extension 'python'
[0.360s] Level 1:colcon.colcon_core.package_identification:_identify(src/picoW/pico-mupython) by extensions ['python_setup_py']
[0.360s] Level 1:colcon.colcon_core.package_identification:_identify(src/picoW/pico-mupython) by extension 'python_setup_py'
[0.360s] Level 1:colcon.colcon_core.package_identification:_identify(src/robot_msgs) by extensions ['ignore', 'ignore_ament_install']
[0.360s] Level 1:colcon.colcon_core.package_identification:_identify(src/robot_msgs) by extension 'ignore'
[0.361s] Level 1:colcon.colcon_core.package_identification:_identify(src/robot_msgs) by extension 'ignore_ament_install'
[0.361s] Level 1:colcon.colcon_core.package_identification:_identify(src/robot_msgs) by extensions ['colcon_pkg']
[0.361s] Level 1:colcon.colcon_core.package_identification:_identify(src/robot_msgs) by extension 'colcon_pkg'
[0.361s] Level 1:colcon.colcon_core.package_identification:_identify(src/robot_msgs) by extensions ['colcon_meta']
[0.361s] Level 1:colcon.colcon_core.package_identification:_identify(src/robot_msgs) by extension 'colcon_meta'
[0.361s] Level 1:colcon.colcon_core.package_identification:_identify(src/robot_msgs) by extensions ['ros']
[0.361s] Level 1:colcon.colcon_core.package_identification:_identify(src/robot_msgs) by extension 'ros'
[0.361s] Level 1:colcon.colcon_core.package_identification:_identify(src/robot_msgs) by extensions ['cmake', 'python']
[0.361s] Level 1:colcon.colcon_core.package_identification:_identify(src/robot_msgs) by extension 'cmake'
[0.361s] Level 1:colcon.colcon_core.package_identification:_identify(src/robot_msgs) by extension 'python'
[0.361s] Level 1:colcon.colcon_core.package_identification:_identify(src/robot_msgs) by extensions ['python_setup_py']
[0.361s] Level 1:colcon.colcon_core.package_identification:_identify(src/robot_msgs) by extension 'python_setup_py'
[0.361s] Level 1:colcon.colcon_core.package_identification:_identify(src/robot_msgs/msg) by extensions ['ignore', 'ignore_ament_install']
[0.361s] Level 1:colcon.colcon_core.package_identification:_identify(src/robot_msgs/msg) by extension 'ignore'
[0.361s] Level 1:colcon.colcon_core.package_identification:_identify(src/robot_msgs/msg) by extension 'ignore_ament_install'
[0.361s] Level 1:colcon.colcon_core.package_identification:_identify(src/robot_msgs/msg) by extensions ['colcon_pkg']
[0.361s] Level 1:colcon.colcon_core.package_identification:_identify(src/robot_msgs/msg) by extension 'colcon_pkg'
[0.361s] Level 1:colcon.colcon_core.package_identification:_identify(src/robot_msgs/msg) by extensions ['colcon_meta']
[0.361s] Level 1:colcon.colcon_core.package_identification:_identify(src/robot_msgs/msg) by extension 'colcon_meta'
[0.361s] Level 1:colcon.colcon_core.package_identification:_identify(src/robot_msgs/msg) by extensions ['ros']
[0.361s] Level 1:colcon.colcon_core.package_identification:_identify(src/robot_msgs/msg) by extension 'ros'
[0.362s] Level 1:colcon.colcon_core.package_identification:_identify(src/robot_msgs/msg) by extensions ['cmake', 'python']
[0.362s] Level 1:colcon.colcon_core.package_identification:_identify(src/robot_msgs/msg) by extension 'cmake'
[0.362s] Level 1:colcon.colcon_core.package_identification:_identify(src/robot_msgs/msg) by extension 'python'
[0.362s] Level 1:colcon.colcon_core.package_identification:_identify(src/robot_msgs/msg) by extensions ['python_setup_py']
[0.362s] Level 1:colcon.colcon_core.package_identification:_identify(src/robot_msgs/msg) by extension 'python_setup_py'
[0.362s] Level 1:colcon.colcon_core.package_discovery:discover_packages(recursive) using defaults
[0.362s] Level 1:colcon.colcon_core.package_discovery:discover_packages(ignore) discover
[0.362s] Level 1:colcon.colcon_core.package_discovery:discover_packages(ignore) using defaults
[0.362s] Level 1:colcon.colcon_core.package_discovery:discover_packages(path) discover
[0.362s] Level 1:colcon.colcon_core.package_discovery:discover_packages(path) using defaults
[0.386s] Level 1:colcon.colcon_core.package_discovery:discover_packages(prefix_path) check parameters
[0.386s] Level 1:colcon.colcon_core.package_discovery:discover_packages(prefix_path) discover
[0.389s] DEBUG:colcon.colcon_installed_package_information.package_discovery:Found 6 installed packages in /home/jaygee/PicoWCar/src/install
[0.391s] DEBUG:colcon.colcon_installed_package_information.package_discovery:Found 289 installed packages in /opt/ros/kilted
[0.393s] Level 1:colcon.colcon_core.package_discovery:discover_packages(prefix_path) using defaults
[0.451s] Level 5:colcon.colcon_core.verb:set package 'pi5_pkg' build argument 'cmake_args' from command line to 'None'
[0.452s] Level 5:colcon.colcon_core.verb:set package 'pi5_pkg' build argument 'cmake_target' from command line to 'None'
[0.452s] Level 5:colcon.colcon_core.verb:set package 'pi5_pkg' build argument 'cmake_target_skip_unavailable' from command line to 'False'
[0.452s] Level 5:colcon.colcon_core.verb:set package 'pi5_pkg' build argument 'cmake_clean_cache' from command line to 'False'
[0.452s] Level 5:colcon.colcon_core.verb:set package 'pi5_pkg' build argument 'cmake_clean_first' from command line to 'False'
[0.452s] Level 5:colcon.colcon_core.verb:set package 'pi5_pkg' build argument 'cmake_force_configure' from command line to 'False'
[0.452s] Level 5:colcon.colcon_core.verb:set package 'pi5_pkg' build argument 'ament_cmake_args' from command line to 'None'
[0.452s] Level 5:colcon.colcon_core.verb:set package 'pi5_pkg' build argument 'catkin_cmake_args' from command line to 'None'
[0.452s] Level 5:colcon.colcon_core.verb:set package 'pi5_pkg' build argument 'catkin_skip_building_tests' from command line to 'False'
[0.452s] DEBUG:colcon.colcon_core.verb:Building package 'pi5_pkg' with the following arguments: {'ament_cmake_args': None, 'build_base': '/home/jaygee/PicoWCar/build/pi5_pkg', 'catkin_cmake_args': None, 'catkin_skip_building_tests': False, 'cmake_args': None, 'cmake_clean_cache': False, 'cmake_clean_first': False, 'cmake_force_configure': False, 'cmake_target': None, 'cmake_target_skip_unavailable': False, 'install_base': '/home/jaygee/PicoWCar/install/pi5_pkg', 'merge_install': False, 'path': '/home/jaygee/PicoWCar/src/pi5_pkg', 'symlink_install': False, 'test_result_base': None}
[0.452s] Level 5:colcon.colcon_core.verb:set package 'pi_camera_node' build argument 'cmake_args' from command line to 'None'
[0.452s] Level 5:colcon.colcon_core.verb:set package 'pi_camera_node' build argument 'cmake_target' from command line to 'None'
[0.452s] Level 5:colcon.colcon_core.verb:set package 'pi_camera_node' build argument 'cmake_target_skip_unavailable' from command line to 'False'
[0.452s] Level 5:colcon.colcon_core.verb:set package 'pi_camera_node' build argument 'cmake_clean_cache' from command line to 'False'
[0.452s] Level 5:colcon.colcon_core.verb:set package 'pi_camera_node' build argument 'cmake_clean_first' from command line to 'False'
[0.452s] Level 5:colcon.colcon_core.verb:set package 'pi_camera_node' build argument 'cmake_force_configure' from command line to 'False'
[0.452s] Level 5:colcon.colcon_core.verb:set package 'pi_camera_node' build argument 'ament_cmake_args' from command line to 'None'
[0.452s] Level 5:colcon.colcon_core.verb:set package 'pi_camera_node' build argument 'catkin_cmake_args' from command line to 'None'
[0.452s] Level 5:colcon.colcon_core.verb:set package 'pi_camera_node' build argument 'catkin_skip_building_tests' from command line to 'False'
[0.452s] DEBUG:colcon.colcon_core.verb:Building package 'pi_camera_node' with the following arguments: {'ament_cmake_args': None, 'build_base': '/home/jaygee/PicoWCar/build/pi_camera_node', 'catkin_cmake_args': None, 'catkin_skip_building_tests': False, 'cmake_args': None, 'cmake_clean_cache': False, 'cmake_clean_first': False, 'cmake_force_configure': False, 'cmake_target': None, 'cmake_target_skip_unavailable': False, 'install_base': '/home/jaygee/PicoWCar/install/pi_camera_node', 'merge_install': False, 'path': '/home/jaygee/PicoWCar/docs/pi5_nodes/pi_camera_node', 'symlink_install': False, 'test_result_base': None}
[0.453s] Level 5:colcon.colcon_core.verb:set package 'pico_control_node' build argument 'cmake_args' from command line to 'None'
[0.453s] Level 5:colcon.colcon_core.verb:set package 'pico_control_node' build argument 'cmake_target' from command line to 'None'
[0.453s] Level 5:colcon.colcon_core.verb:set package 'pico_control_node' build argument 'cmake_target_skip_unavailable' from command line to 'False'
[0.453s] Level 5:colcon.colcon_core.verb:set package 'pico_control_node' build argument 'cmake_clean_cache' from command line to 'False'
[0.453s] Level 5:colcon.colcon_core.verb:set package 'pico_control_node' build argument 'cmake_clean_first' from command line to 'False'
[0.453s] Level 5:colcon.colcon_core.verb:set package 'pico_control_node' build argument 'cmake_force_configure' from command line to 'False'
[0.453s] Level 5:colcon.colcon_core.verb:set package 'pico_control_node' build argument 'ament_cmake_args' from command line to 'None'
[0.453s] Level 5:colcon.colcon_core.verb:set package 'pico_control_node' build argument 'catkin_cmake_args' from command line to 'None'
[0.453s] Level 5:colcon.colcon_core.verb:set package 'pico_control_node' build argument 'catkin_skip_building_tests' from command line to 'False'
[0.453s] DEBUG:colcon.colcon_core.verb:Building package 'pico_control_node' with the following arguments: {'ament_cmake_args': None, 'build_base': '/home/jaygee/PicoWCar/build/pico_control_node', 'catkin_cmake_args': None, 'catkin_skip_building_tests': False, 'cmake_args': None, 'cmake_clean_cache': False, 'cmake_clean_first': False, 'cmake_force_configure': False, 'cmake_target': None, 'cmake_target_skip_unavailable': False, 'install_base': '/home/jaygee/PicoWCar/install/pico_control_node', 'merge_install': False, 'path': '/home/jaygee/PicoWCar/docs/pi5_nodes/pico_control_node', 'symlink_install': False, 'test_result_base': None}
[0.453s] Level 5:colcon.colcon_core.verb:set package 'pico_sensors_node' build argument 'cmake_args' from command line to 'None'
[0.453s] Level 5:colcon.colcon_core.verb:set package 'pico_sensors_node' build argument 'cmake_target' from command line to 'None'
[0.453s] Level 5:colcon.colcon_core.verb:set package 'pico_sensors_node' build argument 'cmake_target_skip_unavailable' from command line to 'False'
[0.453s] Level 5:colcon.colcon_core.verb:set package 'pico_sensors_node' build argument 'cmake_clean_cache' from command line to 'False'
[0.453s] Level 5:colcon.colcon_core.verb:set package 'pico_sensors_node' build argument 'cmake_clean_first' from command line to 'False'
[0.453s] Level 5:colcon.colcon_core.verb:set package 'pico_sensors_node' build argument 'cmake_force_configure' from command line to 'False'
[0.453s] Level 5:colcon.colcon_core.verb:set package 'pico_sensors_node' build argument 'ament_cmake_args' from command line to 'None'
[0.454s] Level 5:colcon.colcon_core.verb:set package 'pico_sensors_node' build argument 'catkin_cmake_args' from command line to 'None'
[0.454s] Level 5:colcon.colcon_core.verb:set package 'pico_sensors_node' build argument 'catkin_skip_building_tests' from command line to 'False'
[0.454s] DEBUG:colcon.colcon_core.verb:Building package 'pico_sensors_node' with the following arguments: {'ament_cmake_args': None, 'build_base': '/home/jaygee/PicoWCar/build/pico_sensors_node', 'catkin_cmake_args': None, 'catkin_skip_building_tests': False, 'cmake_args': None, 'cmake_clean_cache': False, 'cmake_clean_first': False, 'cmake_force_configure': False, 'cmake_target': None, 'cmake_target_skip_unavailable': False, 'install_base': '/home/jaygee/PicoWCar/install/pico_sensors_node', 'merge_install': False, 'path': '/home/jaygee/PicoWCar/docs/pi5_nodes/pico_sensors_node', 'symlink_install': False, 'test_result_base': None}
[0.454s] Level 5:colcon.colcon_core.verb:set package 'smolvla_node' build argument 'cmake_args' from command line to 'None'
[0.454s] Level 5:colcon.colcon_core.verb:set package 'smolvla_node' build argument 'cmake_target' from command line to 'None'
[0.454s] Level 5:colcon.colcon_core.verb:set package 'smolvla_node' build argument 'cmake_target_skip_unavailable' from command line to 'False'
[0.454s] Level 5:colcon.colcon_core.verb:set package 'smolvla_node' build argument 'cmake_clean_cache' from command line to 'False'
[0.454s] Level 5:colcon.colcon_core.verb:set package 'smolvla_node' build argument 'cmake_clean_first' from command line to 'False'
[0.454s] Level 5:colcon.colcon_core.verb:set package 'smolvla_node' build argument 'cmake_force_configure' from command line to 'False'
[0.454s] Level 5:colcon.colcon_core.verb:set package 'smolvla_node' build argument 'ament_cmake_args' from command line to 'None'
[0.454s] Level 5:colcon.colcon_core.verb:set package 'smolvla_node' build argument 'catkin_cmake_args' from command line to 'None'
[0.454s] Level 5:colcon.colcon_core.verb:set package 'smolvla_node' build argument 'catkin_skip_building_tests' from command line to 'False'
[0.454s] DEBUG:colcon.colcon_core.verb:Building package 'smolvla_node' with the following arguments: {'ament_cmake_args': None, 'build_base': '/home/jaygee/PicoWCar/build/smolvla_node', 'catkin_cmake_args': None, 'catkin_skip_building_tests': False, 'cmake_args': None, 'cmake_clean_cache': False, 'cmake_clean_first': False, 'cmake_force_configure': False, 'cmake_target': None, 'cmake_target_skip_unavailable': False, 'install_base': '/home/jaygee/PicoWCar/install/smolvla_node', 'merge_install': False, 'path': '/home/jaygee/PicoWCar/docs/pi5_nodes/smolvla_node', 'symlink_install': False, 'test_result_base': None}
[0.454s] Level 5:colcon.colcon_core.verb:set package 'webserver_node' build argument 'cmake_args' from command line to 'None'
[0.454s] Level 5:colcon.colcon_core.verb:set package 'webserver_node' build argument 'cmake_target' from command line to 'None'
[0.454s] Level 5:colcon.colcon_core.verb:set package 'webserver_node' build argument 'cmake_target_skip_unavailable' from command line to 'False'
[0.454s] Level 5:colcon.colcon_core.verb:set package 'webserver_node' build argument 'cmake_clean_cache' from command line to 'False'
[0.455s] Level 5:colcon.colcon_core.verb:set package 'webserver_node' build argument 'cmake_clean_first' from command line to 'False'
[0.455s] Level 5:colcon.colcon_core.verb:set package 'webserver_node' build argument 'cmake_force_configure' from command line to 'False'
[0.455s] Level 5:colcon.colcon_core.verb:set package 'webserver_node' build argument 'ament_cmake_args' from command line to 'None'
[0.455s] Level 5:colcon.colcon_core.verb:set package 'webserver_node' build argument 'catkin_cmake_args' from command line to 'None'
[0.455s] Level 5:colcon.colcon_core.verb:set package 'webserver_node' build argument 'catkin_skip_building_tests' from command line to 'False'
[0.455s] DEBUG:colcon.colcon_core.verb:Building package 'webserver_node' with the following arguments: {'ament_cmake_args': None, 'build_base': '/home/jaygee/PicoWCar/build/webserver_node', 'catkin_cmake_args': None, 'catkin_skip_building_tests': False, 'cmake_args': None, 'cmake_clean_cache': False, 'cmake_clean_first': False, 'cmake_force_configure': False, 'cmake_target': None, 'cmake_target_skip_unavailable': False, 'install_base': '/home/jaygee/PicoWCar/install/webserver_node', 'merge_install': False, 'path': '/home/jaygee/PicoWCar/docs/pi5_nodes/webserver_node', 'symlink_install': False, 'test_result_base': None}
[0.455s] INFO:colcon.colcon_core.executor:Executing jobs using 'parallel' executor
[0.456s] DEBUG:colcon.colcon_parallel_executor.executor.parallel:run_until_complete
[0.456s] INFO:colcon.colcon_ros.task.ament_python.build:Building ROS package in '/home/jaygee/PicoWCar/src/pi5_pkg' with build type 'ament_python'
[0.457s] Level 1:colcon.colcon_core.shell:create_environment_hook('pi5_pkg', 'ament_prefix_path')
[0.459s] INFO:colcon.colcon_core.plugin_system:Skipping extension 'colcon_core.shell.bat': Not used on non-Windows systems
[0.459s] INFO:colcon.colcon_core.shell:Creating environment hook '/home/jaygee/PicoWCar/install/pi5_pkg/share/pi5_pkg/hook/ament_prefix_path.ps1'
[0.460s] INFO:colcon.colcon_core.shell:Creating environment descriptor '/home/jaygee/PicoWCar/install/pi5_pkg/share/pi5_pkg/hook/ament_prefix_path.dsv'
[0.461s] INFO:colcon.colcon_core.shell:Creating environment hook '/home/jaygee/PicoWCar/install/pi5_pkg/share/pi5_pkg/hook/ament_prefix_path.sh'
[0.462s] INFO:colcon.colcon_core.shell:Skip shell extension 'powershell' for command environment: Not usable outside of PowerShell
[0.462s] DEBUG:colcon.colcon_core.shell:Skip shell extension 'dsv' for command environment
[0.467s] INFO:colcon.colcon_ros.task.ament_python.build:Building ROS package in '/home/jaygee/PicoWCar/docs/pi5_nodes/pi_camera_node' with build type 'ament_python'
[0.467s] Level 1:colcon.colcon_core.shell:create_environment_hook('pi_camera_node', 'ament_prefix_path')
[0.467s] INFO:colcon.colcon_core.shell:Creating environment hook '/home/jaygee/PicoWCar/install/pi_camera_node/share/pi_camera_node/hook/ament_prefix_path.ps1'
[0.468s] INFO:colcon.colcon_core.shell:Creating environment descriptor '/home/jaygee/PicoWCar/install/pi_camera_node/share/pi_camera_node/hook/ament_prefix_path.dsv'
[0.469s] INFO:colcon.colcon_core.shell:Creating environment hook '/home/jaygee/PicoWCar/install/pi_camera_node/share/pi_camera_node/hook/ament_prefix_path.sh'
[0.469s] INFO:colcon.colcon_core.shell:Skip shell extension 'powershell' for command environment: Not usable outside of PowerShell
[0.469s] DEBUG:colcon.colcon_core.shell:Skip shell extension 'dsv' for command environment
[0.474s] INFO:colcon.colcon_ros.task.ament_python.build:Building ROS package in '/home/jaygee/PicoWCar/docs/pi5_nodes/pico_control_node' with build type 'ament_python'
[0.474s] Level 1:colcon.colcon_core.shell:create_environment_hook('pico_control_node', 'ament_prefix_path')
[0.475s] INFO:colcon.colcon_core.shell:Creating environment hook '/home/jaygee/PicoWCar/install/pico_control_node/share/pico_control_node/hook/ament_prefix_path.ps1'
[0.476s] INFO:colcon.colcon_core.shell:Creating environment descriptor '/home/jaygee/PicoWCar/install/pico_control_node/share/pico_control_node/hook/ament_prefix_path.dsv'
[0.476s] INFO:colcon.colcon_core.shell:Creating environment hook '/home/jaygee/PicoWCar/install/pico_control_node/share/pico_control_node/hook/ament_prefix_path.sh'
[0.477s] INFO:colcon.colcon_core.shell:Skip shell extension 'powershell' for command environment: Not usable outside of PowerShell
[0.477s] DEBUG:colcon.colcon_core.shell:Skip shell extension 'dsv' for command environment
[0.481s] INFO:colcon.colcon_ros.task.ament_python.build:Building ROS package in '/home/jaygee/PicoWCar/docs/pi5_nodes/pico_sensors_node' with build type 'ament_python'
[0.482s] Level 1:colcon.colcon_core.shell:create_environment_hook('pico_sensors_node', 'ament_prefix_path')
[0.482s] INFO:colcon.colcon_core.shell:Creating environment hook '/home/jaygee/PicoWCar/install/pico_sensors_node/share/pico_sensors_node/hook/ament_prefix_path.ps1'
[0.483s] INFO:colcon.colcon_core.shell:Creating environment descriptor '/home/jaygee/PicoWCar/install/pico_sensors_node/share/pico_sensors_node/hook/ament_prefix_path.dsv'
[0.483s] INFO:colcon.colcon_core.shell:Creating environment hook '/home/jaygee/PicoWCar/install/pico_sensors_node/share/pico_sensors_node/hook/ament_prefix_path.sh'
[0.484s] INFO:colcon.colcon_core.shell:Skip shell extension 'powershell' for command environment: Not usable outside of PowerShell
[0.484s] DEBUG:colcon.colcon_core.shell:Skip shell extension 'dsv' for command environment
[0.801s] INFO:colcon.colcon_core.task.python.build:Building Python package in '/home/jaygee/PicoWCar/src/pi5_pkg'
[0.801s] INFO:colcon.colcon_core.shell:Skip shell extension 'powershell' for command environment: Not usable outside of PowerShell
[0.801s] DEBUG:colcon.colcon_core.shell:Skip shell extension 'dsv' for command environment
[1.126s] INFO:colcon.colcon_core.task.python.build:Building Python package in '/home/jaygee/PicoWCar/docs/pi5_nodes/pi_camera_node'
[1.126s] INFO:colcon.colcon_core.shell:Skip shell extension 'powershell' for command environment: Not usable outside of PowerShell
[1.126s] DEBUG:colcon.colcon_core.shell:Skip shell extension 'dsv' for command environment
[1.445s] INFO:colcon.colcon_core.task.python.build:Building Python package in '/home/jaygee/PicoWCar/docs/pi5_nodes/pico_control_node'
[1.445s] INFO:colcon.colcon_core.shell:Skip shell extension 'powershell' for command environment: Not usable outside of PowerShell
[1.445s] DEBUG:colcon.colcon_core.shell:Skip shell extension 'dsv' for command environment
[1.762s] INFO:colcon.colcon_core.task.python.build:Building Python package in '/home/jaygee/PicoWCar/docs/pi5_nodes/pico_sensors_node'
[1.762s] INFO:colcon.colcon_core.shell:Skip shell extension 'powershell' for command environment: Not usable outside of PowerShell
[1.762s] DEBUG:colcon.colcon_core.shell:Skip shell extension 'dsv' for command environment
[2.888s] DEBUG:colcon.colcon_core.event_handler.log_command:Invoking command in '/home/jaygee/PicoWCar/docs/pi5_nodes/pi_camera_node': DEBUGINFOD_URLS=https://debuginfod.ubuntu.com PYTHONPATH=/home/jaygee/PicoWCar/build/pi_camera_node/prefix_override:/usr/lib/python3/dist-packages/colcon_core/task/python/colcon_distutils_commands:/home/jaygee/PicoWCar/install/pi_camera_node/lib/python3.12/site-packages:${PYTHONPATH} /usr/bin/python3 -W ignore:setup.py install is deprecated -W ignore:easy_install command is deprecated setup.py egg_info --egg-base ../../../build/pi_camera_node build --build-base /home/jaygee/PicoWCar/build/pi_camera_node/build install --record /home/jaygee/PicoWCar/build/pi_camera_node/install.log --single-version-externally-managed install_data
[2.898s] DEBUG:colcon.colcon_core.event_handler.log_command:Invoking command in '/home/jaygee/PicoWCar/docs/pi5_nodes/pico_control_node': DEBUGINFOD_URLS=https://debuginfod.ubuntu.com PYTHONPATH=/home/jaygee/PicoWCar/build/pico_control_node/prefix_override:/usr/lib/python3/dist-packages/colcon_core/task/python/colcon_distutils_commands:/home/jaygee/PicoWCar/install/pico_control_node/lib/python3.12/site-packages:${PYTHONPATH} /usr/bin/python3 -W ignore:setup.py install is deprecated -W ignore:easy_install command is deprecated setup.py egg_info --egg-base ../../../build/pico_control_node build --build-base /home/jaygee/PicoWCar/build/pico_control_node/build install --record /home/jaygee/PicoWCar/build/pico_control_node/install.log --single-version-externally-managed install_data
[2.906s] DEBUG:colcon.colcon_core.event_handler.log_command:Invoking command in '/home/jaygee/PicoWCar/src/pi5_pkg': DEBUGINFOD_URLS=https://debuginfod.ubuntu.com PYTHONPATH=/home/jaygee/PicoWCar/build/pi5_pkg/prefix_override:/usr/lib/python3/dist-packages/colcon_core/task/python/colcon_distutils_commands:/home/jaygee/PicoWCar/install/pi5_pkg/lib/python3.12/site-packages:${PYTHONPATH} /usr/bin/python3 -W ignore:setup.py install is deprecated -W ignore:easy_install command is deprecated setup.py egg_info --egg-base ../../build/pi5_pkg build --build-base /home/jaygee/PicoWCar/build/pi5_pkg/build install --record /home/jaygee/PicoWCar/build/pi5_pkg/install.log --single-version-externally-managed install_data
[2.945s] DEBUG:colcon.colcon_core.event_handler.log_command:Invoking command in '/home/jaygee/PicoWCar/docs/pi5_nodes/pico_sensors_node': DEBUGINFOD_URLS=https://debuginfod.ubuntu.com PYTHONPATH=/home/jaygee/PicoWCar/build/pico_sensors_node/prefix_override:/usr/lib/python3/dist-packages/colcon_core/task/python/colcon_distutils_commands:/home/jaygee/PicoWCar/install/pico_sensors_node/lib/python3.12/site-packages:${PYTHONPATH} /usr/bin/python3 -W ignore:setup.py install is deprecated -W ignore:easy_install command is deprecated setup.py egg_info --egg-base ../../../build/pico_sensors_node build --build-base /home/jaygee/PicoWCar/build/pico_sensors_node/build install --record /home/jaygee/PicoWCar/build/pico_sensors_node/install.log --single-version-externally-managed install_data
[3.862s] DEBUG:colcon.colcon_core.event_handler.log_command:Invoked command in '/home/jaygee/PicoWCar/docs/pi5_nodes/pi_camera_node' returned '0': DEBUGINFOD_URLS=https://debuginfod.ubuntu.com PYTHONPATH=/home/jaygee/PicoWCar/build/pi_camera_node/prefix_override:/usr/lib/python3/dist-packages/colcon_core/task/python/colcon_distutils_commands:/home/jaygee/PicoWCar/install/pi_camera_node/lib/python3.12/site-packages:${PYTHONPATH} /usr/bin/python3 -W ignore:setup.py install is deprecated -W ignore:easy_install command is deprecated setup.py egg_info --egg-base ../../../build/pi_camera_node build --build-base /home/jaygee/PicoWCar/build/pi_camera_node/build install --record /home/jaygee/PicoWCar/build/pi_camera_node/install.log --single-version-externally-managed install_data
[3.867s] Level 1:colcon.colcon_core.environment:checking '/home/jaygee/PicoWCar/install/pi_camera_node' for CMake module files
[3.869s] Level 1:colcon.colcon_core.environment:checking '/home/jaygee/PicoWCar/install/pi_camera_node' for CMake config files
[3.871s] Level 1:colcon.colcon_core.environment:checking '/home/jaygee/PicoWCar/install/pi_camera_node/lib'
[3.872s] Level 1:colcon.colcon_core.environment:checking '/home/jaygee/PicoWCar/install/pi_camera_node/bin'
[3.872s] Level 1:colcon.colcon_core.environment:checking '/home/jaygee/PicoWCar/install/pi_camera_node/lib/pkgconfig/pi_camera_node.pc'
[3.873s] Level 1:colcon.colcon_core.environment:checking '/home/jaygee/PicoWCar/install/pi_camera_node/lib/python3.12/site-packages'
[3.873s] Level 1:colcon.colcon_core.shell:create_environment_hook('pi_camera_node', 'pythonpath')
[3.874s] INFO:colcon.colcon_core.shell:Creating environment hook '/home/jaygee/PicoWCar/install/pi_camera_node/share/pi_camera_node/hook/pythonpath.ps1'
[3.875s] INFO:colcon.colcon_core.shell:Creating environment descriptor '/home/jaygee/PicoWCar/install/pi_camera_node/share/pi_camera_node/hook/pythonpath.dsv'
[3.876s] INFO:colcon.colcon_core.shell:Creating environment hook '/home/jaygee/PicoWCar/install/pi_camera_node/share/pi_camera_node/hook/pythonpath.sh'
[3.878s] Level 1:colcon.colcon_core.environment:checking '/home/jaygee/PicoWCar/install/pi_camera_node/bin'
[3.879s] Level 1:colcon.colcon_core.environment:create_environment_scripts_only(pi_camera_node)
[3.880s] INFO:colcon.colcon_core.shell:Creating package script '/home/jaygee/PicoWCar/install/pi_camera_node/share/pi_camera_node/package.ps1'
[3.883s] INFO:colcon.colcon_core.shell:Creating package descriptor '/home/jaygee/PicoWCar/install/pi_camera_node/share/pi_camera_node/package.dsv'
[3.886s] INFO:colcon.colcon_core.shell:Creating package script '/home/jaygee/PicoWCar/install/pi_camera_node/share/pi_camera_node/package.sh'
[3.889s] INFO:colcon.colcon_core.shell:Creating package script '/home/jaygee/PicoWCar/install/pi_camera_node/share/pi_camera_node/package.bash'
[3.891s] INFO:colcon.colcon_core.shell:Creating package script '/home/jaygee/PicoWCar/install/pi_camera_node/share/pi_camera_node/package.zsh'
[3.893s] Level 1:colcon.colcon_core.environment:create_file_with_runtime_dependencies(/home/jaygee/PicoWCar/install/pi_camera_node/share/colcon-core/packages/pi_camera_node)
[3.895s] INFO:colcon.colcon_ros.task.ament_python.build:Building ROS package in '/home/jaygee/PicoWCar/docs/pi5_nodes/smolvla_node' with build type 'ament_python'
[3.895s] Level 1:colcon.colcon_core.shell:create_environment_hook('smolvla_node', 'ament_prefix_path')
[3.898s] INFO:colcon.colcon_core.shell:Creating environment hook '/home/jaygee/PicoWCar/install/smolvla_node/share/smolvla_node/hook/ament_prefix_path.ps1'
[3.899s] INFO:colcon.colcon_core.shell:Creating environment descriptor '/home/jaygee/PicoWCar/install/smolvla_node/share/smolvla_node/hook/ament_prefix_path.dsv'
[3.900s] INFO:colcon.colcon_core.shell:Creating environment hook '/home/jaygee/PicoWCar/install/smolvla_node/share/smolvla_node/hook/ament_prefix_path.sh'
[3.902s] INFO:colcon.colcon_core.shell:Skip shell extension 'powershell' for command environment: Not usable outside of PowerShell
[3.903s] DEBUG:colcon.colcon_core.shell:Skip shell extension 'dsv' for command environment
[3.912s] Level 1:colcon.colcon_core.environment:checking '/home/jaygee/PicoWCar/install/pi5_pkg' for CMake module files
[3.913s] Level 1:colcon.colcon_core.environment:checking '/home/jaygee/PicoWCar/install/pi5_pkg' for CMake config files
[3.915s] Level 1:colcon.colcon_core.environment:checking '/home/jaygee/PicoWCar/install/pi5_pkg/lib'
[3.914s] DEBUG:colcon.colcon_core.event_handler.log_command:Invoked command in '/home/jaygee/PicoWCar/src/pi5_pkg' returned '0': DEBUGINFOD_URLS=https://debuginfod.ubuntu.com PYTHONPATH=/home/jaygee/PicoWCar/build/pi5_pkg/prefix_override:/usr/lib/python3/dist-packages/colcon_core/task/python/colcon_distutils_commands:/home/jaygee/PicoWCar/install/pi5_pkg/lib/python3.12/site-packages:${PYTHONPATH} /usr/bin/python3 -W ignore:setup.py install is deprecated -W ignore:easy_install command is deprecated setup.py egg_info --egg-base ../../build/pi5_pkg build --build-base /home/jaygee/PicoWCar/build/pi5_pkg/build install --record /home/jaygee/PicoWCar/build/pi5_pkg/install.log --single-version-externally-managed install_data
[3.916s] Level 1:colcon.colcon_core.environment:checking '/home/jaygee/PicoWCar/install/pi5_pkg/bin'
[3.916s] Level 1:colcon.colcon_core.environment:checking '/home/jaygee/PicoWCar/install/pi5_pkg/lib/pkgconfig/pi5_pkg.pc'
[3.917s] Level 1:colcon.colcon_core.environment:checking '/home/jaygee/PicoWCar/install/pi5_pkg/lib/python3.12/site-packages'
[3.917s] Level 1:colcon.colcon_core.shell:create_environment_hook('pi5_pkg', 'pythonpath')
[3.918s] INFO:colcon.colcon_core.shell:Creating environment hook '/home/jaygee/PicoWCar/install/pi5_pkg/share/pi5_pkg/hook/pythonpath.ps1'
[3.919s] INFO:colcon.colcon_core.shell:Creating environment descriptor '/home/jaygee/PicoWCar/install/pi5_pkg/share/pi5_pkg/hook/pythonpath.dsv'
[3.920s] INFO:colcon.colcon_core.shell:Creating environment hook '/home/jaygee/PicoWCar/install/pi5_pkg/share/pi5_pkg/hook/pythonpath.sh'
[3.921s] Level 1:colcon.colcon_core.environment:checking '/home/jaygee/PicoWCar/install/pi5_pkg/bin'
[3.922s] Level 1:colcon.colcon_core.environment:create_environment_scripts_only(pi5_pkg)
[3.922s] INFO:colcon.colcon_core.shell:Creating package script '/home/jaygee/PicoWCar/install/pi5_pkg/share/pi5_pkg/package.ps1'
[3.924s] INFO:colcon.colcon_core.shell:Creating package descriptor '/home/jaygee/PicoWCar/install/pi5_pkg/share/pi5_pkg/package.dsv'
[3.925s] INFO:colcon.colcon_core.shell:Creating package script '/home/jaygee/PicoWCar/install/pi5_pkg/share/pi5_pkg/package.sh'
[3.926s] INFO:colcon.colcon_core.shell:Creating package script '/home/jaygee/PicoWCar/install/pi5_pkg/share/pi5_pkg/package.bash'
[3.927s] INFO:colcon.colcon_core.shell:Creating package script '/home/jaygee/PicoWCar/install/pi5_pkg/share/pi5_pkg/package.zsh'
[3.928s] Level 1:colcon.colcon_core.environment:create_file_with_runtime_dependencies(/home/jaygee/PicoWCar/install/pi5_pkg/share/colcon-core/packages/pi5_pkg)
[3.930s] INFO:colcon.colcon_ros.task.ament_python.build:Building ROS package in '/home/jaygee/PicoWCar/docs/pi5_nodes/webserver_node' with build type 'ament_python'
[3.930s] Level 1:colcon.colcon_core.shell:create_environment_hook('webserver_node', 'ament_prefix_path')
[3.931s] INFO:colcon.colcon_core.shell:Creating environment hook '/home/jaygee/PicoWCar/install/webserver_node/share/webserver_node/hook/ament_prefix_path.ps1'
[3.932s] INFO:colcon.colcon_core.shell:Creating environment descriptor '/home/jaygee/PicoWCar/install/webserver_node/share/webserver_node/hook/ament_prefix_path.dsv'
[3.933s] INFO:colcon.colcon_core.shell:Creating environment hook '/home/jaygee/PicoWCar/install/webserver_node/share/webserver_node/hook/ament_prefix_path.sh'
[3.934s] INFO:colcon.colcon_core.shell:Skip shell extension 'powershell' for command environment: Not usable outside of PowerShell
[3.934s] DEBUG:colcon.colcon_core.shell:Skip shell extension 'dsv' for command environment
[4.253s] INFO:colcon.colcon_core.task.python.build:Building Python package in '/home/jaygee/PicoWCar/docs/pi5_nodes/smolvla_node'
[4.253s] INFO:colcon.colcon_core.shell:Skip shell extension 'powershell' for command environment: Not usable outside of PowerShell
[4.253s] DEBUG:colcon.colcon_core.shell:Skip shell extension 'dsv' for command environment
[4.258s] Level 1:colcon.colcon_core.environment:checking '/home/jaygee/PicoWCar/install/pico_control_node' for CMake module files
[4.259s] DEBUG:colcon.colcon_core.event_handler.log_command:Invoked command in '/home/jaygee/PicoWCar/docs/pi5_nodes/pico_control_node' returned '0': DEBUGINFOD_URLS=https://debuginfod.ubuntu.com PYTHONPATH=/home/jaygee/PicoWCar/build/pico_control_node/prefix_override:/usr/lib/python3/dist-packages/colcon_core/task/python/colcon_distutils_commands:/home/jaygee/PicoWCar/install/pico_control_node/lib/python3.12/site-packages:${PYTHONPATH} /usr/bin/python3 -W ignore:setup.py install is deprecated -W ignore:easy_install command is deprecated setup.py egg_info --egg-base ../../../build/pico_control_node build --build-base /home/jaygee/PicoWCar/build/pico_control_node/build install --record /home/jaygee/PicoWCar/build/pico_control_node/install.log --single-version-externally-managed install_data
[4.260s] Level 1:colcon.colcon_core.environment:checking '/home/jaygee/PicoWCar/install/pico_control_node' for CMake config files
[4.260s] Level 1:colcon.colcon_core.environment:checking '/home/jaygee/PicoWCar/install/pico_control_node/lib'
[4.261s] Level 1:colcon.colcon_core.environment:checking '/home/jaygee/PicoWCar/install/pico_control_node/bin'
[4.261s] Level 1:colcon.colcon_core.environment:checking '/home/jaygee/PicoWCar/install/pico_control_node/lib/pkgconfig/pico_control_node.pc'
[4.261s] Level 1:colcon.colcon_core.environment:checking '/home/jaygee/PicoWCar/install/pico_control_node/lib/python3.12/site-packages'
[4.261s] Level 1:colcon.colcon_core.shell:create_environment_hook('pico_control_node', 'pythonpath')
[4.262s] INFO:colcon.colcon_core.shell:Creating environment hook '/home/jaygee/PicoWCar/install/pico_control_node/share/pico_control_node/hook/pythonpath.ps1'
[4.263s] INFO:colcon.colcon_core.shell:Creating environment descriptor '/home/jaygee/PicoWCar/install/pico_control_node/share/pico_control_node/hook/pythonpath.dsv'
[4.263s] INFO:colcon.colcon_core.shell:Creating environment hook '/home/jaygee/PicoWCar/install/pico_control_node/share/pico_control_node/hook/pythonpath.sh'
[4.264s] Level 1:colcon.colcon_core.environment:checking '/home/jaygee/PicoWCar/install/pico_control_node/bin'
[4.264s] Level 1:colcon.colcon_core.environment:create_environment_scripts_only(pico_control_node)
[4.265s] INFO:colcon.colcon_core.shell:Creating package script '/home/jaygee/PicoWCar/install/pico_control_node/share/pico_control_node/package.ps1'
[4.265s] INFO:colcon.colcon_core.shell:Creating package descriptor '/home/jaygee/PicoWCar/install/pico_control_node/share/pico_control_node/package.dsv'
[4.266s] INFO:colcon.colcon_core.shell:Creating package script '/home/jaygee/PicoWCar/install/pico_control_node/share/pico_control_node/package.sh'
[4.266s] INFO:colcon.colcon_core.shell:Creating package script '/home/jaygee/PicoWCar/install/pico_control_node/share/pico_control_node/package.bash'
[4.267s] INFO:colcon.colcon_core.shell:Creating package script '/home/jaygee/PicoWCar/install/pico_control_node/share/pico_control_node/package.zsh'
[4.267s] Level 1:colcon.colcon_core.environment:create_file_with_runtime_dependencies(/home/jaygee/PicoWCar/install/pico_control_node/share/colcon-core/packages/pico_control_node)
[4.269s] Level 1:colcon.colcon_core.environment:checking '/home/jaygee/PicoWCar/install/pico_sensors_node' for CMake module files
[4.270s] DEBUG:colcon.colcon_core.event_handler.log_command:Invoked command in '/home/jaygee/PicoWCar/docs/pi5_nodes/pico_sensors_node' returned '0': DEBUGINFOD_URLS=https://debuginfod.ubuntu.com PYTHONPATH=/home/jaygee/PicoWCar/build/pico_sensors_node/prefix_override:/usr/lib/python3/dist-packages/colcon_core/task/python/colcon_distutils_commands:/home/jaygee/PicoWCar/install/pico_sensors_node/lib/python3.12/site-packages:${PYTHONPATH} /usr/bin/python3 -W ignore:setup.py install is deprecated -W ignore:easy_install command is deprecated setup.py egg_info --egg-base ../../../build/pico_sensors_node build --build-base /home/jaygee/PicoWCar/build/pico_sensors_node/build install --record /home/jaygee/PicoWCar/build/pico_sensors_node/install.log --single-version-externally-managed install_data
[4.271s] Level 1:colcon.colcon_core.environment:checking '/home/jaygee/PicoWCar/install/pico_sensors_node' for CMake config files
[4.271s] Level 1:colcon.colcon_core.environment:checking '/home/jaygee/PicoWCar/install/pico_sensors_node/lib'
[4.271s] Level 1:colcon.colcon_core.environment:checking '/home/jaygee/PicoWCar/install/pico_sensors_node/bin'
[4.271s] Level 1:colcon.colcon_core.environment:checking '/home/jaygee/PicoWCar/install/pico_sensors_node/lib/pkgconfig/pico_sensors_node.pc'
[4.272s] Level 1:colcon.colcon_core.environment:checking '/home/jaygee/PicoWCar/install/pico_sensors_node/lib/python3.12/site-packages'
[4.272s] Level 1:colcon.colcon_core.shell:create_environment_hook('pico_sensors_node', 'pythonpath')
[4.272s] INFO:colcon.colcon_core.shell:Creating environment hook '/home/jaygee/PicoWCar/install/pico_sensors_node/share/pico_sensors_node/hook/pythonpath.ps1'
[4.273s] INFO:colcon.colcon_core.shell:Creating environment descriptor '/home/jaygee/PicoWCar/install/pico_sensors_node/share/pico_sensors_node/hook/pythonpath.dsv'
[4.273s] INFO:colcon.colcon_core.shell:Creating environment hook '/home/jaygee/PicoWCar/install/pico_sensors_node/share/pico_sensors_node/hook/pythonpath.sh'
[4.274s] Level 1:colcon.colcon_core.environment:checking '/home/jaygee/PicoWCar/install/pico_sensors_node/bin'
[4.274s] Level 1:colcon.colcon_core.environment:create_environment_scripts_only(pico_sensors_node)
[4.274s] INFO:colcon.colcon_core.shell:Creating package script '/home/jaygee/PicoWCar/install/pico_sensors_node/share/pico_sensors_node/package.ps1'
[4.275s] INFO:colcon.colcon_core.shell:Creating package descriptor '/home/jaygee/PicoWCar/install/pico_sensors_node/share/pico_sensors_node/package.dsv'
[4.275s] INFO:colcon.colcon_core.shell:Creating package script '/home/jaygee/PicoWCar/install/pico_sensors_node/share/pico_sensors_node/package.sh'
[4.276s] INFO:colcon.colcon_core.shell:Creating package script '/home/jaygee/PicoWCar/install/pico_sensors_node/share/pico_sensors_node/package.bash'
[4.276s] INFO:colcon.colcon_core.shell:Creating package script '/home/jaygee/PicoWCar/install/pico_sensors_node/share/pico_sensors_node/package.zsh'
[4.276s] Level 1:colcon.colcon_core.environment:create_file_with_runtime_dependencies(/home/jaygee/PicoWCar/install/pico_sensors_node/share/colcon-core/packages/pico_sensors_node)
[4.590s] INFO:colcon.colcon_core.task.python.build:Building Python package in '/home/jaygee/PicoWCar/docs/pi5_nodes/webserver_node'
[4.591s] INFO:colcon.colcon_core.shell:Skip shell extension 'powershell' for command environment: Not usable outside of PowerShell
[4.591s] DEBUG:colcon.colcon_core.shell:Skip shell extension 'dsv' for command environment
[5.502s] DEBUG:colcon.colcon_core.event_handler.log_command:Invoking command in '/home/jaygee/PicoWCar/docs/pi5_nodes/smolvla_node': DEBUGINFOD_URLS=https://debuginfod.ubuntu.com PYTHONPATH=/home/jaygee/PicoWCar/build/smolvla_node/prefix_override:/usr/lib/python3/dist-packages/colcon_core/task/python/colcon_distutils_commands:/home/jaygee/PicoWCar/install/smolvla_node/lib/python3.12/site-packages:${PYTHONPATH} /usr/bin/python3 -W ignore:setup.py install is deprecated -W ignore:easy_install command is deprecated setup.py egg_info --egg-base ../../../build/smolvla_node build --build-base /home/jaygee/PicoWCar/build/smolvla_node/build install --record /home/jaygee/PicoWCar/build/smolvla_node/install.log --single-version-externally-managed install_data
[5.507s] DEBUG:colcon.colcon_core.event_handler.log_command:Invoking command in '/home/jaygee/PicoWCar/docs/pi5_nodes/webserver_node': DEBUGINFOD_URLS=https://debuginfod.ubuntu.com PYTHONPATH=/home/jaygee/PicoWCar/build/webserver_node/prefix_override:/usr/lib/python3/dist-packages/colcon_core/task/python/colcon_distutils_commands:/home/jaygee/PicoWCar/install/webserver_node/lib/python3.12/site-packages:${PYTHONPATH} /usr/bin/python3 -W ignore:setup.py install is deprecated -W ignore:easy_install command is deprecated setup.py egg_info --egg-base ../../../build/webserver_node build --build-base /home/jaygee/PicoWCar/build/webserver_node/build install --record /home/jaygee/PicoWCar/build/webserver_node/install.log --single-version-externally-managed install_data
[6.317s] Level 1:colcon.colcon_core.environment:checking '/home/jaygee/PicoWCar/install/smolvla_node' for CMake module files
[6.318s] DEBUG:colcon.colcon_core.event_handler.log_command:Invoked command in '/home/jaygee/PicoWCar/docs/pi5_nodes/smolvla_node' returned '0': DEBUGINFOD_URLS=https://debuginfod.ubuntu.com PYTHONPATH=/home/jaygee/PicoWCar/build/smolvla_node/prefix_override:/usr/lib/python3/dist-packages/colcon_core/task/python/colcon_distutils_commands:/home/jaygee/PicoWCar/install/smolvla_node/lib/python3.12/site-packages:${PYTHONPATH} /usr/bin/python3 -W ignore:setup.py install is deprecated -W ignore:easy_install command is deprecated setup.py egg_info --egg-base ../../../build/smolvla_node build --build-base /home/jaygee/PicoWCar/build/smolvla_node/build install --record /home/jaygee/PicoWCar/build/smolvla_node/install.log --single-version-externally-managed install_data
[6.319s] Level 1:colcon.colcon_core.environment:checking '/home/jaygee/PicoWCar/install/smolvla_node' for CMake config files
[6.319s] Level 1:colcon.colcon_core.environment:checking '/home/jaygee/PicoWCar/install/smolvla_node/lib'
[6.319s] Level 1:colcon.colcon_core.environment:checking '/home/jaygee/PicoWCar/install/smolvla_node/bin'
[6.319s] Level 1:colcon.colcon_core.environment:checking '/home/jaygee/PicoWCar/install/smolvla_node/lib/pkgconfig/smolvla_node.pc'
[6.320s] Level 1:colcon.colcon_core.environment:checking '/home/jaygee/PicoWCar/install/smolvla_node/lib/python3.12/site-packages'
[6.320s] Level 1:colcon.colcon_core.shell:create_environment_hook('smolvla_node', 'pythonpath')
[6.320s] INFO:colcon.colcon_core.shell:Creating environment hook '/home/jaygee/PicoWCar/install/smolvla_node/share/smolvla_node/hook/pythonpath.ps1'
[6.321s] INFO:colcon.colcon_core.shell:Creating environment descriptor '/home/jaygee/PicoWCar/install/smolvla_node/share/smolvla_node/hook/pythonpath.dsv'
[6.321s] INFO:colcon.colcon_core.shell:Creating environment hook '/home/jaygee/PicoWCar/install/smolvla_node/share/smolvla_node/hook/pythonpath.sh'
[6.322s] Level 1:colcon.colcon_core.environment:checking '/home/jaygee/PicoWCar/install/smolvla_node/bin'
[6.322s] Level 1:colcon.colcon_core.environment:create_environment_scripts_only(smolvla_node)
[6.322s] INFO:colcon.colcon_core.shell:Creating package script '/home/jaygee/PicoWCar/install/smolvla_node/share/smolvla_node/package.ps1'
[6.323s] INFO:colcon.colcon_core.shell:Creating package descriptor '/home/jaygee/PicoWCar/install/smolvla_node/share/smolvla_node/package.dsv'
[6.323s] INFO:colcon.colcon_core.shell:Creating package script '/home/jaygee/PicoWCar/install/smolvla_node/share/smolvla_node/package.sh'
[6.323s] INFO:colcon.colcon_core.shell:Creating package script '/home/jaygee/PicoWCar/install/smolvla_node/share/smolvla_node/package.bash'
[6.324s] INFO:colcon.colcon_core.shell:Creating package script '/home/jaygee/PicoWCar/install/smolvla_node/share/smolvla_node/package.zsh'
[6.324s] Level 1:colcon.colcon_core.environment:create_file_with_runtime_dependencies(/home/jaygee/PicoWCar/install/smolvla_node/share/colcon-core/packages/smolvla_node)
[6.325s] Level 1:colcon.colcon_core.environment:checking '/home/jaygee/PicoWCar/install/webserver_node' for CMake module files
[6.326s] Level 1:colcon.colcon_core.environment:checking '/home/jaygee/PicoWCar/install/webserver_node' for CMake config files
[6.326s] DEBUG:colcon.colcon_core.event_handler.log_command:Invoked command in '/home/jaygee/PicoWCar/docs/pi5_nodes/webserver_node' returned '0': DEBUGINFOD_URLS=https://debuginfod.ubuntu.com PYTHONPATH=/home/jaygee/PicoWCar/build/webserver_node/prefix_override:/usr/lib/python3/dist-packages/colcon_core/task/python/colcon_distutils_commands:/home/jaygee/PicoWCar/install/webserver_node/lib/python3.12/site-packages:${PYTHONPATH} /usr/bin/python3 -W ignore:setup.py install is deprecated -W ignore:easy_install command is deprecated setup.py egg_info --egg-base ../../../build/webserver_node build --build-base /home/jaygee/PicoWCar/build/webserver_node/build install --record /home/jaygee/PicoWCar/build/webserver_node/install.log --single-version-externally-managed install_data
[6.327s] Level 1:colcon.colcon_core.environment:checking '/home/jaygee/PicoWCar/install/webserver_node/lib'
[6.327s] Level 1:colcon.colcon_core.environment:checking '/home/jaygee/PicoWCar/install/webserver_node/bin'
[6.327s] Level 1:colcon.colcon_core.environment:checking '/home/jaygee/PicoWCar/install/webserver_node/lib/pkgconfig/webserver_node.pc'
[6.328s] Level 1:colcon.colcon_core.environment:checking '/home/jaygee/PicoWCar/install/webserver_node/lib/python3.12/site-packages'
[6.328s] Level 1:colcon.colcon_core.shell:create_environment_hook('webserver_node', 'pythonpath')
[6.328s] INFO:colcon.colcon_core.shell:Creating environment hook '/home/jaygee/PicoWCar/install/webserver_node/share/webserver_node/hook/pythonpath.ps1'
[6.329s] INFO:colcon.colcon_core.shell:Creating environment descriptor '/home/jaygee/PicoWCar/install/webserver_node/share/webserver_node/hook/pythonpath.dsv'
[6.329s] INFO:colcon.colcon_core.shell:Creating environment hook '/home/jaygee/PicoWCar/install/webserver_node/share/webserver_node/hook/pythonpath.sh'
[6.330s] Level 1:colcon.colcon_core.environment:checking '/home/jaygee/PicoWCar/install/webserver_node/bin'
[6.330s] Level 1:colcon.colcon_core.environment:create_environment_scripts_only(webserver_node)
[6.330s] INFO:colcon.colcon_core.shell:Creating package script '/home/jaygee/PicoWCar/install/webserver_node/share/webserver_node/package.ps1'
[6.331s] INFO:colcon.colcon_core.shell:Creating package descriptor '/home/jaygee/PicoWCar/install/webserver_node/share/webserver_node/package.dsv'
[6.331s] INFO:colcon.colcon_core.shell:Creating package script '/home/jaygee/PicoWCar/install/webserver_node/share/webserver_node/package.sh'
[6.332s] INFO:colcon.colcon_core.shell:Creating package script '/home/jaygee/PicoWCar/install/webserver_node/share/webserver_node/package.bash'
[6.332s] INFO:colcon.colcon_core.shell:Creating package script '/home/jaygee/PicoWCar/install/webserver_node/share/webserver_node/package.zsh'
[6.333s] Level 1:colcon.colcon_core.environment:create_file_with_runtime_dependencies(/home/jaygee/PicoWCar/install/webserver_node/share/colcon-core/packages/webserver_node)
[6.333s] DEBUG:colcon.colcon_parallel_executor.executor.parallel:closing loop
[6.334s] DEBUG:colcon.colcon_parallel_executor.executor.parallel:loop closed
[6.334s] DEBUG:colcon.colcon_parallel_executor.executor.parallel:run_until_complete finished with '0'
[6.334s] DEBUG:colcon.colcon_core.event_reactor:joining thread
[6.342s] INFO:colcon.colcon_core.plugin_system:Skipping extension 'colcon_notification.desktop_notification.terminal_notifier': Not used on non-Darwin systems
[6.342s] INFO:colcon.colcon_core.plugin_system:Skipping extension 'colcon_notification.desktop_notification.win32': Not used on non-Windows systems
[6.342s] INFO:colcon.colcon_notification.desktop_notification:Sending desktop notification using 'notify2'
[6.349s] DEBUG:colcon.colcon_core.event_reactor:joined thread
[6.350s] INFO:colcon.colcon_core.shell:Creating prefix script '/home/jaygee/PicoWCar/install/local_setup.ps1'
[6.351s] INFO:colcon.colcon_core.shell:Creating prefix util module '/home/jaygee/PicoWCar/install/_local_setup_util_ps1.py'
[6.353s] INFO:colcon.colcon_core.shell:Creating prefix chain script '/home/jaygee/PicoWCar/install/setup.ps1'
[6.358s] INFO:colcon.colcon_core.shell:Creating prefix script '/home/jaygee/PicoWCar/install/local_setup.sh'
[6.360s] INFO:colcon.colcon_core.shell:Creating prefix util module '/home/jaygee/PicoWCar/install/_local_setup_util_sh.py'
[6.364s] INFO:colcon.colcon_core.shell:Creating prefix chain script '/home/jaygee/PicoWCar/install/setup.sh'
[6.371s] INFO:colcon.colcon_core.shell:Creating prefix script '/home/jaygee/PicoWCar/install/local_setup.bash'
[6.372s] INFO:colcon.colcon_core.shell:Creating prefix chain script '/home/jaygee/PicoWCar/install/setup.bash'
[6.374s] INFO:colcon.colcon_core.shell:Creating prefix script '/home/jaygee/PicoWCar/install/local_setup.zsh'
[6.375s] INFO:colcon.colcon_core.shell:Creating prefix chain script '/home/jaygee/PicoWCar/install/setup.zsh'
