[0.145s] DEBUG:colcon:Command line arguments: ['/usr/bin/colcon', 'build']
[0.145s] DEBUG:colcon:Parsed command line arguments: Namespace(log_base=None, log_level=None, verb_name='build', build_base='build', install_base='install', merge_install=False, symlink_install=False, test_result_base=None, continue_on_error=False, executor='parallel', parallel_workers=4, event_handlers=None, ignore_user_meta=False, metas=['./colcon.meta'], base_paths=['.'], packages_ignore=None, packages_ignore_regex=None, paths=None, packages_up_to=None, packages_up_to_regex=None, packages_above=None, packages_above_and_dependencies=None, packages_above_depth=None, packages_select_by_dep=None, packages_skip_by_dep=None, packages_skip_up_to=None, packages_select_build_failed=False, packages_skip_build_finished=False, packages_select_test_failures=False, packages_skip_test_passed=False, packages_select=None, packages_skip=None, packages_select_regex=None, packages_skip_regex=None, packages_start=None, packages_end=None, allow_overriding=[], cmake_args=None, cmake_target=None, cmake_target_skip_unavailable=False, cmake_clean_cache=False, cmake_clean_first=False, cmake_force_configure=False, ament_cmake_args=None, catkin_cmake_args=None, catkin_skip_building_tests=False, mixin_files=None, mixin=None, verb_parser=<colcon_mixin.mixin.mixin_argument.MixinArgumentDecorator object at 0xffff8b5b2ea0>, verb_extension=<colcon_core.verb.build.BuildVerb object at 0xffff8b4482f0>, main=<bound method BuildVerb.main of <colcon_core.verb.build.BuildVerb object at 0xffff8b4482f0>>, mixin_verb=('build',))
[0.211s] Level 1:colcon.colcon_core.package_discovery:discover_packages(colcon_meta) check parameters
[0.212s] Level 1:colcon.colcon_core.package_discovery:discover_packages(recursive) check parameters
[0.212s] Level 1:colcon.colcon_core.package_discovery:discover_packages(ignore) check parameters
[0.212s] Level 1:colcon.colcon_core.package_discovery:discover_packages(path) check parameters
[0.212s] Level 1:colcon.colcon_core.package_discovery:discover_packages(colcon_meta) discover
[0.212s] Level 1:colcon.colcon_core.package_discovery:discover_packages(recursive) discover
[0.212s] INFO:colcon.colcon_core.package_discovery:Crawling recursively for packages in '/home/jaygee/PicoWCar/src'
[0.212s] Level 1:colcon.colcon_core.package_identification:_identify(.) by extensions ['ignore', 'ignore_ament_install']
[0.212s] Level 1:colcon.colcon_core.package_identification:_identify(.) by extension 'ignore'
[0.212s] Level 1:colcon.colcon_core.package_identification:_identify(.) by extension 'ignore_ament_install'
[0.212s] Level 1:colcon.colcon_core.package_identification:_identify(.) by extensions ['colcon_pkg']
[0.212s] Level 1:colcon.colcon_core.package_identification:_identify(.) by extension 'colcon_pkg'
[0.212s] Level 1:colcon.colcon_core.package_identification:_identify(.) by extensions ['colcon_meta']
[0.212s] Level 1:colcon.colcon_core.package_identification:_identify(.) by extension 'colcon_meta'
[0.212s] Level 1:colcon.colcon_core.package_identification:_identify(.) by extensions ['ros']
[0.212s] Level 1:colcon.colcon_core.package_identification:_identify(.) by extension 'ros'
[0.252s] Level 1:colcon.colcon_core.package_identification:_identify(.) by extensions ['cmake', 'python']
[0.252s] Level 1:colcon.colcon_core.package_identification:_identify(.) by extension 'cmake'
[0.252s] Level 1:colcon.colcon_core.package_identification:_identify(.) by extension 'python'
[0.252s] Level 1:colcon.colcon_core.package_identification:_identify(.) by extensions ['python_setup_py']
[0.252s] Level 1:colcon.colcon_core.package_identification:_identify(.) by extension 'python_setup_py'
[0.253s] Level 1:colcon.colcon_core.package_identification:_identify(Processing) by extensions ['ignore', 'ignore_ament_install']
[0.253s] Level 1:colcon.colcon_core.package_identification:_identify(Processing) by extension 'ignore'
[0.253s] Level 1:colcon.colcon_core.package_identification:_identify(Processing) by extension 'ignore_ament_install'
[0.253s] Level 1:colcon.colcon_core.package_identification:_identify(Processing) by extensions ['colcon_pkg']
[0.253s] Level 1:colcon.colcon_core.package_identification:_identify(Processing) by extension 'colcon_pkg'
[0.253s] Level 1:colcon.colcon_core.package_identification:_identify(Processing) by extensions ['colcon_meta']
[0.253s] Level 1:colcon.colcon_core.package_identification:_identify(Processing) by extension 'colcon_meta'
[0.253s] Level 1:colcon.colcon_core.package_identification:_identify(Processing) by extensions ['ros']
[0.253s] Level 1:colcon.colcon_core.package_identification:_identify(Processing) by extension 'ros'
[0.253s] Level 1:colcon.colcon_core.package_identification:_identify(Processing) by extensions ['cmake', 'python']
[0.253s] Level 1:colcon.colcon_core.package_identification:_identify(Processing) by extension 'cmake'
[0.253s] Level 1:colcon.colcon_core.package_identification:_identify(Processing) by extension 'python'
[0.253s] Level 1:colcon.colcon_core.package_identification:_identify(Processing) by extensions ['python_setup_py']
[0.253s] Level 1:colcon.colcon_core.package_identification:_identify(Processing) by extension 'python_setup_py'
[0.253s] Level 1:colcon.colcon_core.package_identification:_identify(Processing/modes) by extensions ['ignore', 'ignore_ament_install']
[0.253s] Level 1:colcon.colcon_core.package_identification:_identify(Processing/modes) by extension 'ignore'
[0.254s] Level 1:colcon.colcon_core.package_identification:_identify(Processing/modes) by extension 'ignore_ament_install'
[0.254s] Level 1:colcon.colcon_core.package_identification:_identify(Processing/modes) by extensions ['colcon_pkg']
[0.254s] Level 1:colcon.colcon_core.package_identification:_identify(Processing/modes) by extension 'colcon_pkg'
[0.254s] Level 1:colcon.colcon_core.package_identification:_identify(Processing/modes) by extensions ['colcon_meta']
[0.254s] Level 1:colcon.colcon_core.package_identification:_identify(Processing/modes) by extension 'colcon_meta'
[0.254s] Level 1:colcon.colcon_core.package_identification:_identify(Processing/modes) by extensions ['ros']
[0.254s] Level 1:colcon.colcon_core.package_identification:_identify(Processing/modes) by extension 'ros'
[0.254s] Level 1:colcon.colcon_core.package_identification:_identify(Processing/modes) by extensions ['cmake', 'python']
[0.254s] Level 1:colcon.colcon_core.package_identification:_identify(Processing/modes) by extension 'cmake'
[0.254s] Level 1:colcon.colcon_core.package_identification:_identify(Processing/modes) by extension 'python'
[0.254s] Level 1:colcon.colcon_core.package_identification:_identify(Processing/modes) by extensions ['python_setup_py']
[0.254s] Level 1:colcon.colcon_core.package_identification:_identify(Processing/modes) by extension 'python_setup_py'
[0.254s] Level 1:colcon.colcon_core.package_identification:_identify(Processing/modes/PythonMode) by extensions ['ignore', 'ignore_ament_install']
[0.254s] Level 1:colcon.colcon_core.package_identification:_identify(Processing/modes/PythonMode) by extension 'ignore'
[0.254s] Level 1:colcon.colcon_core.package_identification:_identify(Processing/modes/PythonMode) by extension 'ignore_ament_install'
[0.254s] Level 1:colcon.colcon_core.package_identification:_identify(Processing/modes/PythonMode) by extensions ['colcon_pkg']
[0.254s] Level 1:colcon.colcon_core.package_identification:_identify(Processing/modes/PythonMode) by extension 'colcon_pkg'
[0.254s] Level 1:colcon.colcon_core.package_identification:_identify(Processing/modes/PythonMode) by extensions ['colcon_meta']
[0.254s] Level 1:colcon.colcon_core.package_identification:_identify(Processing/modes/PythonMode) by extension 'colcon_meta'
[0.254s] Level 1:colcon.colcon_core.package_identification:_identify(Processing/modes/PythonMode) by extensions ['ros']
[0.255s] Level 1:colcon.colcon_core.package_identification:_identify(Processing/modes/PythonMode) by extension 'ros'
[0.255s] Level 1:colcon.colcon_core.package_identification:_identify(Processing/modes/PythonMode) by extensions ['cmake', 'python']
[0.255s] Level 1:colcon.colcon_core.package_identification:_identify(Processing/modes/PythonMode) by extension 'cmake'
[0.255s] Level 1:colcon.colcon_core.package_identification:_identify(Processing/modes/PythonMode) by extension 'python'
[0.255s] Level 1:colcon.colcon_core.package_identification:_identify(Processing/modes/PythonMode) by extensions ['python_setup_py']
[0.255s] Level 1:colcon.colcon_core.package_identification:_identify(Processing/modes/PythonMode) by extension 'python_setup_py'
[0.255s] Level 1:colcon.colcon_core.package_identification:_identify(Processing/modes/PythonMode/mode) by extensions ['ignore', 'ignore_ament_install']
[0.255s] Level 1:colcon.colcon_core.package_identification:_identify(Processing/modes/PythonMode/mode) by extension 'ignore'
[0.255s] Level 1:colcon.colcon_core.package_identification:_identify(Processing/modes/PythonMode/mode) by extension 'ignore_ament_install'
[0.255s] Level 1:colcon.colcon_core.package_identification:_identify(Processing/modes/PythonMode/mode) by extensions ['colcon_pkg']
[0.255s] Level 1:colcon.colcon_core.package_identification:_identify(Processing/modes/PythonMode/mode) by extension 'colcon_pkg'
[0.255s] Level 1:colcon.colcon_core.package_identification:_identify(Processing/modes/PythonMode/mode) by extensions ['colcon_meta']
[0.255s] Level 1:colcon.colcon_core.package_identification:_identify(Processing/modes/PythonMode/mode) by extension 'colcon_meta'
[0.255s] Level 1:colcon.colcon_core.package_identification:_identify(Processing/modes/PythonMode/mode) by extensions ['ros']
[0.255s] Level 1:colcon.colcon_core.package_identification:_identify(Processing/modes/PythonMode/mode) by extension 'ros'
[0.255s] Level 1:colcon.colcon_core.package_identification:_identify(Processing/modes/PythonMode/mode) by extensions ['cmake', 'python']
[0.255s] Level 1:colcon.colcon_core.package_identification:_identify(Processing/modes/PythonMode/mode) by extension 'cmake'
[0.255s] Level 1:colcon.colcon_core.package_identification:_identify(Processing/modes/PythonMode/mode) by extension 'python'
[0.256s] Level 1:colcon.colcon_core.package_identification:_identify(Processing/modes/PythonMode/mode) by extensions ['python_setup_py']
[0.256s] Level 1:colcon.colcon_core.package_identification:_identify(Processing/modes/PythonMode/mode) by extension 'python_setup_py'
[0.256s] Level 1:colcon.colcon_core.package_identification:_identify(Processing/sketch_250705b) by extensions ['ignore', 'ignore_ament_install']
[0.256s] Level 1:colcon.colcon_core.package_identification:_identify(Processing/sketch_250705b) by extension 'ignore'
[0.256s] Level 1:colcon.colcon_core.package_identification:_identify(Processing/sketch_250705b) by extension 'ignore_ament_install'
[0.256s] Level 1:colcon.colcon_core.package_identification:_identify(Processing/sketch_250705b) by extensions ['colcon_pkg']
[0.256s] Level 1:colcon.colcon_core.package_identification:_identify(Processing/sketch_250705b) by extension 'colcon_pkg'
[0.256s] Level 1:colcon.colcon_core.package_identification:_identify(Processing/sketch_250705b) by extensions ['colcon_meta']
[0.256s] Level 1:colcon.colcon_core.package_identification:_identify(Processing/sketch_250705b) by extension 'colcon_meta'
[0.256s] Level 1:colcon.colcon_core.package_identification:_identify(Processing/sketch_250705b) by extensions ['ros']
[0.256s] Level 1:colcon.colcon_core.package_identification:_identify(Processing/sketch_250705b) by extension 'ros'
[0.256s] Level 1:colcon.colcon_core.package_identification:_identify(Processing/sketch_250705b) by extensions ['cmake', 'python']
[0.256s] Level 1:colcon.colcon_core.package_identification:_identify(Processing/sketch_250705b) by extension 'cmake'
[0.256s] Level 1:colcon.colcon_core.package_identification:_identify(Processing/sketch_250705b) by extension 'python'
[0.256s] Level 1:colcon.colcon_core.package_identification:_identify(Processing/sketch_250705b) by extensions ['python_setup_py']
[0.256s] Level 1:colcon.colcon_core.package_identification:_identify(Processing/sketch_250705b) by extension 'python_setup_py'
[0.256s] Level 1:colcon.colcon_core.package_identification:_identify(Processing/sketch_250709a) by extensions ['ignore', 'ignore_ament_install']
[0.256s] Level 1:colcon.colcon_core.package_identification:_identify(Processing/sketch_250709a) by extension 'ignore'
[0.256s] Level 1:colcon.colcon_core.package_identification:_identify(Processing/sketch_250709a) by extension 'ignore_ament_install'
[0.257s] Level 1:colcon.colcon_core.package_identification:_identify(Processing/sketch_250709a) by extensions ['colcon_pkg']
[0.257s] Level 1:colcon.colcon_core.package_identification:_identify(Processing/sketch_250709a) by extension 'colcon_pkg'
[0.257s] Level 1:colcon.colcon_core.package_identification:_identify(Processing/sketch_250709a) by extensions ['colcon_meta']
[0.257s] Level 1:colcon.colcon_core.package_identification:_identify(Processing/sketch_250709a) by extension 'colcon_meta'
[0.257s] Level 1:colcon.colcon_core.package_identification:_identify(Processing/sketch_250709a) by extensions ['ros']
[0.257s] Level 1:colcon.colcon_core.package_identification:_identify(Processing/sketch_250709a) by extension 'ros'
[0.257s] Level 1:colcon.colcon_core.package_identification:_identify(Processing/sketch_250709a) by extensions ['cmake', 'python']
[0.257s] Level 1:colcon.colcon_core.package_identification:_identify(Processing/sketch_250709a) by extension 'cmake'
[0.257s] Level 1:colcon.colcon_core.package_identification:_identify(Processing/sketch_250709a) by extension 'python'
[0.257s] Level 1:colcon.colcon_core.package_identification:_identify(Processing/sketch_250709a) by extensions ['python_setup_py']
[0.257s] Level 1:colcon.colcon_core.package_identification:_identify(Processing/sketch_250709a) by extension 'python_setup_py'
[0.257s] Level 1:colcon.colcon_core.package_identification:_identify(arduino-nano) by extensions ['ignore', 'ignore_ament_install']
[0.257s] Level 1:colcon.colcon_core.package_identification:_identify(arduino-nano) by extension 'ignore'
[0.257s] Level 1:colcon.colcon_core.package_identification:_identify(arduino-nano) by extension 'ignore_ament_install'
[0.257s] Level 1:colcon.colcon_core.package_identification:_identify(arduino-nano) by extensions ['colcon_pkg']
[0.257s] Level 1:colcon.colcon_core.package_identification:_identify(arduino-nano) by extension 'colcon_pkg'
[0.257s] Level 1:colcon.colcon_core.package_identification:_identify(arduino-nano) by extensions ['colcon_meta']
[0.257s] Level 1:colcon.colcon_core.package_identification:_identify(arduino-nano) by extension 'colcon_meta'
[0.257s] Level 1:colcon.colcon_core.package_identification:_identify(arduino-nano) by extensions ['ros']
[0.257s] Level 1:colcon.colcon_core.package_identification:_identify(arduino-nano) by extension 'ros'
[0.258s] Level 1:colcon.colcon_core.package_identification:_identify(arduino-nano) by extensions ['cmake', 'python']
[0.258s] Level 1:colcon.colcon_core.package_identification:_identify(arduino-nano) by extension 'cmake'
[0.258s] Level 1:colcon.colcon_core.package_identification:_identify(arduino-nano) by extension 'python'
[0.258s] Level 1:colcon.colcon_core.package_identification:_identify(arduino-nano) by extensions ['python_setup_py']
[0.258s] Level 1:colcon.colcon_core.package_identification:_identify(arduino-nano) by extension 'python_setup_py'
[0.258s] Level 1:colcon.colcon_core.package_identification:_identify(arduino-nano/ardnano-robot-slave) by extensions ['ignore', 'ignore_ament_install']
[0.258s] Level 1:colcon.colcon_core.package_identification:_identify(arduino-nano/ardnano-robot-slave) by extension 'ignore'
[0.258s] Level 1:colcon.colcon_core.package_identification:_identify(arduino-nano/ardnano-robot-slave) by extension 'ignore_ament_install'
[0.258s] Level 1:colcon.colcon_core.package_identification:_identify(arduino-nano/ardnano-robot-slave) by extensions ['colcon_pkg']
[0.258s] Level 1:colcon.colcon_core.package_identification:_identify(arduino-nano/ardnano-robot-slave) by extension 'colcon_pkg'
[0.258s] Level 1:colcon.colcon_core.package_identification:_identify(arduino-nano/ardnano-robot-slave) by extensions ['colcon_meta']
[0.258s] Level 1:colcon.colcon_core.package_identification:_identify(arduino-nano/ardnano-robot-slave) by extension 'colcon_meta'
[0.258s] Level 1:colcon.colcon_core.package_identification:_identify(arduino-nano/ardnano-robot-slave) by extensions ['ros']
[0.258s] Level 1:colcon.colcon_core.package_identification:_identify(arduino-nano/ardnano-robot-slave) by extension 'ros'
[0.258s] Level 1:colcon.colcon_core.package_identification:_identify(arduino-nano/ardnano-robot-slave) by extensions ['cmake', 'python']
[0.258s] Level 1:colcon.colcon_core.package_identification:_identify(arduino-nano/ardnano-robot-slave) by extension 'cmake'
[0.258s] Level 1:colcon.colcon_core.package_identification:_identify(arduino-nano/ardnano-robot-slave) by extension 'python'
[0.258s] Level 1:colcon.colcon_core.package_identification:_identify(arduino-nano/ardnano-robot-slave) by extensions ['python_setup_py']
[0.258s] Level 1:colcon.colcon_core.package_identification:_identify(arduino-nano/ardnano-robot-slave) by extension 'python_setup_py'
[0.258s] Level 1:colcon.colcon_core.package_identification:_identify(build) by extensions ['ignore', 'ignore_ament_install']
[0.259s] Level 1:colcon.colcon_core.package_identification:_identify(build) by extension 'ignore'
[0.259s] Level 1:colcon.colcon_core.package_identification:_identify(build) ignored
[0.259s] Level 1:colcon.colcon_core.package_identification:_identify(include-arduino) by extensions ['ignore', 'ignore_ament_install']
[0.259s] Level 1:colcon.colcon_core.package_identification:_identify(include-arduino) by extension 'ignore'
[0.259s] Level 1:colcon.colcon_core.package_identification:_identify(include-arduino) by extension 'ignore_ament_install'
[0.259s] Level 1:colcon.colcon_core.package_identification:_identify(include-arduino) by extensions ['colcon_pkg']
[0.259s] Level 1:colcon.colcon_core.package_identification:_identify(include-arduino) by extension 'colcon_pkg'
[0.259s] Level 1:colcon.colcon_core.package_identification:_identify(include-arduino) by extensions ['colcon_meta']
[0.259s] Level 1:colcon.colcon_core.package_identification:_identify(include-arduino) by extension 'colcon_meta'
[0.259s] Level 1:colcon.colcon_core.package_identification:_identify(include-arduino) by extensions ['ros']
[0.259s] Level 1:colcon.colcon_core.package_identification:_identify(include-arduino) by extension 'ros'
[0.259s] Level 1:colcon.colcon_core.package_identification:_identify(include-arduino) by extensions ['cmake', 'python']
[0.259s] Level 1:colcon.colcon_core.package_identification:_identify(include-arduino) by extension 'cmake'
[0.259s] Level 1:colcon.colcon_core.package_identification:_identify(include-arduino) by extension 'python'
[0.259s] Level 1:colcon.colcon_core.package_identification:_identify(include-arduino) by extensions ['python_setup_py']
[0.259s] Level 1:colcon.colcon_core.package_identification:_identify(include-arduino) by extension 'python_setup_py'
[0.259s] Level 1:colcon.colcon_core.package_identification:_identify(install) by extensions ['ignore', 'ignore_ament_install']
[0.259s] Level 1:colcon.colcon_core.package_identification:_identify(install) by extension 'ignore'
[0.260s] Level 1:colcon.colcon_core.package_identification:_identify(install) ignored
[0.260s] Level 1:colcon.colcon_core.package_identification:_identify(log) by extensions ['ignore', 'ignore_ament_install']
[0.260s] Level 1:colcon.colcon_core.package_identification:_identify(log) by extension 'ignore'
[0.260s] Level 1:colcon.colcon_core.package_identification:_identify(log) ignored
[0.260s] Level 1:colcon.colcon_core.package_identification:_identify(pi5_pkg) by extensions ['ignore', 'ignore_ament_install']
[0.260s] Level 1:colcon.colcon_core.package_identification:_identify(pi5_pkg) by extension 'ignore'
[0.260s] Level 1:colcon.colcon_core.package_identification:_identify(pi5_pkg) by extension 'ignore_ament_install'
[0.260s] Level 1:colcon.colcon_core.package_identification:_identify(pi5_pkg) by extensions ['colcon_pkg']
[0.260s] Level 1:colcon.colcon_core.package_identification:_identify(pi5_pkg) by extension 'colcon_pkg'
[0.260s] Level 1:colcon.colcon_core.package_identification:_identify(pi5_pkg) by extensions ['colcon_meta']
[0.260s] Level 1:colcon.colcon_core.package_identification:_identify(pi5_pkg) by extension 'colcon_meta'
[0.260s] Level 1:colcon.colcon_core.package_identification:_identify(pi5_pkg) by extensions ['ros']
[0.260s] Level 1:colcon.colcon_core.package_identification:_identify(pi5_pkg) by extension 'ros'
[0.260s] Level 1:colcon.colcon_core.package_identification:_identify(pi5_pkg) by extensions ['cmake', 'python']
[0.260s] Level 1:colcon.colcon_core.package_identification:_identify(pi5_pkg) by extension 'cmake'
[0.260s] Level 1:colcon.colcon_core.package_identification:_identify(pi5_pkg) by extension 'python'
[0.260s] Level 1:colcon.colcon_core.package_identification:_identify(pi5_pkg) by extensions ['python_setup_py']
[0.260s] Level 1:colcon.colcon_core.package_identification:_identify(pi5_pkg) by extension 'python_setup_py'
[0.261s] Level 1:colcon.colcon_core.package_identification:_identify(pi5_pkg/archive) by extensions ['ignore', 'ignore_ament_install']
[0.261s] Level 1:colcon.colcon_core.package_identification:_identify(pi5_pkg/archive) by extension 'ignore'
[0.261s] Level 1:colcon.colcon_core.package_identification:_identify(pi5_pkg/archive) by extension 'ignore_ament_install'
[0.261s] Level 1:colcon.colcon_core.package_identification:_identify(pi5_pkg/archive) by extensions ['colcon_pkg']
[0.261s] Level 1:colcon.colcon_core.package_identification:_identify(pi5_pkg/archive) by extension 'colcon_pkg'
[0.261s] Level 1:colcon.colcon_core.package_identification:_identify(pi5_pkg/archive) by extensions ['colcon_meta']
[0.261s] Level 1:colcon.colcon_core.package_identification:_identify(pi5_pkg/archive) by extension 'colcon_meta'
[0.261s] Level 1:colcon.colcon_core.package_identification:_identify(pi5_pkg/archive) by extensions ['ros']
[0.261s] Level 1:colcon.colcon_core.package_identification:_identify(pi5_pkg/archive) by extension 'ros'
[0.261s] Level 1:colcon.colcon_core.package_identification:_identify(pi5_pkg/archive) by extensions ['cmake', 'python']
[0.261s] Level 1:colcon.colcon_core.package_identification:_identify(pi5_pkg/archive) by extension 'cmake'
[0.261s] Level 1:colcon.colcon_core.package_identification:_identify(pi5_pkg/archive) by extension 'python'
[0.261s] Level 1:colcon.colcon_core.package_identification:_identify(pi5_pkg/archive) by extensions ['python_setup_py']
[0.261s] Level 1:colcon.colcon_core.package_identification:_identify(pi5_pkg/archive) by extension 'python_setup_py'
[0.261s] Level 1:colcon.colcon_core.package_identification:_identify(pi5_pkg/archive/data_fusion_node) by extensions ['ignore', 'ignore_ament_install']
[0.261s] Level 1:colcon.colcon_core.package_identification:_identify(pi5_pkg/archive/data_fusion_node) by extension 'ignore'
[0.261s] Level 1:colcon.colcon_core.package_identification:_identify(pi5_pkg/archive/data_fusion_node) by extension 'ignore_ament_install'
[0.261s] Level 1:colcon.colcon_core.package_identification:_identify(pi5_pkg/archive/data_fusion_node) by extensions ['colcon_pkg']
[0.261s] Level 1:colcon.colcon_core.package_identification:_identify(pi5_pkg/archive/data_fusion_node) by extension 'colcon_pkg'
[0.261s] Level 1:colcon.colcon_core.package_identification:_identify(pi5_pkg/archive/data_fusion_node) by extensions ['colcon_meta']
[0.261s] Level 1:colcon.colcon_core.package_identification:_identify(pi5_pkg/archive/data_fusion_node) by extension 'colcon_meta'
[0.262s] Level 1:colcon.colcon_core.package_identification:_identify(pi5_pkg/archive/data_fusion_node) by extensions ['ros']
[0.262s] Level 1:colcon.colcon_core.package_identification:_identify(pi5_pkg/archive/data_fusion_node) by extension 'ros'
[0.262s] Level 1:colcon.colcon_core.package_identification:_identify(pi5_pkg/archive/data_fusion_node) by extensions ['cmake', 'python']
[0.262s] Level 1:colcon.colcon_core.package_identification:_identify(pi5_pkg/archive/data_fusion_node) by extension 'cmake'
[0.262s] Level 1:colcon.colcon_core.package_identification:_identify(pi5_pkg/archive/data_fusion_node) by extension 'python'
[0.262s] Level 1:colcon.colcon_core.package_identification:_identify(pi5_pkg/archive/data_fusion_node) by extensions ['python_setup_py']
[0.262s] Level 1:colcon.colcon_core.package_identification:_identify(pi5_pkg/archive/data_fusion_node) by extension 'python_setup_py'
[0.262s] Level 1:colcon.colcon_core.package_identification:_identify(pi5_pkg/archive/navigation_node) by extensions ['ignore', 'ignore_ament_install']
[0.262s] Level 1:colcon.colcon_core.package_identification:_identify(pi5_pkg/archive/navigation_node) by extension 'ignore'
[0.262s] Level 1:colcon.colcon_core.package_identification:_identify(pi5_pkg/archive/navigation_node) by extension 'ignore_ament_install'
[0.262s] Level 1:colcon.colcon_core.package_identification:_identify(pi5_pkg/archive/navigation_node) by extensions ['colcon_pkg']
[0.262s] Level 1:colcon.colcon_core.package_identification:_identify(pi5_pkg/archive/navigation_node) by extension 'colcon_pkg'
[0.262s] Level 1:colcon.colcon_core.package_identification:_identify(pi5_pkg/archive/navigation_node) by extensions ['colcon_meta']
[0.262s] Level 1:colcon.colcon_core.package_identification:_identify(pi5_pkg/archive/navigation_node) by extension 'colcon_meta'
[0.262s] Level 1:colcon.colcon_core.package_identification:_identify(pi5_pkg/archive/navigation_node) by extensions ['ros']
[0.262s] Level 1:colcon.colcon_core.package_identification:_identify(pi5_pkg/archive/navigation_node) by extension 'ros'
[0.262s] Level 1:colcon.colcon_core.package_identification:_identify(pi5_pkg/archive/navigation_node) by extensions ['cmake', 'python']
[0.262s] Level 1:colcon.colcon_core.package_identification:_identify(pi5_pkg/archive/navigation_node) by extension 'cmake'
[0.262s] Level 1:colcon.colcon_core.package_identification:_identify(pi5_pkg/archive/navigation_node) by extension 'python'
[0.262s] Level 1:colcon.colcon_core.package_identification:_identify(pi5_pkg/archive/navigation_node) by extensions ['python_setup_py']
[0.262s] Level 1:colcon.colcon_core.package_identification:_identify(pi5_pkg/archive/navigation_node) by extension 'python_setup_py'
[0.263s] Level 1:colcon.colcon_core.package_identification:_identify(pi5_pkg/archive/pi_camera_node0) by extensions ['ignore', 'ignore_ament_install']
[0.263s] Level 1:colcon.colcon_core.package_identification:_identify(pi5_pkg/archive/pi_camera_node0) by extension 'ignore'
[0.263s] Level 1:colcon.colcon_core.package_identification:_identify(pi5_pkg/archive/pi_camera_node0) by extension 'ignore_ament_install'
[0.263s] Level 1:colcon.colcon_core.package_identification:_identify(pi5_pkg/archive/pi_camera_node0) by extensions ['colcon_pkg']
[0.263s] Level 1:colcon.colcon_core.package_identification:_identify(pi5_pkg/archive/pi_camera_node0) by extension 'colcon_pkg'
[0.263s] Level 1:colcon.colcon_core.package_identification:_identify(pi5_pkg/archive/pi_camera_node0) by extensions ['colcon_meta']
[0.263s] Level 1:colcon.colcon_core.package_identification:_identify(pi5_pkg/archive/pi_camera_node0) by extension 'colcon_meta'
[0.263s] Level 1:colcon.colcon_core.package_identification:_identify(pi5_pkg/archive/pi_camera_node0) by extensions ['ros']
[0.263s] Level 1:colcon.colcon_core.package_identification:_identify(pi5_pkg/archive/pi_camera_node0) by extension 'ros'
[0.263s] Level 1:colcon.colcon_core.package_identification:_identify(pi5_pkg/archive/pi_camera_node0) by extensions ['cmake', 'python']
[0.263s] Level 1:colcon.colcon_core.package_identification:_identify(pi5_pkg/archive/pi_camera_node0) by extension 'cmake'
[0.263s] Level 1:colcon.colcon_core.package_identification:_identify(pi5_pkg/archive/pi_camera_node0) by extension 'python'
[0.263s] Level 1:colcon.colcon_core.package_identification:_identify(pi5_pkg/archive/pi_camera_node0) by extensions ['python_setup_py']
[0.263s] Level 1:colcon.colcon_core.package_identification:_identify(pi5_pkg/archive/pi_camera_node0) by extension 'python_setup_py'
[0.263s] Level 1:colcon.colcon_core.package_identification:_identify(pi5_pkg/archive/pico_control_node0) by extensions ['ignore', 'ignore_ament_install']
[0.263s] Level 1:colcon.colcon_core.package_identification:_identify(pi5_pkg/archive/pico_control_node0) by extension 'ignore'
[0.263s] Level 1:colcon.colcon_core.package_identification:_identify(pi5_pkg/archive/pico_control_node0) by extension 'ignore_ament_install'
[0.263s] Level 1:colcon.colcon_core.package_identification:_identify(pi5_pkg/archive/pico_control_node0) by extensions ['colcon_pkg']
[0.263s] Level 1:colcon.colcon_core.package_identification:_identify(pi5_pkg/archive/pico_control_node0) by extension 'colcon_pkg'
[0.263s] Level 1:colcon.colcon_core.package_identification:_identify(pi5_pkg/archive/pico_control_node0) by extensions ['colcon_meta']
[0.263s] Level 1:colcon.colcon_core.package_identification:_identify(pi5_pkg/archive/pico_control_node0) by extension 'colcon_meta'
[0.264s] Level 1:colcon.colcon_core.package_identification:_identify(pi5_pkg/archive/pico_control_node0) by extensions ['ros']
[0.264s] Level 1:colcon.colcon_core.package_identification:_identify(pi5_pkg/archive/pico_control_node0) by extension 'ros'
[0.264s] Level 1:colcon.colcon_core.package_identification:_identify(pi5_pkg/archive/pico_control_node0) by extensions ['cmake', 'python']
[0.264s] Level 1:colcon.colcon_core.package_identification:_identify(pi5_pkg/archive/pico_control_node0) by extension 'cmake'
[0.264s] Level 1:colcon.colcon_core.package_identification:_identify(pi5_pkg/archive/pico_control_node0) by extension 'python'
[0.264s] Level 1:colcon.colcon_core.package_identification:_identify(pi5_pkg/archive/pico_control_node0) by extensions ['python_setup_py']
[0.264s] Level 1:colcon.colcon_core.package_identification:_identify(pi5_pkg/archive/pico_control_node0) by extension 'python_setup_py'
[0.264s] Level 1:colcon.colcon_core.package_identification:_identify(pi5_pkg/archive/pico_sensors_node0) by extensions ['ignore', 'ignore_ament_install']
[0.264s] Level 1:colcon.colcon_core.package_identification:_identify(pi5_pkg/archive/pico_sensors_node0) by extension 'ignore'
[0.264s] Level 1:colcon.colcon_core.package_identification:_identify(pi5_pkg/archive/pico_sensors_node0) by extension 'ignore_ament_install'
[0.264s] Level 1:colcon.colcon_core.package_identification:_identify(pi5_pkg/archive/pico_sensors_node0) by extensions ['colcon_pkg']
[0.264s] Level 1:colcon.colcon_core.package_identification:_identify(pi5_pkg/archive/pico_sensors_node0) by extension 'colcon_pkg'
[0.264s] Level 1:colcon.colcon_core.package_identification:_identify(pi5_pkg/archive/pico_sensors_node0) by extensions ['colcon_meta']
[0.264s] Level 1:colcon.colcon_core.package_identification:_identify(pi5_pkg/archive/pico_sensors_node0) by extension 'colcon_meta'
[0.264s] Level 1:colcon.colcon_core.package_identification:_identify(pi5_pkg/archive/pico_sensors_node0) by extensions ['ros']
[0.264s] Level 1:colcon.colcon_core.package_identification:_identify(pi5_pkg/archive/pico_sensors_node0) by extension 'ros'
[0.264s] Level 1:colcon.colcon_core.package_identification:_identify(pi5_pkg/archive/pico_sensors_node0) by extensions ['cmake', 'python']
[0.264s] Level 1:colcon.colcon_core.package_identification:_identify(pi5_pkg/archive/pico_sensors_node0) by extension 'cmake'
[0.264s] Level 1:colcon.colcon_core.package_identification:_identify(pi5_pkg/archive/pico_sensors_node0) by extension 'python'
[0.264s] Level 1:colcon.colcon_core.package_identification:_identify(pi5_pkg/archive/pico_sensors_node0) by extensions ['python_setup_py']
[0.264s] Level 1:colcon.colcon_core.package_identification:_identify(pi5_pkg/archive/pico_sensors_node0) by extension 'python_setup_py'
[0.265s] Level 1:colcon.colcon_core.package_identification:_identify(pi5_pkg/archive/web_server_node0) by extensions ['ignore', 'ignore_ament_install']
[0.265s] Level 1:colcon.colcon_core.package_identification:_identify(pi5_pkg/archive/web_server_node0) by extension 'ignore'
[0.265s] Level 1:colcon.colcon_core.package_identification:_identify(pi5_pkg/archive/web_server_node0) by extension 'ignore_ament_install'
[0.265s] Level 1:colcon.colcon_core.package_identification:_identify(pi5_pkg/archive/web_server_node0) by extensions ['colcon_pkg']
[0.265s] Level 1:colcon.colcon_core.package_identification:_identify(pi5_pkg/archive/web_server_node0) by extension 'colcon_pkg'
[0.265s] Level 1:colcon.colcon_core.package_identification:_identify(pi5_pkg/archive/web_server_node0) by extensions ['colcon_meta']
[0.265s] Level 1:colcon.colcon_core.package_identification:_identify(pi5_pkg/archive/web_server_node0) by extension 'colcon_meta'
[0.265s] Level 1:colcon.colcon_core.package_identification:_identify(pi5_pkg/archive/web_server_node0) by extensions ['ros']
[0.265s] Level 1:colcon.colcon_core.package_identification:_identify(pi5_pkg/archive/web_server_node0) by extension 'ros'
[0.265s] Level 1:colcon.colcon_core.package_identification:_identify(pi5_pkg/archive/web_server_node0) by extensions ['cmake', 'python']
[0.265s] Level 1:colcon.colcon_core.package_identification:_identify(pi5_pkg/archive/web_server_node0) by extension 'cmake'
[0.265s] Level 1:colcon.colcon_core.package_identification:_identify(pi5_pkg/archive/web_server_node0) by extension 'python'
[0.265s] Level 1:colcon.colcon_core.package_identification:_identify(pi5_pkg/archive/web_server_node0) by extensions ['python_setup_py']
[0.265s] Level 1:colcon.colcon_core.package_identification:_identify(pi5_pkg/archive/web_server_node0) by extension 'python_setup_py'
[0.265s] Level 1:colcon.colcon_core.package_identification:_identify(pi5_pkg/build) by extensions ['ignore', 'ignore_ament_install']
[0.265s] Level 1:colcon.colcon_core.package_identification:_identify(pi5_pkg/build) by extension 'ignore'
[0.265s] Level 1:colcon.colcon_core.package_identification:_identify(pi5_pkg/build) ignored
[0.265s] Level 1:colcon.colcon_core.package_identification:_identify(pi5_pkg/install) by extensions ['ignore', 'ignore_ament_install']
[0.266s] Level 1:colcon.colcon_core.package_identification:_identify(pi5_pkg/install) by extension 'ignore'
[0.266s] Level 1:colcon.colcon_core.package_identification:_identify(pi5_pkg/install) ignored
[0.266s] Level 1:colcon.colcon_core.package_identification:_identify(pi5_pkg/launch) by extensions ['ignore', 'ignore_ament_install']
[0.266s] Level 1:colcon.colcon_core.package_identification:_identify(pi5_pkg/launch) by extension 'ignore'
[0.266s] Level 1:colcon.colcon_core.package_identification:_identify(pi5_pkg/launch) by extension 'ignore_ament_install'
[0.266s] Level 1:colcon.colcon_core.package_identification:_identify(pi5_pkg/launch) by extensions ['colcon_pkg']
[0.266s] Level 1:colcon.colcon_core.package_identification:_identify(pi5_pkg/launch) by extension 'colcon_pkg'
[0.266s] Level 1:colcon.colcon_core.package_identification:_identify(pi5_pkg/launch) by extensions ['colcon_meta']
[0.266s] Level 1:colcon.colcon_core.package_identification:_identify(pi5_pkg/launch) by extension 'colcon_meta'
[0.266s] Level 1:colcon.colcon_core.package_identification:_identify(pi5_pkg/launch) by extensions ['ros']
[0.266s] Level 1:colcon.colcon_core.package_identification:_identify(pi5_pkg/launch) by extension 'ros'
[0.266s] Level 1:colcon.colcon_core.package_identification:_identify(pi5_pkg/launch) by extensions ['cmake', 'python']
[0.266s] Level 1:colcon.colcon_core.package_identification:_identify(pi5_pkg/launch) by extension 'cmake'
[0.266s] Level 1:colcon.colcon_core.package_identification:_identify(pi5_pkg/launch) by extension 'python'
[0.266s] Level 1:colcon.colcon_core.package_identification:_identify(pi5_pkg/launch) by extensions ['python_setup_py']
[0.266s] Level 1:colcon.colcon_core.package_identification:_identify(pi5_pkg/launch) by extension 'python_setup_py'
[0.266s] Level 1:colcon.colcon_core.package_identification:_identify(pi5_pkg/log) by extensions ['ignore', 'ignore_ament_install']
[0.266s] Level 1:colcon.colcon_core.package_identification:_identify(pi5_pkg/log) by extension 'ignore'
[0.266s] Level 1:colcon.colcon_core.package_identification:_identify(pi5_pkg/log) ignored
[0.266s] Level 1:colcon.colcon_core.package_identification:_identify(pi5_pkg/pi_camera_node) by extensions ['ignore', 'ignore_ament_install']
[0.267s] Level 1:colcon.colcon_core.package_identification:_identify(pi5_pkg/pi_camera_node) by extension 'ignore'
[0.267s] Level 1:colcon.colcon_core.package_identification:_identify(pi5_pkg/pi_camera_node) by extension 'ignore_ament_install'
[0.267s] Level 1:colcon.colcon_core.package_identification:_identify(pi5_pkg/pi_camera_node) by extensions ['colcon_pkg']
[0.267s] Level 1:colcon.colcon_core.package_identification:_identify(pi5_pkg/pi_camera_node) by extension 'colcon_pkg'
[0.267s] Level 1:colcon.colcon_core.package_identification:_identify(pi5_pkg/pi_camera_node) by extensions ['colcon_meta']
[0.267s] Level 1:colcon.colcon_core.package_identification:_identify(pi5_pkg/pi_camera_node) by extension 'colcon_meta'
[0.267s] Level 1:colcon.colcon_core.package_identification:_identify(pi5_pkg/pi_camera_node) by extensions ['ros']
[0.267s] Level 1:colcon.colcon_core.package_identification:_identify(pi5_pkg/pi_camera_node) by extension 'ros'
[0.270s] DEBUG:colcon.colcon_core.package_identification:Package 'pi5_pkg/pi_camera_node' with type 'ros.ament_python' and name 'pi_camera_node'
[0.270s] Level 1:colcon.colcon_core.package_identification:_identify(pi5_pkg/pico_control_node) by extensions ['ignore', 'ignore_ament_install']
[0.270s] Level 1:colcon.colcon_core.package_identification:_identify(pi5_pkg/pico_control_node) by extension 'ignore'
[0.270s] Level 1:colcon.colcon_core.package_identification:_identify(pi5_pkg/pico_control_node) by extension 'ignore_ament_install'
[0.270s] Level 1:colcon.colcon_core.package_identification:_identify(pi5_pkg/pico_control_node) by extensions ['colcon_pkg']
[0.270s] Level 1:colcon.colcon_core.package_identification:_identify(pi5_pkg/pico_control_node) by extension 'colcon_pkg'
[0.270s] Level 1:colcon.colcon_core.package_identification:_identify(pi5_pkg/pico_control_node) by extensions ['colcon_meta']
[0.270s] Level 1:colcon.colcon_core.package_identification:_identify(pi5_pkg/pico_control_node) by extension 'colcon_meta'
[0.270s] Level 1:colcon.colcon_core.package_identification:_identify(pi5_pkg/pico_control_node) by extensions ['ros']
[0.271s] Level 1:colcon.colcon_core.package_identification:_identify(pi5_pkg/pico_control_node) by extension 'ros'
[0.271s] DEBUG:colcon.colcon_core.package_identification:Package 'pi5_pkg/pico_control_node' with type 'ros.ament_python' and name 'pico_control_node'
[0.271s] Level 1:colcon.colcon_core.package_identification:_identify(pi5_pkg/pico_sensors_node) by extensions ['ignore', 'ignore_ament_install']
[0.271s] Level 1:colcon.colcon_core.package_identification:_identify(pi5_pkg/pico_sensors_node) by extension 'ignore'
[0.271s] Level 1:colcon.colcon_core.package_identification:_identify(pi5_pkg/pico_sensors_node) by extension 'ignore_ament_install'
[0.271s] Level 1:colcon.colcon_core.package_identification:_identify(pi5_pkg/pico_sensors_node) by extensions ['colcon_pkg']
[0.271s] Level 1:colcon.colcon_core.package_identification:_identify(pi5_pkg/pico_sensors_node) by extension 'colcon_pkg'
[0.272s] Level 1:colcon.colcon_core.package_identification:_identify(pi5_pkg/pico_sensors_node) by extensions ['colcon_meta']
[0.272s] Level 1:colcon.colcon_core.package_identification:_identify(pi5_pkg/pico_sensors_node) by extension 'colcon_meta'
[0.272s] Level 1:colcon.colcon_core.package_identification:_identify(pi5_pkg/pico_sensors_node) by extensions ['ros']
[0.272s] Level 1:colcon.colcon_core.package_identification:_identify(pi5_pkg/pico_sensors_node) by extension 'ros'
[0.272s] DEBUG:colcon.colcon_core.package_identification:Package 'pi5_pkg/pico_sensors_node' with type 'ros.ament_python' and name 'pico_sensors_node'
[0.272s] Level 1:colcon.colcon_core.package_identification:_identify(pi5_pkg/smolvla_node) by extensions ['ignore', 'ignore_ament_install']
[0.272s] Level 1:colcon.colcon_core.package_identification:_identify(pi5_pkg/smolvla_node) by extension 'ignore'
[0.272s] Level 1:colcon.colcon_core.package_identification:_identify(pi5_pkg/smolvla_node) by extension 'ignore_ament_install'
[0.272s] Level 1:colcon.colcon_core.package_identification:_identify(pi5_pkg/smolvla_node) by extensions ['colcon_pkg']
[0.272s] Level 1:colcon.colcon_core.package_identification:_identify(pi5_pkg/smolvla_node) by extension 'colcon_pkg'
[0.273s] Level 1:colcon.colcon_core.package_identification:_identify(pi5_pkg/smolvla_node) by extensions ['colcon_meta']
[0.273s] Level 1:colcon.colcon_core.package_identification:_identify(pi5_pkg/smolvla_node) by extension 'colcon_meta'
[0.273s] Level 1:colcon.colcon_core.package_identification:_identify(pi5_pkg/smolvla_node) by extensions ['ros']
[0.273s] Level 1:colcon.colcon_core.package_identification:_identify(pi5_pkg/smolvla_node) by extension 'ros'
[0.273s] DEBUG:colcon.colcon_core.package_identification:Package 'pi5_pkg/smolvla_node' with type 'ros.ament_python' and name 'smolvla_node'
[0.273s] Level 1:colcon.colcon_core.package_identification:_identify(pi5_pkg/webserver_node) by extensions ['ignore', 'ignore_ament_install']
[0.273s] Level 1:colcon.colcon_core.package_identification:_identify(pi5_pkg/webserver_node) by extension 'ignore'
[0.273s] Level 1:colcon.colcon_core.package_identification:_identify(pi5_pkg/webserver_node) by extension 'ignore_ament_install'
[0.274s] Level 1:colcon.colcon_core.package_identification:_identify(pi5_pkg/webserver_node) by extensions ['colcon_pkg']
[0.274s] Level 1:colcon.colcon_core.package_identification:_identify(pi5_pkg/webserver_node) by extension 'colcon_pkg'
[0.274s] Level 1:colcon.colcon_core.package_identification:_identify(pi5_pkg/webserver_node) by extensions ['colcon_meta']
[0.274s] Level 1:colcon.colcon_core.package_identification:_identify(pi5_pkg/webserver_node) by extension 'colcon_meta'
[0.274s] Level 1:colcon.colcon_core.package_identification:_identify(pi5_pkg/webserver_node) by extensions ['ros']
[0.274s] Level 1:colcon.colcon_core.package_identification:_identify(pi5_pkg/webserver_node) by extension 'ros'
[0.274s] DEBUG:colcon.colcon_core.package_identification:Package 'pi5_pkg/webserver_node' with type 'ros.ament_python' and name 'webserver_node'
[0.274s] Level 1:colcon.colcon_core.package_identification:_identify(picoW) by extensions ['ignore', 'ignore_ament_install']
[0.274s] Level 1:colcon.colcon_core.package_identification:_identify(picoW) by extension 'ignore'
[0.274s] Level 1:colcon.colcon_core.package_identification:_identify(picoW) by extension 'ignore_ament_install'
[0.274s] Level 1:colcon.colcon_core.package_identification:_identify(picoW) by extensions ['colcon_pkg']
[0.274s] Level 1:colcon.colcon_core.package_identification:_identify(picoW) by extension 'colcon_pkg'
[0.275s] Level 1:colcon.colcon_core.package_identification:_identify(picoW) by extensions ['colcon_meta']
[0.275s] Level 1:colcon.colcon_core.package_identification:_identify(picoW) by extension 'colcon_meta'
[0.275s] Level 1:colcon.colcon_core.package_identification:_identify(picoW) by extensions ['ros']
[0.275s] Level 1:colcon.colcon_core.package_identification:_identify(picoW) by extension 'ros'
[0.275s] Level 1:colcon.colcon_core.package_identification:_identify(picoW) by extensions ['cmake', 'python']
[0.275s] Level 1:colcon.colcon_core.package_identification:_identify(picoW) by extension 'cmake'
[0.275s] Level 1:colcon.colcon_core.package_identification:_identify(picoW) by extension 'python'
[0.275s] Level 1:colcon.colcon_core.package_identification:_identify(picoW) by extensions ['python_setup_py']
[0.275s] Level 1:colcon.colcon_core.package_identification:_identify(picoW) by extension 'python_setup_py'
[0.275s] Level 1:colcon.colcon_core.package_identification:_identify(picoW/pico-PlatformIO) by extensions ['ignore', 'ignore_ament_install']
[0.275s] Level 1:colcon.colcon_core.package_identification:_identify(picoW/pico-PlatformIO) by extension 'ignore'
[0.275s] Level 1:colcon.colcon_core.package_identification:_identify(picoW/pico-PlatformIO) by extension 'ignore_ament_install'
[0.275s] Level 1:colcon.colcon_core.package_identification:_identify(picoW/pico-PlatformIO) by extensions ['colcon_pkg']
[0.275s] Level 1:colcon.colcon_core.package_identification:_identify(picoW/pico-PlatformIO) by extension 'colcon_pkg'
[0.275s] Level 1:colcon.colcon_core.package_identification:_identify(picoW/pico-PlatformIO) by extensions ['colcon_meta']
[0.275s] Level 1:colcon.colcon_core.package_identification:_identify(picoW/pico-PlatformIO) by extension 'colcon_meta'
[0.275s] Level 1:colcon.colcon_core.package_identification:_identify(picoW/pico-PlatformIO) by extensions ['ros']
[0.275s] Level 1:colcon.colcon_core.package_identification:_identify(picoW/pico-PlatformIO) by extension 'ros'
[0.275s] Level 1:colcon.colcon_core.package_identification:_identify(picoW/pico-PlatformIO) by extensions ['cmake', 'python']
[0.275s] Level 1:colcon.colcon_core.package_identification:_identify(picoW/pico-PlatformIO) by extension 'cmake'
[0.276s] Level 1:colcon.colcon_core.package_identification:_identify(picoW/pico-PlatformIO) by extension 'python'
[0.276s] Level 1:colcon.colcon_core.package_identification:_identify(picoW/pico-PlatformIO) by extensions ['python_setup_py']
[0.276s] Level 1:colcon.colcon_core.package_identification:_identify(picoW/pico-PlatformIO) by extension 'python_setup_py'
[0.276s] Level 1:colcon.colcon_core.package_identification:_identify(picoW/pico-PlatformIO/include) by extensions ['ignore', 'ignore_ament_install']
[0.276s] Level 1:colcon.colcon_core.package_identification:_identify(picoW/pico-PlatformIO/include) by extension 'ignore'
[0.276s] Level 1:colcon.colcon_core.package_identification:_identify(picoW/pico-PlatformIO/include) by extension 'ignore_ament_install'
[0.276s] Level 1:colcon.colcon_core.package_identification:_identify(picoW/pico-PlatformIO/include) by extensions ['colcon_pkg']
[0.276s] Level 1:colcon.colcon_core.package_identification:_identify(picoW/pico-PlatformIO/include) by extension 'colcon_pkg'
[0.276s] Level 1:colcon.colcon_core.package_identification:_identify(picoW/pico-PlatformIO/include) by extensions ['colcon_meta']
[0.276s] Level 1:colcon.colcon_core.package_identification:_identify(picoW/pico-PlatformIO/include) by extension 'colcon_meta'
[0.276s] Level 1:colcon.colcon_core.package_identification:_identify(picoW/pico-PlatformIO/include) by extensions ['ros']
[0.276s] Level 1:colcon.colcon_core.package_identification:_identify(picoW/pico-PlatformIO/include) by extension 'ros'
[0.276s] Level 1:colcon.colcon_core.package_identification:_identify(picoW/pico-PlatformIO/include) by extensions ['cmake', 'python']
[0.276s] Level 1:colcon.colcon_core.package_identification:_identify(picoW/pico-PlatformIO/include) by extension 'cmake'
[0.276s] Level 1:colcon.colcon_core.package_identification:_identify(picoW/pico-PlatformIO/include) by extension 'python'
[0.276s] Level 1:colcon.colcon_core.package_identification:_identify(picoW/pico-PlatformIO/include) by extensions ['python_setup_py']
[0.276s] Level 1:colcon.colcon_core.package_identification:_identify(picoW/pico-PlatformIO/include) by extension 'python_setup_py'
[0.276s] Level 1:colcon.colcon_core.package_identification:_identify(picoW/pico-PlatformIO/lib) by extensions ['ignore', 'ignore_ament_install']
[0.276s] Level 1:colcon.colcon_core.package_identification:_identify(picoW/pico-PlatformIO/lib) by extension 'ignore'
[0.277s] Level 1:colcon.colcon_core.package_identification:_identify(picoW/pico-PlatformIO/lib) by extension 'ignore_ament_install'
[0.277s] Level 1:colcon.colcon_core.package_identification:_identify(picoW/pico-PlatformIO/lib) by extensions ['colcon_pkg']
[0.277s] Level 1:colcon.colcon_core.package_identification:_identify(picoW/pico-PlatformIO/lib) by extension 'colcon_pkg'
[0.277s] Level 1:colcon.colcon_core.package_identification:_identify(picoW/pico-PlatformIO/lib) by extensions ['colcon_meta']
[0.277s] Level 1:colcon.colcon_core.package_identification:_identify(picoW/pico-PlatformIO/lib) by extension 'colcon_meta'
[0.277s] Level 1:colcon.colcon_core.package_identification:_identify(picoW/pico-PlatformIO/lib) by extensions ['ros']
[0.277s] Level 1:colcon.colcon_core.package_identification:_identify(picoW/pico-PlatformIO/lib) by extension 'ros'
[0.277s] Level 1:colcon.colcon_core.package_identification:_identify(picoW/pico-PlatformIO/lib) by extensions ['cmake', 'python']
[0.277s] Level 1:colcon.colcon_core.package_identification:_identify(picoW/pico-PlatformIO/lib) by extension 'cmake'
[0.277s] Level 1:colcon.colcon_core.package_identification:_identify(picoW/pico-PlatformIO/lib) by extension 'python'
[0.277s] Level 1:colcon.colcon_core.package_identification:_identify(picoW/pico-PlatformIO/lib) by extensions ['python_setup_py']
[0.277s] Level 1:colcon.colcon_core.package_identification:_identify(picoW/pico-PlatformIO/lib) by extension 'python_setup_py'
[0.277s] Level 1:colcon.colcon_core.package_identification:_identify(picoW/pico-PlatformIO/src) by extensions ['ignore', 'ignore_ament_install']
[0.277s] Level 1:colcon.colcon_core.package_identification:_identify(picoW/pico-PlatformIO/src) by extension 'ignore'
[0.277s] Level 1:colcon.colcon_core.package_identification:_identify(picoW/pico-PlatformIO/src) by extension 'ignore_ament_install'
[0.277s] Level 1:colcon.colcon_core.package_identification:_identify(picoW/pico-PlatformIO/src) by extensions ['colcon_pkg']
[0.277s] Level 1:colcon.colcon_core.package_identification:_identify(picoW/pico-PlatformIO/src) by extension 'colcon_pkg'
[0.277s] Level 1:colcon.colcon_core.package_identification:_identify(picoW/pico-PlatformIO/src) by extensions ['colcon_meta']
[0.277s] Level 1:colcon.colcon_core.package_identification:_identify(picoW/pico-PlatformIO/src) by extension 'colcon_meta'
[0.277s] Level 1:colcon.colcon_core.package_identification:_identify(picoW/pico-PlatformIO/src) by extensions ['ros']
[0.278s] Level 1:colcon.colcon_core.package_identification:_identify(picoW/pico-PlatformIO/src) by extension 'ros'
[0.278s] Level 1:colcon.colcon_core.package_identification:_identify(picoW/pico-PlatformIO/src) by extensions ['cmake', 'python']
[0.278s] Level 1:colcon.colcon_core.package_identification:_identify(picoW/pico-PlatformIO/src) by extension 'cmake'
[0.278s] Level 1:colcon.colcon_core.package_identification:_identify(picoW/pico-PlatformIO/src) by extension 'python'
[0.278s] Level 1:colcon.colcon_core.package_identification:_identify(picoW/pico-PlatformIO/src) by extensions ['python_setup_py']
[0.278s] Level 1:colcon.colcon_core.package_identification:_identify(picoW/pico-PlatformIO/src) by extension 'python_setup_py'
[0.278s] Level 1:colcon.colcon_core.package_identification:_identify(picoW/pico-PlatformIO/test) by extensions ['ignore', 'ignore_ament_install']
[0.278s] Level 1:colcon.colcon_core.package_identification:_identify(picoW/pico-PlatformIO/test) by extension 'ignore'
[0.278s] Level 1:colcon.colcon_core.package_identification:_identify(picoW/pico-PlatformIO/test) by extension 'ignore_ament_install'
[0.278s] Level 1:colcon.colcon_core.package_identification:_identify(picoW/pico-PlatformIO/test) by extensions ['colcon_pkg']
[0.278s] Level 1:colcon.colcon_core.package_identification:_identify(picoW/pico-PlatformIO/test) by extension 'colcon_pkg'
[0.278s] Level 1:colcon.colcon_core.package_identification:_identify(picoW/pico-PlatformIO/test) by extensions ['colcon_meta']
[0.278s] Level 1:colcon.colcon_core.package_identification:_identify(picoW/pico-PlatformIO/test) by extension 'colcon_meta'
[0.278s] Level 1:colcon.colcon_core.package_identification:_identify(picoW/pico-PlatformIO/test) by extensions ['ros']
[0.278s] Level 1:colcon.colcon_core.package_identification:_identify(picoW/pico-PlatformIO/test) by extension 'ros'
[0.278s] Level 1:colcon.colcon_core.package_identification:_identify(picoW/pico-PlatformIO/test) by extensions ['cmake', 'python']
[0.278s] Level 1:colcon.colcon_core.package_identification:_identify(picoW/pico-PlatformIO/test) by extension 'cmake'
[0.278s] Level 1:colcon.colcon_core.package_identification:_identify(picoW/pico-PlatformIO/test) by extension 'python'
[0.278s] Level 1:colcon.colcon_core.package_identification:_identify(picoW/pico-PlatformIO/test) by extensions ['python_setup_py']
[0.278s] Level 1:colcon.colcon_core.package_identification:_identify(picoW/pico-PlatformIO/test) by extension 'python_setup_py'
[0.279s] Level 1:colcon.colcon_core.package_identification:_identify(picoW/pico-arduinoIDE) by extensions ['ignore', 'ignore_ament_install']
[0.279s] Level 1:colcon.colcon_core.package_identification:_identify(picoW/pico-arduinoIDE) by extension 'ignore'
[0.279s] Level 1:colcon.colcon_core.package_identification:_identify(picoW/pico-arduinoIDE) by extension 'ignore_ament_install'
[0.279s] Level 1:colcon.colcon_core.package_identification:_identify(picoW/pico-arduinoIDE) by extensions ['colcon_pkg']
[0.279s] Level 1:colcon.colcon_core.package_identification:_identify(picoW/pico-arduinoIDE) by extension 'colcon_pkg'
[0.279s] Level 1:colcon.colcon_core.package_identification:_identify(picoW/pico-arduinoIDE) by extensions ['colcon_meta']
[0.279s] Level 1:colcon.colcon_core.package_identification:_identify(picoW/pico-arduinoIDE) by extension 'colcon_meta'
[0.279s] Level 1:colcon.colcon_core.package_identification:_identify(picoW/pico-arduinoIDE) by extensions ['ros']
[0.279s] Level 1:colcon.colcon_core.package_identification:_identify(picoW/pico-arduinoIDE) by extension 'ros'
[0.279s] Level 1:colcon.colcon_core.package_identification:_identify(picoW/pico-arduinoIDE) by extensions ['cmake', 'python']
[0.279s] Level 1:colcon.colcon_core.package_identification:_identify(picoW/pico-arduinoIDE) by extension 'cmake'
[0.279s] Level 1:colcon.colcon_core.package_identification:_identify(picoW/pico-arduinoIDE) by extension 'python'
[0.279s] Level 1:colcon.colcon_core.package_identification:_identify(picoW/pico-arduinoIDE) by extensions ['python_setup_py']
[0.279s] Level 1:colcon.colcon_core.package_identification:_identify(picoW/pico-arduinoIDE) by extension 'python_setup_py'
[0.279s] Level 1:colcon.colcon_core.package_identification:_identify(picoW/pico-arduinoIDE/picoW-robot-master) by extensions ['ignore', 'ignore_ament_install']
[0.279s] Level 1:colcon.colcon_core.package_identification:_identify(picoW/pico-arduinoIDE/picoW-robot-master) by extension 'ignore'
[0.279s] Level 1:colcon.colcon_core.package_identification:_identify(picoW/pico-arduinoIDE/picoW-robot-master) by extension 'ignore_ament_install'
[0.279s] Level 1:colcon.colcon_core.package_identification:_identify(picoW/pico-arduinoIDE/picoW-robot-master) by extensions ['colcon_pkg']
[0.279s] Level 1:colcon.colcon_core.package_identification:_identify(picoW/pico-arduinoIDE/picoW-robot-master) by extension 'colcon_pkg'
[0.280s] Level 1:colcon.colcon_core.package_identification:_identify(picoW/pico-arduinoIDE/picoW-robot-master) by extensions ['colcon_meta']
[0.280s] Level 1:colcon.colcon_core.package_identification:_identify(picoW/pico-arduinoIDE/picoW-robot-master) by extension 'colcon_meta'
[0.280s] Level 1:colcon.colcon_core.package_identification:_identify(picoW/pico-arduinoIDE/picoW-robot-master) by extensions ['ros']
[0.280s] Level 1:colcon.colcon_core.package_identification:_identify(picoW/pico-arduinoIDE/picoW-robot-master) by extension 'ros'
[0.280s] Level 1:colcon.colcon_core.package_identification:_identify(picoW/pico-arduinoIDE/picoW-robot-master) by extensions ['cmake', 'python']
[0.280s] Level 1:colcon.colcon_core.package_identification:_identify(picoW/pico-arduinoIDE/picoW-robot-master) by extension 'cmake'
[0.280s] Level 1:colcon.colcon_core.package_identification:_identify(picoW/pico-arduinoIDE/picoW-robot-master) by extension 'python'
[0.280s] Level 1:colcon.colcon_core.package_identification:_identify(picoW/pico-arduinoIDE/picoW-robot-master) by extensions ['python_setup_py']
[0.280s] Level 1:colcon.colcon_core.package_identification:_identify(picoW/pico-arduinoIDE/picoW-robot-master) by extension 'python_setup_py'
[0.280s] Level 1:colcon.colcon_core.package_identification:_identify(picoW/pico-mupython) by extensions ['ignore', 'ignore_ament_install']
[0.280s] Level 1:colcon.colcon_core.package_identification:_identify(picoW/pico-mupython) by extension 'ignore'
[0.280s] Level 1:colcon.colcon_core.package_identification:_identify(picoW/pico-mupython) by extension 'ignore_ament_install'
[0.280s] Level 1:colcon.colcon_core.package_identification:_identify(picoW/pico-mupython) by extensions ['colcon_pkg']
[0.280s] Level 1:colcon.colcon_core.package_identification:_identify(picoW/pico-mupython) by extension 'colcon_pkg'
[0.280s] Level 1:colcon.colcon_core.package_identification:_identify(picoW/pico-mupython) by extensions ['colcon_meta']
[0.280s] Level 1:colcon.colcon_core.package_identification:_identify(picoW/pico-mupython) by extension 'colcon_meta'
[0.280s] Level 1:colcon.colcon_core.package_identification:_identify(picoW/pico-mupython) by extensions ['ros']
[0.280s] Level 1:colcon.colcon_core.package_identification:_identify(picoW/pico-mupython) by extension 'ros'
[0.280s] Level 1:colcon.colcon_core.package_identification:_identify(picoW/pico-mupython) by extensions ['cmake', 'python']
[0.280s] Level 1:colcon.colcon_core.package_identification:_identify(picoW/pico-mupython) by extension 'cmake'
[0.280s] Level 1:colcon.colcon_core.package_identification:_identify(picoW/pico-mupython) by extension 'python'
[0.281s] Level 1:colcon.colcon_core.package_identification:_identify(picoW/pico-mupython) by extensions ['python_setup_py']
[0.281s] Level 1:colcon.colcon_core.package_identification:_identify(picoW/pico-mupython) by extension 'python_setup_py'
[0.281s] Level 1:colcon.colcon_core.package_identification:_identify(robot_msgs) by extensions ['ignore', 'ignore_ament_install']
[0.281s] Level 1:colcon.colcon_core.package_identification:_identify(robot_msgs) by extension 'ignore'
[0.281s] Level 1:colcon.colcon_core.package_identification:_identify(robot_msgs) by extension 'ignore_ament_install'
[0.281s] Level 1:colcon.colcon_core.package_identification:_identify(robot_msgs) by extensions ['colcon_pkg']
[0.281s] Level 1:colcon.colcon_core.package_identification:_identify(robot_msgs) by extension 'colcon_pkg'
[0.281s] Level 1:colcon.colcon_core.package_identification:_identify(robot_msgs) by extensions ['colcon_meta']
[0.281s] Level 1:colcon.colcon_core.package_identification:_identify(robot_msgs) by extension 'colcon_meta'
[0.281s] Level 1:colcon.colcon_core.package_identification:_identify(robot_msgs) by extensions ['ros']
[0.281s] Level 1:colcon.colcon_core.package_identification:_identify(robot_msgs) by extension 'ros'
[0.281s] Level 1:colcon.colcon_core.package_identification:_identify(robot_msgs) by extensions ['cmake', 'python']
[0.281s] Level 1:colcon.colcon_core.package_identification:_identify(robot_msgs) by extension 'cmake'
[0.281s] Level 1:colcon.colcon_core.package_identification:_identify(robot_msgs) by extension 'python'
[0.281s] Level 1:colcon.colcon_core.package_identification:_identify(robot_msgs) by extensions ['python_setup_py']
[0.281s] Level 1:colcon.colcon_core.package_identification:_identify(robot_msgs) by extension 'python_setup_py'
[0.281s] Level 1:colcon.colcon_core.package_identification:_identify(robot_msgs/msg) by extensions ['ignore', 'ignore_ament_install']
[0.281s] Level 1:colcon.colcon_core.package_identification:_identify(robot_msgs/msg) by extension 'ignore'
[0.281s] Level 1:colcon.colcon_core.package_identification:_identify(robot_msgs/msg) by extension 'ignore_ament_install'
[0.282s] Level 1:colcon.colcon_core.package_identification:_identify(robot_msgs/msg) by extensions ['colcon_pkg']
[0.282s] Level 1:colcon.colcon_core.package_identification:_identify(robot_msgs/msg) by extension 'colcon_pkg'
[0.282s] Level 1:colcon.colcon_core.package_identification:_identify(robot_msgs/msg) by extensions ['colcon_meta']
[0.282s] Level 1:colcon.colcon_core.package_identification:_identify(robot_msgs/msg) by extension 'colcon_meta'
[0.282s] Level 1:colcon.colcon_core.package_identification:_identify(robot_msgs/msg) by extensions ['ros']
[0.282s] Level 1:colcon.colcon_core.package_identification:_identify(robot_msgs/msg) by extension 'ros'
[0.282s] Level 1:colcon.colcon_core.package_identification:_identify(robot_msgs/msg) by extensions ['cmake', 'python']
[0.282s] Level 1:colcon.colcon_core.package_identification:_identify(robot_msgs/msg) by extension 'cmake'
[0.282s] Level 1:colcon.colcon_core.package_identification:_identify(robot_msgs/msg) by extension 'python'
[0.282s] Level 1:colcon.colcon_core.package_identification:_identify(robot_msgs/msg) by extensions ['python_setup_py']
[0.282s] Level 1:colcon.colcon_core.package_identification:_identify(robot_msgs/msg) by extension 'python_setup_py'
[0.282s] Level 1:colcon.colcon_core.package_discovery:discover_packages(recursive) using defaults
[0.282s] Level 1:colcon.colcon_core.package_discovery:discover_packages(ignore) discover
[0.282s] Level 1:colcon.colcon_core.package_discovery:discover_packages(ignore) using defaults
[0.282s] Level 1:colcon.colcon_core.package_discovery:discover_packages(path) discover
[0.282s] Level 1:colcon.colcon_core.package_discovery:discover_packages(path) using defaults
[0.306s] Level 1:colcon.colcon_core.package_discovery:discover_packages(prefix_path) check parameters
[0.306s] Level 1:colcon.colcon_core.package_discovery:discover_packages(prefix_path) discover
[0.310s] DEBUG:colcon.colcon_installed_package_information.package_discovery:Found 289 installed packages in /opt/ros/kilted
[0.312s] Level 1:colcon.colcon_core.package_discovery:discover_packages(prefix_path) using defaults
[0.371s] Level 5:colcon.colcon_core.verb:set package 'pi_camera_node' build argument 'cmake_args' from command line to 'None'
[0.371s] Level 5:colcon.colcon_core.verb:set package 'pi_camera_node' build argument 'cmake_target' from command line to 'None'
[0.371s] Level 5:colcon.colcon_core.verb:set package 'pi_camera_node' build argument 'cmake_target_skip_unavailable' from command line to 'False'
[0.371s] Level 5:colcon.colcon_core.verb:set package 'pi_camera_node' build argument 'cmake_clean_cache' from command line to 'False'
[0.371s] Level 5:colcon.colcon_core.verb:set package 'pi_camera_node' build argument 'cmake_clean_first' from command line to 'False'
[0.371s] Level 5:colcon.colcon_core.verb:set package 'pi_camera_node' build argument 'cmake_force_configure' from command line to 'False'
[0.371s] Level 5:colcon.colcon_core.verb:set package 'pi_camera_node' build argument 'ament_cmake_args' from command line to 'None'
[0.371s] Level 5:colcon.colcon_core.verb:set package 'pi_camera_node' build argument 'catkin_cmake_args' from command line to 'None'
[0.371s] Level 5:colcon.colcon_core.verb:set package 'pi_camera_node' build argument 'catkin_skip_building_tests' from command line to 'False'
[0.371s] DEBUG:colcon.colcon_core.verb:Building package 'pi_camera_node' with the following arguments: {'ament_cmake_args': None, 'build_base': '/home/jaygee/PicoWCar/src/build/pi_camera_node', 'catkin_cmake_args': None, 'catkin_skip_building_tests': False, 'cmake_args': None, 'cmake_clean_cache': False, 'cmake_clean_first': False, 'cmake_force_configure': False, 'cmake_target': None, 'cmake_target_skip_unavailable': False, 'install_base': '/home/jaygee/PicoWCar/src/install/pi_camera_node', 'merge_install': False, 'path': '/home/jaygee/PicoWCar/src/pi5_pkg/pi_camera_node', 'symlink_install': False, 'test_result_base': None}
[0.371s] Level 5:colcon.colcon_core.verb:set package 'pico_control_node' build argument 'cmake_args' from command line to 'None'
[0.371s] Level 5:colcon.colcon_core.verb:set package 'pico_control_node' build argument 'cmake_target' from command line to 'None'
[0.371s] Level 5:colcon.colcon_core.verb:set package 'pico_control_node' build argument 'cmake_target_skip_unavailable' from command line to 'False'
[0.371s] Level 5:colcon.colcon_core.verb:set package 'pico_control_node' build argument 'cmake_clean_cache' from command line to 'False'
[0.371s] Level 5:colcon.colcon_core.verb:set package 'pico_control_node' build argument 'cmake_clean_first' from command line to 'False'
[0.371s] Level 5:colcon.colcon_core.verb:set package 'pico_control_node' build argument 'cmake_force_configure' from command line to 'False'
[0.371s] Level 5:colcon.colcon_core.verb:set package 'pico_control_node' build argument 'ament_cmake_args' from command line to 'None'
[0.372s] Level 5:colcon.colcon_core.verb:set package 'pico_control_node' build argument 'catkin_cmake_args' from command line to 'None'
[0.372s] Level 5:colcon.colcon_core.verb:set package 'pico_control_node' build argument 'catkin_skip_building_tests' from command line to 'False'
[0.372s] DEBUG:colcon.colcon_core.verb:Building package 'pico_control_node' with the following arguments: {'ament_cmake_args': None, 'build_base': '/home/jaygee/PicoWCar/src/build/pico_control_node', 'catkin_cmake_args': None, 'catkin_skip_building_tests': False, 'cmake_args': None, 'cmake_clean_cache': False, 'cmake_clean_first': False, 'cmake_force_configure': False, 'cmake_target': None, 'cmake_target_skip_unavailable': False, 'install_base': '/home/jaygee/PicoWCar/src/install/pico_control_node', 'merge_install': False, 'path': '/home/jaygee/PicoWCar/src/pi5_pkg/pico_control_node', 'symlink_install': False, 'test_result_base': None}
[0.372s] Level 5:colcon.colcon_core.verb:set package 'pico_sensors_node' build argument 'cmake_args' from command line to 'None'
[0.372s] Level 5:colcon.colcon_core.verb:set package 'pico_sensors_node' build argument 'cmake_target' from command line to 'None'
[0.372s] Level 5:colcon.colcon_core.verb:set package 'pico_sensors_node' build argument 'cmake_target_skip_unavailable' from command line to 'False'
[0.372s] Level 5:colcon.colcon_core.verb:set package 'pico_sensors_node' build argument 'cmake_clean_cache' from command line to 'False'
[0.372s] Level 5:colcon.colcon_core.verb:set package 'pico_sensors_node' build argument 'cmake_clean_first' from command line to 'False'
[0.372s] Level 5:colcon.colcon_core.verb:set package 'pico_sensors_node' build argument 'cmake_force_configure' from command line to 'False'
[0.372s] Level 5:colcon.colcon_core.verb:set package 'pico_sensors_node' build argument 'ament_cmake_args' from command line to 'None'
[0.372s] Level 5:colcon.colcon_core.verb:set package 'pico_sensors_node' build argument 'catkin_cmake_args' from command line to 'None'
[0.372s] Level 5:colcon.colcon_core.verb:set package 'pico_sensors_node' build argument 'catkin_skip_building_tests' from command line to 'False'
[0.372s] DEBUG:colcon.colcon_core.verb:Building package 'pico_sensors_node' with the following arguments: {'ament_cmake_args': None, 'build_base': '/home/jaygee/PicoWCar/src/build/pico_sensors_node', 'catkin_cmake_args': None, 'catkin_skip_building_tests': False, 'cmake_args': None, 'cmake_clean_cache': False, 'cmake_clean_first': False, 'cmake_force_configure': False, 'cmake_target': None, 'cmake_target_skip_unavailable': False, 'install_base': '/home/jaygee/PicoWCar/src/install/pico_sensors_node', 'merge_install': False, 'path': '/home/jaygee/PicoWCar/src/pi5_pkg/pico_sensors_node', 'symlink_install': False, 'test_result_base': None}
[0.372s] Level 5:colcon.colcon_core.verb:set package 'smolvla_node' build argument 'cmake_args' from command line to 'None'
[0.373s] Level 5:colcon.colcon_core.verb:set package 'smolvla_node' build argument 'cmake_target' from command line to 'None'
[0.373s] Level 5:colcon.colcon_core.verb:set package 'smolvla_node' build argument 'cmake_target_skip_unavailable' from command line to 'False'
[0.373s] Level 5:colcon.colcon_core.verb:set package 'smolvla_node' build argument 'cmake_clean_cache' from command line to 'False'
[0.373s] Level 5:colcon.colcon_core.verb:set package 'smolvla_node' build argument 'cmake_clean_first' from command line to 'False'
[0.373s] Level 5:colcon.colcon_core.verb:set package 'smolvla_node' build argument 'cmake_force_configure' from command line to 'False'
[0.373s] Level 5:colcon.colcon_core.verb:set package 'smolvla_node' build argument 'ament_cmake_args' from command line to 'None'
[0.373s] Level 5:colcon.colcon_core.verb:set package 'smolvla_node' build argument 'catkin_cmake_args' from command line to 'None'
[0.373s] Level 5:colcon.colcon_core.verb:set package 'smolvla_node' build argument 'catkin_skip_building_tests' from command line to 'False'
[0.373s] DEBUG:colcon.colcon_core.verb:Building package 'smolvla_node' with the following arguments: {'ament_cmake_args': None, 'build_base': '/home/jaygee/PicoWCar/src/build/smolvla_node', 'catkin_cmake_args': None, 'catkin_skip_building_tests': False, 'cmake_args': None, 'cmake_clean_cache': False, 'cmake_clean_first': False, 'cmake_force_configure': False, 'cmake_target': None, 'cmake_target_skip_unavailable': False, 'install_base': '/home/jaygee/PicoWCar/src/install/smolvla_node', 'merge_install': False, 'path': '/home/jaygee/PicoWCar/src/pi5_pkg/smolvla_node', 'symlink_install': False, 'test_result_base': None}
[0.373s] Level 5:colcon.colcon_core.verb:set package 'webserver_node' build argument 'cmake_args' from command line to 'None'
[0.373s] Level 5:colcon.colcon_core.verb:set package 'webserver_node' build argument 'cmake_target' from command line to 'None'
[0.373s] Level 5:colcon.colcon_core.verb:set package 'webserver_node' build argument 'cmake_target_skip_unavailable' from command line to 'False'
[0.373s] Level 5:colcon.colcon_core.verb:set package 'webserver_node' build argument 'cmake_clean_cache' from command line to 'False'
[0.373s] Level 5:colcon.colcon_core.verb:set package 'webserver_node' build argument 'cmake_clean_first' from command line to 'False'
[0.373s] Level 5:colcon.colcon_core.verb:set package 'webserver_node' build argument 'cmake_force_configure' from command line to 'False'
[0.373s] Level 5:colcon.colcon_core.verb:set package 'webserver_node' build argument 'ament_cmake_args' from command line to 'None'
[0.373s] Level 5:colcon.colcon_core.verb:set package 'webserver_node' build argument 'catkin_cmake_args' from command line to 'None'
[0.373s] Level 5:colcon.colcon_core.verb:set package 'webserver_node' build argument 'catkin_skip_building_tests' from command line to 'False'
[0.373s] DEBUG:colcon.colcon_core.verb:Building package 'webserver_node' with the following arguments: {'ament_cmake_args': None, 'build_base': '/home/jaygee/PicoWCar/src/build/webserver_node', 'catkin_cmake_args': None, 'catkin_skip_building_tests': False, 'cmake_args': None, 'cmake_clean_cache': False, 'cmake_clean_first': False, 'cmake_force_configure': False, 'cmake_target': None, 'cmake_target_skip_unavailable': False, 'install_base': '/home/jaygee/PicoWCar/src/install/webserver_node', 'merge_install': False, 'path': '/home/jaygee/PicoWCar/src/pi5_pkg/webserver_node', 'symlink_install': False, 'test_result_base': None}
[0.373s] INFO:colcon.colcon_core.executor:Executing jobs using 'parallel' executor
[0.375s] DEBUG:colcon.colcon_parallel_executor.executor.parallel:run_until_complete
[0.375s] INFO:colcon.colcon_ros.task.ament_python.build:Building ROS package in '/home/jaygee/PicoWCar/src/pi5_pkg/pi_camera_node' with build type 'ament_python'
[0.375s] Level 1:colcon.colcon_core.shell:create_environment_hook('pi_camera_node', 'ament_prefix_path')
[0.380s] INFO:colcon.colcon_core.plugin_system:Skipping extension 'colcon_core.shell.bat': Not used on non-Windows systems
[0.380s] INFO:colcon.colcon_core.shell:Creating environment hook '/home/jaygee/PicoWCar/src/install/pi_camera_node/share/pi_camera_node/hook/ament_prefix_path.ps1'
[0.382s] INFO:colcon.colcon_core.shell:Creating environment descriptor '/home/jaygee/PicoWCar/src/install/pi_camera_node/share/pi_camera_node/hook/ament_prefix_path.dsv'
[0.383s] INFO:colcon.colcon_core.shell:Creating environment hook '/home/jaygee/PicoWCar/src/install/pi_camera_node/share/pi_camera_node/hook/ament_prefix_path.sh'
[0.384s] INFO:colcon.colcon_core.shell:Skip shell extension 'powershell' for command environment: Not usable outside of PowerShell
[0.384s] DEBUG:colcon.colcon_core.shell:Skip shell extension 'dsv' for command environment
[0.388s] INFO:colcon.colcon_ros.task.ament_python.build:Building ROS package in '/home/jaygee/PicoWCar/src/pi5_pkg/pico_control_node' with build type 'ament_python'
[0.388s] Level 1:colcon.colcon_core.shell:create_environment_hook('pico_control_node', 'ament_prefix_path')
[0.388s] INFO:colcon.colcon_core.shell:Creating environment hook '/home/jaygee/PicoWCar/src/install/pico_control_node/share/pico_control_node/hook/ament_prefix_path.ps1'
[0.389s] INFO:colcon.colcon_core.shell:Creating environment descriptor '/home/jaygee/PicoWCar/src/install/pico_control_node/share/pico_control_node/hook/ament_prefix_path.dsv'
[0.390s] INFO:colcon.colcon_core.shell:Creating environment hook '/home/jaygee/PicoWCar/src/install/pico_control_node/share/pico_control_node/hook/ament_prefix_path.sh'
[0.391s] INFO:colcon.colcon_core.shell:Skip shell extension 'powershell' for command environment: Not usable outside of PowerShell
[0.391s] DEBUG:colcon.colcon_core.shell:Skip shell extension 'dsv' for command environment
[0.398s] INFO:colcon.colcon_ros.task.ament_python.build:Building ROS package in '/home/jaygee/PicoWCar/src/pi5_pkg/pico_sensors_node' with build type 'ament_python'
[0.398s] Level 1:colcon.colcon_core.shell:create_environment_hook('pico_sensors_node', 'ament_prefix_path')
[0.399s] INFO:colcon.colcon_core.shell:Creating environment hook '/home/jaygee/PicoWCar/src/install/pico_sensors_node/share/pico_sensors_node/hook/ament_prefix_path.ps1'
[0.403s] INFO:colcon.colcon_core.shell:Creating environment descriptor '/home/jaygee/PicoWCar/src/install/pico_sensors_node/share/pico_sensors_node/hook/ament_prefix_path.dsv'
[0.404s] INFO:colcon.colcon_core.shell:Creating environment hook '/home/jaygee/PicoWCar/src/install/pico_sensors_node/share/pico_sensors_node/hook/ament_prefix_path.sh'
[0.406s] INFO:colcon.colcon_core.shell:Skip shell extension 'powershell' for command environment: Not usable outside of PowerShell
[0.406s] DEBUG:colcon.colcon_core.shell:Skip shell extension 'dsv' for command environment
[0.412s] INFO:colcon.colcon_ros.task.ament_python.build:Building ROS package in '/home/jaygee/PicoWCar/src/pi5_pkg/smolvla_node' with build type 'ament_python'
[0.413s] Level 1:colcon.colcon_core.shell:create_environment_hook('smolvla_node', 'ament_prefix_path')
[0.413s] INFO:colcon.colcon_core.shell:Creating environment hook '/home/jaygee/PicoWCar/src/install/smolvla_node/share/smolvla_node/hook/ament_prefix_path.ps1'
[0.415s] INFO:colcon.colcon_core.shell:Creating environment descriptor '/home/jaygee/PicoWCar/src/install/smolvla_node/share/smolvla_node/hook/ament_prefix_path.dsv'
[0.415s] INFO:colcon.colcon_core.shell:Creating environment hook '/home/jaygee/PicoWCar/src/install/smolvla_node/share/smolvla_node/hook/ament_prefix_path.sh'
[0.416s] INFO:colcon.colcon_core.shell:Skip shell extension 'powershell' for command environment: Not usable outside of PowerShell
[0.416s] DEBUG:colcon.colcon_core.shell:Skip shell extension 'dsv' for command environment
[0.767s] INFO:colcon.colcon_core.task.python.build:Building Python package in '/home/jaygee/PicoWCar/src/pi5_pkg/pi_camera_node'
[0.767s] INFO:colcon.colcon_core.shell:Skip shell extension 'powershell' for command environment: Not usable outside of PowerShell
[0.767s] DEBUG:colcon.colcon_core.shell:Skip shell extension 'dsv' for command environment
[1.095s] INFO:colcon.colcon_core.task.python.build:Building Python package in '/home/jaygee/PicoWCar/src/pi5_pkg/pico_control_node'
[1.096s] INFO:colcon.colcon_core.shell:Skip shell extension 'powershell' for command environment: Not usable outside of PowerShell
[1.096s] DEBUG:colcon.colcon_core.shell:Skip shell extension 'dsv' for command environment
[1.427s] INFO:colcon.colcon_core.task.python.build:Building Python package in '/home/jaygee/PicoWCar/src/pi5_pkg/pico_sensors_node'
[1.428s] INFO:colcon.colcon_core.shell:Skip shell extension 'powershell' for command environment: Not usable outside of PowerShell
[1.428s] DEBUG:colcon.colcon_core.shell:Skip shell extension 'dsv' for command environment
[1.752s] INFO:colcon.colcon_core.task.python.build:Building Python package in '/home/jaygee/PicoWCar/src/pi5_pkg/smolvla_node'
[1.753s] INFO:colcon.colcon_core.shell:Skip shell extension 'powershell' for command environment: Not usable outside of PowerShell
[1.753s] DEBUG:colcon.colcon_core.shell:Skip shell extension 'dsv' for command environment
[2.962s] DEBUG:colcon.colcon_core.event_handler.log_command:Invoking command in '/home/jaygee/PicoWCar/src/pi5_pkg/pico_control_node': DEBUGINFOD_URLS=https://debuginfod.ubuntu.com PYTHONPATH=/home/jaygee/PicoWCar/src/build/pico_control_node/prefix_override:/usr/lib/python3/dist-packages/colcon_core/task/python/colcon_distutils_commands:/home/jaygee/PicoWCar/src/install/pico_control_node/lib/python3.12/site-packages:${PYTHONPATH} /usr/bin/python3 -W ignore:setup.py install is deprecated -W ignore:easy_install command is deprecated setup.py egg_info --egg-base ../../build/pico_control_node build --build-base /home/jaygee/PicoWCar/src/build/pico_control_node/build install --record /home/jaygee/PicoWCar/src/build/pico_control_node/install.log --single-version-externally-managed install_data
[2.976s] DEBUG:colcon.colcon_core.event_handler.log_command:Invoking command in '/home/jaygee/PicoWCar/src/pi5_pkg/pi_camera_node': DEBUGINFOD_URLS=https://debuginfod.ubuntu.com PYTHONPATH=/home/jaygee/PicoWCar/src/build/pi_camera_node/prefix_override:/usr/lib/python3/dist-packages/colcon_core/task/python/colcon_distutils_commands:/home/jaygee/PicoWCar/src/install/pi_camera_node/lib/python3.12/site-packages:${PYTHONPATH} /usr/bin/python3 -W ignore:setup.py install is deprecated -W ignore:easy_install command is deprecated setup.py egg_info --egg-base ../../build/pi_camera_node build --build-base /home/jaygee/PicoWCar/src/build/pi_camera_node/build install --record /home/jaygee/PicoWCar/src/build/pi_camera_node/install.log --single-version-externally-managed install_data
[3.056s] DEBUG:colcon.colcon_core.event_handler.log_command:Invoking command in '/home/jaygee/PicoWCar/src/pi5_pkg/smolvla_node': DEBUGINFOD_URLS=https://debuginfod.ubuntu.com PYTHONPATH=/home/jaygee/PicoWCar/src/build/smolvla_node/prefix_override:/usr/lib/python3/dist-packages/colcon_core/task/python/colcon_distutils_commands:/home/jaygee/PicoWCar/src/install/smolvla_node/lib/python3.12/site-packages:${PYTHONPATH} /usr/bin/python3 -W ignore:setup.py install is deprecated -W ignore:easy_install command is deprecated setup.py egg_info --egg-base ../../build/smolvla_node build --build-base /home/jaygee/PicoWCar/src/build/smolvla_node/build install --record /home/jaygee/PicoWCar/src/build/smolvla_node/install.log --single-version-externally-managed install_data
[3.266s] DEBUG:colcon.colcon_core.event_handler.log_command:Invoking command in '/home/jaygee/PicoWCar/src/pi5_pkg/pico_sensors_node': DEBUGINFOD_URLS=https://debuginfod.ubuntu.com PYTHONPATH=/home/jaygee/PicoWCar/src/build/pico_sensors_node/prefix_override:/usr/lib/python3/dist-packages/colcon_core/task/python/colcon_distutils_commands:/home/jaygee/PicoWCar/src/install/pico_sensors_node/lib/python3.12/site-packages:${PYTHONPATH} /usr/bin/python3 -W ignore:setup.py install is deprecated -W ignore:easy_install command is deprecated setup.py egg_info --egg-base ../../build/pico_sensors_node build --build-base /home/jaygee/PicoWCar/src/build/pico_sensors_node/build install --record /home/jaygee/PicoWCar/src/build/pico_sensors_node/install.log --single-version-externally-managed install_data
[4.081s] Level 1:colcon.colcon_core.environment:checking '/home/jaygee/PicoWCar/src/install/pi_camera_node' for CMake module files
[4.082s] DEBUG:colcon.colcon_core.event_handler.log_command:Invoked command in '/home/jaygee/PicoWCar/src/pi5_pkg/pi_camera_node' returned '0': DEBUGINFOD_URLS=https://debuginfod.ubuntu.com PYTHONPATH=/home/jaygee/PicoWCar/src/build/pi_camera_node/prefix_override:/usr/lib/python3/dist-packages/colcon_core/task/python/colcon_distutils_commands:/home/jaygee/PicoWCar/src/install/pi_camera_node/lib/python3.12/site-packages:${PYTHONPATH} /usr/bin/python3 -W ignore:setup.py install is deprecated -W ignore:easy_install command is deprecated setup.py egg_info --egg-base ../../build/pi_camera_node build --build-base /home/jaygee/PicoWCar/src/build/pi_camera_node/build install --record /home/jaygee/PicoWCar/src/build/pi_camera_node/install.log --single-version-externally-managed install_data
[4.083s] Level 1:colcon.colcon_core.environment:checking '/home/jaygee/PicoWCar/src/install/pi_camera_node' for CMake config files
[4.084s] Level 1:colcon.colcon_core.environment:checking '/home/jaygee/PicoWCar/src/install/pi_camera_node/lib'
[4.084s] Level 1:colcon.colcon_core.environment:checking '/home/jaygee/PicoWCar/src/install/pi_camera_node/bin'
[4.084s] Level 1:colcon.colcon_core.environment:checking '/home/jaygee/PicoWCar/src/install/pi_camera_node/lib/pkgconfig/pi_camera_node.pc'
[4.085s] Level 1:colcon.colcon_core.environment:checking '/home/jaygee/PicoWCar/src/install/pi_camera_node/lib/python3.12/site-packages'
[4.085s] Level 1:colcon.colcon_core.shell:create_environment_hook('pi_camera_node', 'pythonpath')
[4.085s] INFO:colcon.colcon_core.shell:Creating environment hook '/home/jaygee/PicoWCar/src/install/pi_camera_node/share/pi_camera_node/hook/pythonpath.ps1'
[4.086s] INFO:colcon.colcon_core.shell:Creating environment descriptor '/home/jaygee/PicoWCar/src/install/pi_camera_node/share/pi_camera_node/hook/pythonpath.dsv'
[4.087s] INFO:colcon.colcon_core.shell:Creating environment hook '/home/jaygee/PicoWCar/src/install/pi_camera_node/share/pi_camera_node/hook/pythonpath.sh'
[4.088s] Level 1:colcon.colcon_core.environment:checking '/home/jaygee/PicoWCar/src/install/pi_camera_node/bin'
[4.088s] Level 1:colcon.colcon_core.environment:create_environment_scripts_only(pi_camera_node)
[4.089s] INFO:colcon.colcon_core.shell:Creating package script '/home/jaygee/PicoWCar/src/install/pi_camera_node/share/pi_camera_node/package.ps1'
[4.091s] INFO:colcon.colcon_core.shell:Creating package descriptor '/home/jaygee/PicoWCar/src/install/pi_camera_node/share/pi_camera_node/package.dsv'
[4.092s] INFO:colcon.colcon_core.shell:Creating package script '/home/jaygee/PicoWCar/src/install/pi_camera_node/share/pi_camera_node/package.sh'
[4.095s] INFO:colcon.colcon_core.shell:Creating package script '/home/jaygee/PicoWCar/src/install/pi_camera_node/share/pi_camera_node/package.bash'
[4.096s] INFO:colcon.colcon_core.shell:Creating package script '/home/jaygee/PicoWCar/src/install/pi_camera_node/share/pi_camera_node/package.zsh'
[4.097s] Level 1:colcon.colcon_core.environment:create_file_with_runtime_dependencies(/home/jaygee/PicoWCar/src/install/pi_camera_node/share/colcon-core/packages/pi_camera_node)
[4.101s] INFO:colcon.colcon_ros.task.ament_python.build:Building ROS package in '/home/jaygee/PicoWCar/src/pi5_pkg/webserver_node' with build type 'ament_python'
[4.103s] Level 1:colcon.colcon_core.shell:create_environment_hook('webserver_node', 'ament_prefix_path')
[4.104s] INFO:colcon.colcon_core.shell:Creating environment hook '/home/jaygee/PicoWCar/src/install/webserver_node/share/webserver_node/hook/ament_prefix_path.ps1'
[4.109s] INFO:colcon.colcon_core.shell:Creating environment descriptor '/home/jaygee/PicoWCar/src/install/webserver_node/share/webserver_node/hook/ament_prefix_path.dsv'
[4.111s] INFO:colcon.colcon_core.shell:Creating environment hook '/home/jaygee/PicoWCar/src/install/webserver_node/share/webserver_node/hook/ament_prefix_path.sh'
[4.113s] INFO:colcon.colcon_core.shell:Skip shell extension 'powershell' for command environment: Not usable outside of PowerShell
[4.113s] DEBUG:colcon.colcon_core.shell:Skip shell extension 'dsv' for command environment
[4.589s] INFO:colcon.colcon_core.task.python.build:Building Python package in '/home/jaygee/PicoWCar/src/pi5_pkg/webserver_node'
[4.590s] INFO:colcon.colcon_core.shell:Skip shell extension 'powershell' for command environment: Not usable outside of PowerShell
[4.590s] DEBUG:colcon.colcon_core.shell:Skip shell extension 'dsv' for command environment
[4.595s] Level 1:colcon.colcon_core.environment:checking '/home/jaygee/PicoWCar/src/install/pico_control_node' for CMake module files
[4.595s] DEBUG:colcon.colcon_core.event_handler.log_command:Invoked command in '/home/jaygee/PicoWCar/src/pi5_pkg/pico_control_node' returned '0': DEBUGINFOD_URLS=https://debuginfod.ubuntu.com PYTHONPATH=/home/jaygee/PicoWCar/src/build/pico_control_node/prefix_override:/usr/lib/python3/dist-packages/colcon_core/task/python/colcon_distutils_commands:/home/jaygee/PicoWCar/src/install/pico_control_node/lib/python3.12/site-packages:${PYTHONPATH} /usr/bin/python3 -W ignore:setup.py install is deprecated -W ignore:easy_install command is deprecated setup.py egg_info --egg-base ../../build/pico_control_node build --build-base /home/jaygee/PicoWCar/src/build/pico_control_node/build install --record /home/jaygee/PicoWCar/src/build/pico_control_node/install.log --single-version-externally-managed install_data
[4.596s] Level 1:colcon.colcon_core.environment:checking '/home/jaygee/PicoWCar/src/install/pico_control_node' for CMake config files
[4.597s] Level 1:colcon.colcon_core.environment:checking '/home/jaygee/PicoWCar/src/install/pico_control_node/lib'
[4.597s] Level 1:colcon.colcon_core.environment:checking '/home/jaygee/PicoWCar/src/install/pico_control_node/bin'
[4.597s] Level 1:colcon.colcon_core.environment:checking '/home/jaygee/PicoWCar/src/install/pico_control_node/lib/pkgconfig/pico_control_node.pc'
[4.597s] Level 1:colcon.colcon_core.environment:checking '/home/jaygee/PicoWCar/src/install/pico_control_node/lib/python3.12/site-packages'
[4.598s] Level 1:colcon.colcon_core.shell:create_environment_hook('pico_control_node', 'pythonpath')
[4.598s] INFO:colcon.colcon_core.shell:Creating environment hook '/home/jaygee/PicoWCar/src/install/pico_control_node/share/pico_control_node/hook/pythonpath.ps1'
[4.598s] INFO:colcon.colcon_core.shell:Creating environment descriptor '/home/jaygee/PicoWCar/src/install/pico_control_node/share/pico_control_node/hook/pythonpath.dsv'
[4.599s] INFO:colcon.colcon_core.shell:Creating environment hook '/home/jaygee/PicoWCar/src/install/pico_control_node/share/pico_control_node/hook/pythonpath.sh'
[4.600s] Level 1:colcon.colcon_core.environment:checking '/home/jaygee/PicoWCar/src/install/pico_control_node/bin'
[4.600s] Level 1:colcon.colcon_core.environment:create_environment_scripts_only(pico_control_node)
[4.600s] INFO:colcon.colcon_core.shell:Creating package script '/home/jaygee/PicoWCar/src/install/pico_control_node/share/pico_control_node/package.ps1'
[4.601s] INFO:colcon.colcon_core.shell:Creating package descriptor '/home/jaygee/PicoWCar/src/install/pico_control_node/share/pico_control_node/package.dsv'
[4.601s] INFO:colcon.colcon_core.shell:Creating package script '/home/jaygee/PicoWCar/src/install/pico_control_node/share/pico_control_node/package.sh'
[4.602s] INFO:colcon.colcon_core.shell:Creating package script '/home/jaygee/PicoWCar/src/install/pico_control_node/share/pico_control_node/package.bash'
[4.602s] INFO:colcon.colcon_core.shell:Creating package script '/home/jaygee/PicoWCar/src/install/pico_control_node/share/pico_control_node/package.zsh'
[4.603s] Level 1:colcon.colcon_core.environment:create_file_with_runtime_dependencies(/home/jaygee/PicoWCar/src/install/pico_control_node/share/colcon-core/packages/pico_control_node)
[4.603s] Level 1:colcon.colcon_core.environment:checking '/home/jaygee/PicoWCar/src/install/smolvla_node' for CMake module files
[4.605s] Level 1:colcon.colcon_core.environment:checking '/home/jaygee/PicoWCar/src/install/smolvla_node' for CMake config files
[4.605s] DEBUG:colcon.colcon_core.event_handler.log_command:Invoked command in '/home/jaygee/PicoWCar/src/pi5_pkg/smolvla_node' returned '0': DEBUGINFOD_URLS=https://debuginfod.ubuntu.com PYTHONPATH=/home/jaygee/PicoWCar/src/build/smolvla_node/prefix_override:/usr/lib/python3/dist-packages/colcon_core/task/python/colcon_distutils_commands:/home/jaygee/PicoWCar/src/install/smolvla_node/lib/python3.12/site-packages:${PYTHONPATH} /usr/bin/python3 -W ignore:setup.py install is deprecated -W ignore:easy_install command is deprecated setup.py egg_info --egg-base ../../build/smolvla_node build --build-base /home/jaygee/PicoWCar/src/build/smolvla_node/build install --record /home/jaygee/PicoWCar/src/build/smolvla_node/install.log --single-version-externally-managed install_data
[4.606s] Level 1:colcon.colcon_core.environment:checking '/home/jaygee/PicoWCar/src/install/smolvla_node/lib'
[4.606s] Level 1:colcon.colcon_core.environment:checking '/home/jaygee/PicoWCar/src/install/smolvla_node/bin'
[4.606s] Level 1:colcon.colcon_core.environment:checking '/home/jaygee/PicoWCar/src/install/smolvla_node/lib/pkgconfig/smolvla_node.pc'
[4.607s] Level 1:colcon.colcon_core.environment:checking '/home/jaygee/PicoWCar/src/install/smolvla_node/lib/python3.12/site-packages'
[4.607s] Level 1:colcon.colcon_core.shell:create_environment_hook('smolvla_node', 'pythonpath')
[4.608s] INFO:colcon.colcon_core.shell:Creating environment hook '/home/jaygee/PicoWCar/src/install/smolvla_node/share/smolvla_node/hook/pythonpath.ps1'
[4.609s] INFO:colcon.colcon_core.shell:Creating environment descriptor '/home/jaygee/PicoWCar/src/install/smolvla_node/share/smolvla_node/hook/pythonpath.dsv'
[4.610s] INFO:colcon.colcon_core.shell:Creating environment hook '/home/jaygee/PicoWCar/src/install/smolvla_node/share/smolvla_node/hook/pythonpath.sh'
[4.611s] Level 1:colcon.colcon_core.environment:checking '/home/jaygee/PicoWCar/src/install/smolvla_node/bin'
[4.611s] Level 1:colcon.colcon_core.environment:create_environment_scripts_only(smolvla_node)
[4.612s] INFO:colcon.colcon_core.shell:Creating package script '/home/jaygee/PicoWCar/src/install/smolvla_node/share/smolvla_node/package.ps1'
[4.613s] INFO:colcon.colcon_core.shell:Creating package descriptor '/home/jaygee/PicoWCar/src/install/smolvla_node/share/smolvla_node/package.dsv'
[4.614s] INFO:colcon.colcon_core.shell:Creating package script '/home/jaygee/PicoWCar/src/install/smolvla_node/share/smolvla_node/package.sh'
[4.614s] INFO:colcon.colcon_core.shell:Creating package script '/home/jaygee/PicoWCar/src/install/smolvla_node/share/smolvla_node/package.bash'
[4.614s] INFO:colcon.colcon_core.shell:Creating package script '/home/jaygee/PicoWCar/src/install/smolvla_node/share/smolvla_node/package.zsh'
[4.615s] Level 1:colcon.colcon_core.environment:create_file_with_runtime_dependencies(/home/jaygee/PicoWCar/src/install/smolvla_node/share/colcon-core/packages/smolvla_node)
[4.615s] Level 1:colcon.colcon_core.environment:checking '/home/jaygee/PicoWCar/src/install/pico_sensors_node' for CMake module files
[4.617s] DEBUG:colcon.colcon_core.event_handler.log_command:Invoked command in '/home/jaygee/PicoWCar/src/pi5_pkg/pico_sensors_node' returned '0': DEBUGINFOD_URLS=https://debuginfod.ubuntu.com PYTHONPATH=/home/jaygee/PicoWCar/src/build/pico_sensors_node/prefix_override:/usr/lib/python3/dist-packages/colcon_core/task/python/colcon_distutils_commands:/home/jaygee/PicoWCar/src/install/pico_sensors_node/lib/python3.12/site-packages:${PYTHONPATH} /usr/bin/python3 -W ignore:setup.py install is deprecated -W ignore:easy_install command is deprecated setup.py egg_info --egg-base ../../build/pico_sensors_node build --build-base /home/jaygee/PicoWCar/src/build/pico_sensors_node/build install --record /home/jaygee/PicoWCar/src/build/pico_sensors_node/install.log --single-version-externally-managed install_data
[4.617s] Level 1:colcon.colcon_core.environment:checking '/home/jaygee/PicoWCar/src/install/pico_sensors_node' for CMake config files
[4.617s] Level 1:colcon.colcon_core.environment:checking '/home/jaygee/PicoWCar/src/install/pico_sensors_node/lib'
[4.617s] Level 1:colcon.colcon_core.environment:checking '/home/jaygee/PicoWCar/src/install/pico_sensors_node/bin'
[4.617s] Level 1:colcon.colcon_core.environment:checking '/home/jaygee/PicoWCar/src/install/pico_sensors_node/lib/pkgconfig/pico_sensors_node.pc'
[4.618s] Level 1:colcon.colcon_core.environment:checking '/home/jaygee/PicoWCar/src/install/pico_sensors_node/lib/python3.12/site-packages'
[4.618s] Level 1:colcon.colcon_core.shell:create_environment_hook('pico_sensors_node', 'pythonpath')
[4.618s] INFO:colcon.colcon_core.shell:Creating environment hook '/home/jaygee/PicoWCar/src/install/pico_sensors_node/share/pico_sensors_node/hook/pythonpath.ps1'
[4.619s] INFO:colcon.colcon_core.shell:Creating environment descriptor '/home/jaygee/PicoWCar/src/install/pico_sensors_node/share/pico_sensors_node/hook/pythonpath.dsv'
[4.619s] INFO:colcon.colcon_core.shell:Creating environment hook '/home/jaygee/PicoWCar/src/install/pico_sensors_node/share/pico_sensors_node/hook/pythonpath.sh'
[4.620s] Level 1:colcon.colcon_core.environment:checking '/home/jaygee/PicoWCar/src/install/pico_sensors_node/bin'
[4.620s] Level 1:colcon.colcon_core.environment:create_environment_scripts_only(pico_sensors_node)
[4.620s] INFO:colcon.colcon_core.shell:Creating package script '/home/jaygee/PicoWCar/src/install/pico_sensors_node/share/pico_sensors_node/package.ps1'
[4.621s] INFO:colcon.colcon_core.shell:Creating package descriptor '/home/jaygee/PicoWCar/src/install/pico_sensors_node/share/pico_sensors_node/package.dsv'
[4.621s] INFO:colcon.colcon_core.shell:Creating package script '/home/jaygee/PicoWCar/src/install/pico_sensors_node/share/pico_sensors_node/package.sh'
[4.622s] INFO:colcon.colcon_core.shell:Creating package script '/home/jaygee/PicoWCar/src/install/pico_sensors_node/share/pico_sensors_node/package.bash'
[4.622s] INFO:colcon.colcon_core.shell:Creating package script '/home/jaygee/PicoWCar/src/install/pico_sensors_node/share/pico_sensors_node/package.zsh'
[4.622s] Level 1:colcon.colcon_core.environment:create_file_with_runtime_dependencies(/home/jaygee/PicoWCar/src/install/pico_sensors_node/share/colcon-core/packages/pico_sensors_node)
[5.513s] DEBUG:colcon.colcon_core.event_handler.log_command:Invoking command in '/home/jaygee/PicoWCar/src/pi5_pkg/webserver_node': DEBUGINFOD_URLS=https://debuginfod.ubuntu.com PYTHONPATH=/home/jaygee/PicoWCar/src/build/webserver_node/prefix_override:/usr/lib/python3/dist-packages/colcon_core/task/python/colcon_distutils_commands:/home/jaygee/PicoWCar/src/install/webserver_node/lib/python3.12/site-packages:${PYTHONPATH} /usr/bin/python3 -W ignore:setup.py install is deprecated -W ignore:easy_install command is deprecated setup.py egg_info --egg-base ../../build/webserver_node build --build-base /home/jaygee/PicoWCar/src/build/webserver_node/build install --record /home/jaygee/PicoWCar/src/build/webserver_node/install.log --single-version-externally-managed install_data
[6.297s] Level 1:colcon.colcon_core.environment:checking '/home/jaygee/PicoWCar/src/install/webserver_node' for CMake module files
[6.297s] DEBUG:colcon.colcon_core.event_handler.log_command:Invoked command in '/home/jaygee/PicoWCar/src/pi5_pkg/webserver_node' returned '0': DEBUGINFOD_URLS=https://debuginfod.ubuntu.com PYTHONPATH=/home/jaygee/PicoWCar/src/build/webserver_node/prefix_override:/usr/lib/python3/dist-packages/colcon_core/task/python/colcon_distutils_commands:/home/jaygee/PicoWCar/src/install/webserver_node/lib/python3.12/site-packages:${PYTHONPATH} /usr/bin/python3 -W ignore:setup.py install is deprecated -W ignore:easy_install command is deprecated setup.py egg_info --egg-base ../../build/webserver_node build --build-base /home/jaygee/PicoWCar/src/build/webserver_node/build install --record /home/jaygee/PicoWCar/src/build/webserver_node/install.log --single-version-externally-managed install_data
[6.298s] Level 1:colcon.colcon_core.environment:checking '/home/jaygee/PicoWCar/src/install/webserver_node' for CMake config files
[6.298s] Level 1:colcon.colcon_core.environment:checking '/home/jaygee/PicoWCar/src/install/webserver_node/lib'
[6.299s] Level 1:colcon.colcon_core.environment:checking '/home/jaygee/PicoWCar/src/install/webserver_node/bin'
[6.299s] Level 1:colcon.colcon_core.environment:checking '/home/jaygee/PicoWCar/src/install/webserver_node/lib/pkgconfig/webserver_node.pc'
[6.299s] Level 1:colcon.colcon_core.environment:checking '/home/jaygee/PicoWCar/src/install/webserver_node/lib/python3.12/site-packages'
[6.299s] Level 1:colcon.colcon_core.shell:create_environment_hook('webserver_node', 'pythonpath')
[6.299s] INFO:colcon.colcon_core.shell:Creating environment hook '/home/jaygee/PicoWCar/src/install/webserver_node/share/webserver_node/hook/pythonpath.ps1'
[6.300s] INFO:colcon.colcon_core.shell:Creating environment descriptor '/home/jaygee/PicoWCar/src/install/webserver_node/share/webserver_node/hook/pythonpath.dsv'
[6.300s] INFO:colcon.colcon_core.shell:Creating environment hook '/home/jaygee/PicoWCar/src/install/webserver_node/share/webserver_node/hook/pythonpath.sh'
[6.301s] Level 1:colcon.colcon_core.environment:checking '/home/jaygee/PicoWCar/src/install/webserver_node/bin'
[6.301s] Level 1:colcon.colcon_core.environment:create_environment_scripts_only(webserver_node)
[6.301s] INFO:colcon.colcon_core.shell:Creating package script '/home/jaygee/PicoWCar/src/install/webserver_node/share/webserver_node/package.ps1'
[6.302s] INFO:colcon.colcon_core.shell:Creating package descriptor '/home/jaygee/PicoWCar/src/install/webserver_node/share/webserver_node/package.dsv'
[6.302s] INFO:colcon.colcon_core.shell:Creating package script '/home/jaygee/PicoWCar/src/install/webserver_node/share/webserver_node/package.sh'
[6.303s] INFO:colcon.colcon_core.shell:Creating package script '/home/jaygee/PicoWCar/src/install/webserver_node/share/webserver_node/package.bash'
[6.303s] INFO:colcon.colcon_core.shell:Creating package script '/home/jaygee/PicoWCar/src/install/webserver_node/share/webserver_node/package.zsh'
[6.303s] Level 1:colcon.colcon_core.environment:create_file_with_runtime_dependencies(/home/jaygee/PicoWCar/src/install/webserver_node/share/colcon-core/packages/webserver_node)
[6.304s] DEBUG:colcon.colcon_parallel_executor.executor.parallel:closing loop
[6.304s] DEBUG:colcon.colcon_parallel_executor.executor.parallel:loop closed
[6.304s] DEBUG:colcon.colcon_parallel_executor.executor.parallel:run_until_complete finished with '0'
[6.304s] DEBUG:colcon.colcon_core.event_reactor:joining thread
[6.316s] INFO:colcon.colcon_core.plugin_system:Skipping extension 'colcon_notification.desktop_notification.terminal_notifier': Not used on non-Darwin systems
[6.316s] INFO:colcon.colcon_core.plugin_system:Skipping extension 'colcon_notification.desktop_notification.win32': Not used on non-Windows systems
[6.316s] INFO:colcon.colcon_notification.desktop_notification:Sending desktop notification using 'notify2'
[6.323s] DEBUG:colcon.colcon_core.event_reactor:joined thread
[6.324s] INFO:colcon.colcon_core.shell:Creating prefix script '/home/jaygee/PicoWCar/src/install/local_setup.ps1'
[6.326s] INFO:colcon.colcon_core.shell:Creating prefix util module '/home/jaygee/PicoWCar/src/install/_local_setup_util_ps1.py'
[6.330s] INFO:colcon.colcon_core.shell:Creating prefix chain script '/home/jaygee/PicoWCar/src/install/setup.ps1'
[6.332s] INFO:colcon.colcon_core.shell:Creating prefix script '/home/jaygee/PicoWCar/src/install/local_setup.sh'
[6.334s] INFO:colcon.colcon_core.shell:Creating prefix util module '/home/jaygee/PicoWCar/src/install/_local_setup_util_sh.py'
[6.336s] INFO:colcon.colcon_core.shell:Creating prefix chain script '/home/jaygee/PicoWCar/src/install/setup.sh'
[6.338s] INFO:colcon.colcon_core.shell:Creating prefix script '/home/jaygee/PicoWCar/src/install/local_setup.bash'
[6.339s] INFO:colcon.colcon_core.shell:Creating prefix chain script '/home/jaygee/PicoWCar/src/install/setup.bash'
[6.340s] INFO:colcon.colcon_core.shell:Creating prefix script '/home/jaygee/PicoWCar/src/install/local_setup.zsh'
[6.341s] INFO:colcon.colcon_core.shell:Creating prefix chain script '/home/jaygee/PicoWCar/src/install/setup.zsh'
